"title","totalScore","reviewsCount","street","city","state","countryCode","website","phone","categories/0","categories/1","categories/2","categories/3","categories/4","categories/5","categories/6","categories/7","categories/8","categories/9","url","categoryName"
"SEKUMPUL WATERFALL OFFICIAL (POST 1)","4.5","867","Jalan Air Terjun Desa Sekumpul Kecamatan Sawan Kabupaten Buleleng","Kota Singaraja","Bali","ID",,"+62 812-3757-0524","Tujuan Wisata",,,,,,,,,,"https://www.google.com/maps/search/?api=1&query=SEKUMPUL%20WATERFALL%20OFFICIAL%20(POST%201)&query_place_id=ChIJ7yfO4n2P0S0RiKUeI1xVpyg","Tujuan Wisata"
"Tukad cepung waterfall","4.6","5087","Jl. Tembuku","Kabupaten Bangli","Bali","ID","https://linktr.ee/tukadcepungwaterfall","+62 878-6322-0041","Tujuan Wisata",,,,,,,,,,"https://www.google.com/maps/search/?api=1&query=Tukad%20cepung%20waterfall&query_place_id=ChIJQ6ocSKAb0i0RP1CIrkak0ws","Tujuan Wisata"
"Banyumala Waterfall","4.8","5301",,"Kabupaten Buleleng","Bali","ID",,"","Tujuan Wisata",,,,,,,,,,"https://www.google.com/maps/search/?api=1&query=Banyumala%20Waterfall&query_place_id=ChIJdegEep2P0S0RlyNNjuDZzE4","Tujuan Wisata"
"Suwat Waterfall","4.6","1911","Jl. Pura Dalem No.Desa","Kabupaten Gianyar","Bali","ID","https://suwatwaterfall.com/","+62 857-3904-6295","Tujuan Wisata",,,,,,,,,,"https://www.google.com/maps/search/?api=1&query=Suwat%20Waterfall&query_place_id=ChIJgxNvhqEX0i0R-6U9ogQJ_-k","Tujuan Wisata"
"Banyu Wana Amertha Waterfall","4.8","1430","Q4RG+229","Kabupaten Buleleng","Bali","ID",,"+62 822-4616-9096","Tujuan Wisata",,,,,,,,,,"https://www.google.com/maps/search/?api=1&query=Banyu%20Wana%20Amertha%20Waterfall&query_place_id=ChIJL6Q2CwqP0S0RRcaWKuRqTPY","Tujuan Wisata"
"Secret Waterfall","3.6","230","Jl. Raya Laplapan No.7","Kabupaten Gianyar","Bali","ID",,"","Tujuan Wisata",,,,,,,,,,"https://www.google.com/maps/search/?api=1&query=Secret%20Waterfall&query_place_id=ChIJ6xdeq8I90i0Rh5Dcmd4X0MY","Tujuan Wisata"
"Air Terjun Nungnung","4.8","939",,"Kabupaten Badung","Bali","ID",,"","Air Terjun",,,,,,,,,,"https://www.google.com/maps/search/?api=1&query=Air%20Terjun%20Nungnung&query_place_id=ChIJ4xDIw4Mg0i0RGOMipIV42Io","Air Terjun"
"Blahmantung Waterfall","4.7","186","PX2X+6H3","Kabupaten Tabanan","Bali","ID",,"","Tujuan Wisata",,,,,,,,,,"https://www.google.com/maps/search/?api=1&query=Blahmantung%20Waterfall&query_place_id=ChIJCaEpSAuH0S0RtyY9wJ0oVr8","Tujuan Wisata"
"Aan secret waterfall","4.7","485",,"Kabupaten Klungkung","Bali","ID",,"+62 857-9282-1748","Tujuan Wisata",,,,,,,,,,"https://www.google.com/maps/search/?api=1&query=Aan%20secret%20waterfall&query_place_id=ChIJGwy2RkwR0i0REpVO8_XJUNI","Tujuan Wisata"
"Air Terjun Manuaba","4.8","1666",,"Kabupaten Gianyar","Bali","ID",,"","Tujuan Wisata",,,,,,,,,,"https://www.google.com/maps/search/?api=1&query=Air%20Terjun%20Manuaba&query_place_id=ChIJH3iCz9cZ0i0R2xCtNwxvhO0","Tujuan Wisata"
"Goa Rang Reng Waterfall","4.7","1434","Jl. Goa Jl. Rang Reng","Kabupaten Gianyar","Bali","ID",,"+62 877-4401-3566","Tujuan Wisata",,,,,,,,,,"https://www.google.com/maps/search/?api=1&query=Goa%20Rang%20Reng%20Waterfall&query_place_id=ChIJv_tYCBIX0i0Rn_MGS2i_Kpc","Tujuan Wisata"
"Colek Pamor Waterfall","4.5","237","R43P+RH7","Kabupaten Buleleng","Bali","ID",,"","Taman","Tujuan Wisata",,,,,,,,,"https://www.google.com/maps/search/?api=1&query=Colek%20Pamor%20Waterfall&query_place_id=ChIJh0ClF7SP0S0RqrFjCagdNEY","Taman"
"Lateng kayu Waterfall","4.6","464",,"Kabupaten Gianyar","Bali","ID",,"+62 878-6095-8897","Tujuan Wisata",,,,,,,,,,"https://www.google.com/maps/search/?api=1&query=Lateng%20kayu%20Waterfall&query_place_id=ChIJp-dTCRMf0i0R0zepJIG49Fw","Tujuan Wisata"
"Gitgit Waterfall","4.3","3833","Jl. Raya Bedugul - Singaraja","Kabupaten Buleleng","Bali","ID","https://gitgitwaterfall.com/","","Tujuan Wisata",,,,,,,,,,"https://www.google.com/maps/search/?api=1&query=Gitgit%20Waterfall&query_place_id=ChIJ2bn7v86P0S0RQNlEPMKB6JU","Tujuan Wisata"
"Goa Rajo Waterfall","4.8","1139",,"Kabupaten Bangli","Bali","ID",,"+62 818-0811-6677","Tujuan Wisata",,,,,,,,,,"https://www.google.com/maps/search/?api=1&query=Goa%20Rajo%20Waterfall&query_place_id=ChIJGVkDVbEZ0i0RxvT3WMj3Pnk","Tujuan Wisata"
"Aling-Aling Waterfall","4.6","3868",,"Kabupaten Buleleng","Bali","ID","https://alingalingwaterfallnorthbali.com/","+62 877-6253-1292","Tujuan Wisata",,,,,,,,,,"https://www.google.com/maps/search/?api=1&query=Aling-Aling%20Waterfall&query_place_id=ChIJ8c9PQP2P0S0RNJMC6i4k8iQ","Tujuan Wisata"
"Air Terjun Leke Leke","4.5","3467","Kerobokan","Kabupaten Tabanan","Bali","ID",,"","Tujuan Wisata",,,,,,,,,,"https://www.google.com/maps/search/?api=1&query=Air%20Terjun%20Leke%20Leke&query_place_id=ChIJXfZP2tYg0i0RUaM-yoiFiXs","Tujuan Wisata"
"Krisik Waterfall","4.8","378","Jl. Watukaru","Kabupaten Bangli","Bali","ID","http://www.krisikwaterfall.go.id/","+62 878-6013-2664","Tujuan Wisata",,,,,,,,,,"https://www.google.com/maps/search/?api=1&query=Krisik%20Waterfall&query_place_id=ChIJ91_M5f8b0i0RnlfW3q3qCpM","Tujuan Wisata"
"Air Terjun Pengempu","4.2","812","G6J3+848, Jl. Seribupati","Kabupaten Tabanan","Bali","ID",,"","Tujuan Wisata",,,,,,,,,,"https://www.google.com/maps/search/?api=1&query=Air%20Terjun%20Pengempu&query_place_id=ChIJZ7s1gUIj0i0RpJe0WNaJmLw","Tujuan Wisata"
"Air Terjun Melanting","4.7","589","P3W7+55F, Jl. Air Terjun Melanting No.Desa","Kabupaten Buleleng","Bali","ID","https://www.vansurya.my.id/2022/03/wisata-air-terjun-melanting-desa-munduk.html","","Tujuan Wisata",,,,,,,,,,"https://www.google.com/maps/search/?api=1&query=Air%20Terjun%20Melanting&query_place_id=ChIJn8yk7HaG0S0RHG3kKWkmyEc","Tujuan Wisata"
"Balian Beach","4.5","782",,"Kabupaten Tabanan","Bali","ID","https://balian-beach.business.site/","+62 361 811602","Pantai",,,,,,,,,,"https://www.google.com/maps/search/?api=1&query=Balian%20Beach&query_place_id=ChIJDZj9WIgt0i0RkuwzYDeJATE","Pantai"
"Bungkulan Beach","4.4","25","Unnamed Road","Kabupaten Buleleng","Bali","ID",,"","Pantai",,,,,,,,,,"https://www.google.com/maps/search/?api=1&query=Bungkulan%20Beach&query_place_id=ChIJ-Sq20OiW0S0R9BEq-f_anos","Pantai"
"Pantai Lovina","4.3","372","R2PC+JMG, Jl. Raya Singaraja, Temukus, Kecamatan Buleleng","Kabupaten Buleleng","Bali","ID","http://www.balitravelhub.com/beaches/lovina-beach/","","Tujuan Wisata","Pantai Umum",,,,,,,,,"https://www.google.com/maps/search/?api=1&query=Pantai%20Lovina&query_place_id=ChIJr0vgWkGb0S0RcEtpJ0Ic_RI","Tujuan Wisata"
"SINGARAJA BEACH","5","57","Jl. Surapati No.11",,"Bali","ID","https://pantaibali.com/","+62 878-6554-9610","Klub pantai","Tujuan Wisata",,,,,,,,,"https://www.google.com/maps/search/?api=1&query=SINGARAJA%20BEACH&query_place_id=ChIJF-ovXwCb0S0RVox1Gf6d2yc","Klub pantai"
"Baruna Beach","4.5","2","V384+FHC","Kabupaten Buleleng","Bali","ID",,"","Paviliun Pantai",,,,,,,,,,"https://www.google.com/maps/search/?api=1&query=Baruna%20Beach&query_place_id=ChIJS0z-C_mb0S0RQoGw2BGPAhA","Paviliun Pantai"
"Pantai Kerobokan Singaraja","4.4","1081",,"Kabupaten Buleleng","Bali","ID",,"","Tujuan Wisata",,,,,,,,,,"https://www.google.com/maps/search/?api=1&query=Pantai%20Kerobokan%20Singaraja&query_place_id=ChIJv3XeGjiX0S0RkYueMvmwjHU","Tujuan Wisata"
"Villa Samudra, Luxury and Comfort Villa by Balian Beach - Three-Bedroom Villa","4.25","2",,"Kabupaten Tabanan","Bali","ID",,"","Vila","Persewaan liburan",,,,,,,,,"https://www.google.com/maps/search/?api=1&query=Villa%20Samudra%2C%20Luxury%20and%20Comfort%20Villa%20by%20Balian%20Beach%20-%20Three-Bedroom%20Villa&query_place_id=ChIJKWOc54gt0i0R9KNQ0HZgOW4","Vila"
"Budha Beach lovina kartika street","4.5","6","R2WH+683, Jl. Desa Kalibukbuk-Anturan","Kabupaten Buleleng","Bali","ID","http://www.007transportbali.com/","+62 877-6268-5129","Tujuan Wisata",,,,,,,,,,"https://www.google.com/maps/search/?api=1&query=Budha%20Beach%20lovina%20kartika%20street&query_place_id=ChIJkxt0O6ab0S0RnjH-FUGKGjo","Tujuan Wisata"
"Yangai beach","3.5","4",,"Kabupaten Buleleng","Bali","ID",,"","Tujuan Wisata",,,,,,,,,,"https://www.google.com/maps/search/?api=1&query=Yangai%20beach&query_place_id=ChIJ64WnKXSX0S0RiXACdD97z-I","Tujuan Wisata"
"Villa Cantik - Villa - Beach Front",,,,"Kabupaten Buleleng","Bali","ID","https://br.bluepillow.com/search/5a84fcdf7c00cb0e0429d106?dest=bkng&cat=Villa&lat=-8.18171&lng=114.97781&language=pt","","Penginapan","Persewaan liburan",,,,,,,,,"https://www.google.com/maps/search/?api=1&query=Villa%20Cantik%20-%20Villa%20-%20Beach%20Front&query_place_id=ChIJAa2zLbWc0S0Rsx3W62Abueo","Penginapan"
"Hidden Beach Giri Emas","4.1","19",,"Kabupaten Buleleng","Bali","ID",,"+62 878-6200-5345","Pantai",,,,,,,,,,"https://www.google.com/maps/search/?api=1&query=Hidden%20Beach%20Giri%20Emas&query_place_id=ChIJV_JKcTuX0S0RqJ5fQ7S6wpY","Pantai"
"Lovina Beach Club & Resort","4.4","1505","Jl. Seririt- Singaraja","Kabupaten Buleleng","Bali","ID","https://lovinabeachclubandresort.com/","+62 811-3891-1733","Hotel Resor",,,,,,,,,,"https://www.google.com/maps/search/?api=1&query=Lovina%20Beach%20Club%20%26%20Resort&query_place_id=ChIJ2cpSU_-a0S0RZDXxaXMqPH0","Hotel Resor"
"Villa Mathan - Villa - Beach Front",,,,"Kabupaten Buleleng","Bali","ID","https://www.freecancellations.com/search/F2giQ1NdGXAAXFIBVVhYTQ8KVx0yRFBH?lat=-8.08215&lng=115.12213&language=de","","Penginapan","Persewaan liburan",,,,,,,,,"https://www.google.com/maps/search/?api=1&query=Villa%20Mathan%20-%20Villa%20-%20Beach%20Front&query_place_id=ChIJldRnYDeX0S0RjUP9yQu1j9E","Penginapan"
"Villa Danison - Villa - Beach Front",,,,"Kabupaten Buleleng","Bali","ID",,"","Penginapan","Persewaan liburan",,,,,,,,,"https://www.google.com/maps/search/?api=1&query=Villa%20Danison%20-%20Villa%20-%20Beach%20Front&query_place_id=ChIJ5T9qg1Sd0S0RtU4CGUXKgYw","Penginapan"
"Pantai Lovina",,,,"Kabupaten Buleleng","Bali","ID",,"",,,,,,,,,,,"https://www.google.com/maps/search/?api=1&query=Pantai%20Lovina&query_place_id=ChIJq2UHzD2b0S0RUAdyDHdHbKs",
"Bali Lovina Beach Cottage","3.5","137","Jl. Raya Singaraja No.172","Kabupaten Buleleng","Bali","ID",,"+62 362 41285","Hotel",,,,,,,,,,"https://www.google.com/maps/search/?api=1&query=Bali%20Lovina%20Beach%20Cottage&query_place_id=ChIJ-0LEpT-b0S0RmlnVaXHa0x4","Hotel"
"Sea View Beach Estate","5","35","Jl. Kartika No.100","Kabupaten Buleleng","Bali","ID","https://palm-living.com/room/sea-view-beach-estate/","+62 821-4680-0076","Rumah berlibur",,,,,,,,,,"https://www.google.com/maps/search/?api=1&query=Sea%20View%20Beach%20Estate&query_place_id=ChIJodt2hseb0S0RNsIjvaosQck","Rumah berlibur"
"Blàck Stones Beach","4.2","6","W767+JPP, Jl. Klampis Semolo Timur XII","Kabupaten Buleleng","Bali","ID",,"","Tempat Acara Memancing",,,,,,,,,,"https://www.google.com/maps/search/?api=1&query=Bl%C3%A0ck%20Stones%20Beach&query_place_id=ChIJnxApPVyT0S0Rt5JRQVQaEss","Tempat Acara Memancing"
"Indah Singaraja Beach","5","1","V3J9+CPH, Pantai Indah Singaraja Jl. Pantai Indah","Kabupaten Buleleng","Bali","ID",,"","Tujuan Wisata",,,,,,,,,,"https://www.google.com/maps/search/?api=1&query=Indah%20Singaraja%20Beach&query_place_id=ChIJ_X1mEu-b0S0RO9isiB6Zh-I","Tujuan Wisata"
"Lovina beach ᬮᭀᬧᬶᬦ ᬩᬶᬢ᭄","4.5","2","Jl. Pantai Indah No.18","Kabupaten Buleleng","Bali","ID",,"","Paviliun Pantai",,,,,,,,,,"https://www.google.com/maps/search/?api=1&query=Lovina%20beach%20%E1%AC%AE%E1%AD%80%E1%AC%A7%E1%AC%B6%E1%AC%A6%20%E1%AC%A9%E1%AC%B6%E1%AC%A2%E1%AD%84&query_place_id=ChIJw8lQdEWb0S0RM8Hh4XkICKw","Paviliun Pantai"
"Danau Tamblingan","4.7","445",,"Kabupaten Buleleng","Bali","ID",,"","Danau",,,,,,,,,,"https://www.google.com/maps/search/?api=1&query=Danau%20Tamblingan&query_place_id=ChIJVcK95QKG0S0R1ZwrFDP9pyk","Danau"
"Danau Batur","4.6","930",,"Kabupaten Bangli","Bali","ID",,"","Danau",,,,,,,,,,"https://www.google.com/maps/search/?api=1&query=Danau%20Batur&query_place_id=ChIJrQz054D20S0RFAScqdVgV2A","Danau"
"Buyan Lake","4.6","118","Jl. Raya Wanagiri","Kabupaten Buleleng","Bali","ID","http://www.balitravelhub.com/attractions/lake-buyan/","+62 362 21342","Danau untuk Berenang","Tujuan Wisata",,,,,,,,,"https://www.google.com/maps/search/?api=1&query=Buyan%20Lake&query_place_id=ChIJMdMHVzeP0S0R-J95yrNSkgU","Danau untuk Berenang"
"Danau Tamblingan","4.5","872","Jl. Wisata Alam Danau Tamblingan","Kabupaten Buleleng","Bali","ID",,"","Tujuan Wisata",,,,,,,,,,"https://www.google.com/maps/search/?api=1&query=Danau%20Tamblingan&query_place_id=ChIJy1ZD1QKG0S0R1haO1s-Oago","Tujuan Wisata"
"Buyan Lake View","4.5","296",,"Kabupaten Buleleng","Bali","ID",,"","Tujuan Wisata",,,,,,,,,,"https://www.google.com/maps/search/?api=1&query=Buyan%20Lake%20View&query_place_id=ChIJ8XvAlyeP0S0RkxtDyKxQkXw","Tujuan Wisata"
"Taman Wisata Alam Danau Buyan - Danau Tamblingan","4.4","63","Q32X+R7M, Jl. Raya Pancasari","Kabupaten Buleleng","Bali","ID",,"","Tujuan Wisata",,,,,,,,,,"https://www.google.com/maps/search/?api=1&query=Taman%20Wisata%20Alam%20Danau%20Buyan%20-%20Danau%20Tamblingan&query_place_id=ChIJ70rk61aP0S0RA6s5yReDDng","Tujuan Wisata"
"Lake-Front Luxury Villa",,,,"Kabupaten Buleleng","Bali","ID","https://www.booking.com/hotel/id/lake-front-luxury.en-gb.html?aid=2068758&utm_source=seogooglelocal&utm_medium=description&utm_term=hotel-15189955&utm_campaign=en-gb&label=seogooglelocal-link-imagesaow-hotel-15189955_grp-3_gendate-20260426","","Penginapan","Persewaan liburan",,,,,,,,,"https://www.google.com/maps/search/?api=1&query=Lake-Front%20Luxury%20Villa&query_place_id=ChIJmRSzpi2P0S0RjsWLgUwkbrQ","Penginapan"
"Bali Twin Lake Trekking Point","4.3","240","Jl. Raya Pancasari","Kabupaten Buleleng","Bali","ID","https://balijungletrekking.com/bali-jungle-trekking-twin-lakes-hiking-tours/","+62 821-4432-7656","Tujuan Wisata",,,,,,,,,,"https://www.google.com/maps/search/?api=1&query=Bali%20Twin%20Lake%20Trekking%20Point&query_place_id=ChIJG27_1FaP0S0R4fbWOqo5kXo","Tujuan Wisata"
"Beratan Lake walk, lakefront","4.9","15","Jl. Puncak Mangu No.1","Kabupaten Tabanan","Bali","ID",,"","Area Mendaki",,,,,,,,,,"https://www.google.com/maps/search/?api=1&query=Beratan%20Lake%20walk%2C%20lakefront&query_place_id=ChIJmcWhGACJ0S0RXDIBjY-w0U0","Area Mendaki"
"Villa Dangka mountain view - Double Room with Lake View",,,,"Kabupaten Bangli","Bali","ID","https://br.bluepillow.com/search/64c8d3ada1247fa35c63d3a6/1044433802?dest=bkng&cat=House&lat=-8.22894&lng=115.40675&language=pt","","Penginapan","Persewaan liburan",,,,,,,,,"https://www.google.com/maps/search/?api=1&query=Villa%20Dangka%20mountain%20view%20-%20Double%20Room%20with%20Lake%20View&query_place_id=ChIJ8-iCHzTx0S0ReMbSA-HtcIQ","Penginapan"
"D'Rana Guest House Lake Buyan",,,,"Kabupaten Buleleng","Bali","ID","https://www.booking.com/hotel/id/rana-guest-house-lake-buyan.en-gb.html?aid=2068758&utm_source=seogooglelocal&utm_medium=description&utm_term=hotel-15790545&utm_campaign=en-gb&label=seogooglelocal-link-imagesaow-hotel-15790545_grp-1_gendate-20260426","","Penginapan","Persewaan liburan",,,,,,,,,"https://www.google.com/maps/search/?api=1&query=D'Rana%20Guest%20House%20Lake%20Buyan&query_place_id=ChIJDUfGnSqJ0S0RwWjxsghipuE","Penginapan"
"Botanical Garden Lake View","4.7","76","P5H4+CJW, Jl. Kebun Raya Eka Karya","Kabupaten Tabanan","Bali","ID",,"","Taman",,,,,,,,,,"https://www.google.com/maps/search/?api=1&query=Botanical%20Garden%20Lake%20View&query_place_id=ChIJ3W-B0leJ0S0RcNt8Kz8bVko","Taman"
"Viewpoint Danau Kembar","4.5","50","Q432+943","Kabupaten Buleleng","Bali","ID",,"","Tujuan Wisata",,,,,,,,,,"https://www.google.com/maps/search/?api=1&query=Viewpoint%20Danau%20Kembar&query_place_id=ChIJfzIGT1OP0S0R1UU5R9viuSM","Tujuan Wisata"
"Pura Ulun Danu Beratan Bedugul","4.6","50667",,"Kabupaten Tabanan","Bali","ID",,"+62 821-4612-9292","Pura","Tujuan Wisata",,,,,,,,,"https://www.google.com/maps/search/?api=1&query=Pura%20Ulun%20Danu%20Beratan%20Bedugul&query_place_id=ChIJVwisn2yJ0S0RUxvb5GhlJBg","Pura"
"Lake Square bali","4.6","93","QC55+X83, Jl. Luklukan Jl. Banjar Dalem","Kabupaten Bangli","Bali","ID",,"+62 851-4128-3422","Vila",,,,,,,,,,"https://www.google.com/maps/search/?api=1&query=Lake%20Square%20bali&query_place_id=ChIJ3ZFjWwD30S0R9iDoFNwRxSA","Vila"
"Buyan lake camp","4.8","18","Jl. Kedasong","Kabupaten Buleleng","Bali","ID",,"+62 858-5823-7526","Bumi perkemahan",,,,,,,,,,"https://www.google.com/maps/search/?api=1&query=Buyan%20lake%20camp&query_place_id=ChIJBTFWflqP0S0RJLwFLwOBdCk","Bumi perkemahan"
"Tamblingan Jungle Trek and Lake Canoe Expedition","4.5","206","Jalan Danau Tamblingan, Desa Tamblingan, Sukasada","Kabupaten Buleleng","Bali","ID",,"+62 878-6305-3363","Cagar Alam","Persewaan Kano & Kayak","Area Mendaki","Pemandu pendakian","Pura",,,,,,"https://www.google.com/maps/search/?api=1&query=Tamblingan%20Jungle%20Trek%20and%20Lake%20Canoe%20Expedition&query_place_id=ChIJWw7WMxyG0S0RQlS6lnhV0XU","Cagar Alam"
"Little Lake Villa","4.6","66","Jl. Dewi Drupadi","Kabupaten Tabanan","Bali","ID","http://www.littlelakevilla.com/","+62 821-4652-1788","Vila",,,,,,,,,,"https://www.google.com/maps/search/?api=1&query=Little%20Lake%20Villa&query_place_id=ChIJn7ewTz6J0S0RRBxVozipySU","Vila"
"Lake Garden Bali","4.4","316","Jl. Jempana","Kabupaten Bangli","Bali","ID","https://www.instagram.com/lakegardenbali?igsh=MTQwc2lrNHFpcGViZQ%3D%3D&utm_source=qr","+62 877-7046-3962","Hotel",,,,,,,,,,"https://www.google.com/maps/search/?api=1&query=Lake%20Garden%20Bali&query_place_id=ChIJj_uVQfr30S0R7JkBR9IUq8k","Hotel"
"Lake House Kintamani","4.8","48","Jl. Banjar Dalem","Kabupaten Bangli","Bali","ID","https://wa.me/6287716307370","+62 877-1630-7370","Hotel",,,,,,,,,,"https://www.google.com/maps/search/?api=1&query=Lake%20House%20Kintamani&query_place_id=ChIJy9xEHbn30S0R7I9r97u3QqQ","Hotel"
"Kintamani mountain","4.7","100","Q83M+WV7","Kabupaten Bangli","Bali","ID",,"","Area Mendaki",,,,,,,,,,"https://www.google.com/maps/search/?api=1&query=Kintamani%20mountain&query_place_id=ChIJN_YRPGT10S0R3mpjUirluyE","Area Mendaki"
"Batur Mountain","4.7","112",,"Kabupaten Bangli","Bali","ID","http://batursunrisetrekking.com/","","Cagar Alam",,,,,,,,,,"https://www.google.com/maps/search/?api=1&query=Batur%20Mountain&query_place_id=ChIJhSMR-gH00S0R5bB8k-bkY-4","Cagar Alam"
"Mountain Peak Kintamani","4.5","68","P9J3+95X","Kabupaten Bangli","Bali","ID",,"+62 859-6419-8050","Hotel",,,,,,,,,,"https://www.google.com/maps/search/?api=1&query=Mountain%20Peak%20Kintamani&query_place_id=ChIJQf2tMQD10S0Rk3syO9ppvCY","Hotel"
"Gunung Patas","4.8","5",,"Kabupaten Buleleng","Bali","ID",,"","Puncak Gunung",,,,,,,,,,"https://www.google.com/maps/search/?api=1&query=Gunung%20Patas&query_place_id=ChIJl9HWP1F50S0RcFcmDGwyHug","Puncak Gunung"
"Batur Mountain View","4.2","466","P8RR+6CP, Jl. Culali","Kabupaten Bangli","Bali","ID",,"+62 819-9941-1213","Hotel",,,,,,,,,,"https://www.google.com/maps/search/?api=1&query=Batur%20Mountain%20View&query_place_id=ChIJfeiPbF300S0RQ-4UiNQajUQ","Hotel"
"Bara Mountain Cabin","4.9","64","Jl. Pura Petali","Kabupaten Tabanan","Bali","ID","https://linktr.ee/baramountaincabin","+62 813-5355-3996",,,,,,,,,,,"https://www.google.com/maps/search/?api=1&query=Bara%20Mountain%20Cabin&query_place_id=ChIJSZdLW1Qn0i0Rp6reZ8mdGfQ",
"Bali Mountain Dirt Bike Adventure","5","161","Banjar suter Desa Suter, Kec Kintamani , kab Babgli","Kabupaten Bangli","Bali","ID","https://balimountaindirtbike.com/","+62 859-5462-3622","Agensi wisata olahraga",,,,,,,,,,"https://www.google.com/maps/search/?api=1&query=Bali%20Mountain%20Dirt%20Bike%20Adventure&query_place_id=ChIJJ4rWxa730S0RYAn9jXuwWaY","Agensi wisata olahraga"
"Bali Mountain Retreat","4.8","64","Jalan Arjuna Br. Biyahan","Kabupaten Tabanan","Bali","ID","http://www.balimountainretreat.com/","+62 812-8986-6665","Hotel Resor","Area Mendaki","Restoran","Spa","Pusat Retret Yoga",,,,,,"https://www.google.com/maps/search/?api=1&query=Bali%20Mountain%20Retreat&query_place_id=ChIJkZ8jMZEo0i0REToiZuhNxxI","Hotel Resor"
"Munduk Mountain Estate","5","37","dinas Tamblingan, Jl. Danau Tamblingan","Kabupaten Buleleng","Bali","ID","https://mundukmountainestate.com/","+62 878-6118-5742","Pondok Pegunungan",,,,,,,,,,"https://www.google.com/maps/search/?api=1&query=Munduk%20Mountain%20Estate&query_place_id=ChIJWY5Xq6KH0S0RHT2ZSJ-i91g","Pondok Pegunungan"
"Bedugul Mountain Chalet","4.7","29","House B11, Bukit Bunga","Kabupaten Buleleng","Bali","ID",,"","Pondok",,,,,,,,,,"https://www.google.com/maps/search/?api=1&query=Bedugul%20Mountain%20Chalet&query_place_id=ChIJqaSc0AOJ0S0R0j163azmQdY","Pondok"
"BALI MOUNTAIN VILLA (SEGANING) GUEST HOUSE","3.5","2","G8XW+7H5, Jl. Kesumayudha","Kabupaten Bangli","Bali","ID",,"+62 366 91689","Penginapan",,,,,,,,,,"https://www.google.com/maps/search/?api=1&query=BALI%20MOUNTAIN%20VILLA%20(SEGANING)%20GUEST%20HOUSE&query_place_id=ChIJgwau8usZ0i0RoOMTnmeQmSw","Penginapan"
"Hidden Batur Mountain View","4.7","3","Q9JW+5G6 Bali camping view, Jl. Serongga","Kabupaten Bangli","Bali","ID",,"","Bumi perkemahan",,,,,,,,,,"https://www.google.com/maps/search/?api=1&query=Hidden%20Batur%20Mountain%20View&query_place_id=ChIJ71wCA9Hx0S0RhN716bDSDyA","Bumi perkemahan"
"sari mountain View Restaurant, Bar and Coffee","4.1","1510","Jl. Raya Penelokan 888 Br Masem, Batur Selatan, Kintamani","Kabupaten Bangli","Bali","ID",,"+62 877-5349-8058","Kafe","Restoran",,,,,,,,,"https://www.google.com/maps/search/?api=1&query=sari%20mountain%20View%20Restaurant%2C%20Bar%20and%20Coffee&query_place_id=ChIJp0ynWlz00S0RJKEviiC8OA4","Kafe"
"Villa Mountain View",,,"Jl. Raya Sanggingan No.88X","Kabupaten Gianyar","Bali","ID",,"","Vila",,,,,,,,,,"https://www.google.com/maps/search/?api=1&query=Villa%20Mountain%20View&query_place_id=ChIJ-cZNtDs90i0RjgCFerjkWDM","Vila"
"Mystery Mountain Cooking Class","4.9","47","GC58+WH6, Jl. Bukit Juuk Manis","Kabupaten Karangasem","Bali","ID",,"","Tujuan Wisata",,,,,,,,,,"https://www.google.com/maps/search/?api=1&query=Mystery%20Mountain%20Cooking%20Class&query_place_id=ChIJoyBOKtIR0i0RCVPnus6jNYA","Tujuan Wisata"
"Mountain View House Kintamani","4.5","71",,"Kabupaten Bangli","Bali","ID",,"+62 813-2227-795","Hotel",,,,,,,,,,"https://www.google.com/maps/search/?api=1&query=Mountain%20View%20House%20Kintamani&query_place_id=ChIJ9yBCSkH10S0ROAa-NwUaBDk","Hotel"
"Rustic Mountain Yoga","4.8","34","Jl. Raya Langgahan","Kabupaten Bangli","Bali","ID","https://abnb.me/It5uqOhCVvb","+62 877-5818-1644","Pondok","Penginapan",,,,,,,,,"https://www.google.com/maps/search/?api=1&query=Rustic%20Mountain%20Yoga&query_place_id=ChIJdcB2ZZSL0S0R-PFqgRjF6js","Pondok"
"ALTA Mountain Village","5","2","P32M+9HC","Kabupaten Buleleng","Bali","ID",,"",,,,,,,,,,,"https://www.google.com/maps/search/?api=1&query=ALTA%20Mountain%20Village&query_place_id=ChIJiQyCwwqH0S0RzZVbtXYlg5E",
"Altavista Bali Mountain Villa","4.6","71","Q47C+HGP, Jl. Munduk - Wanagiri","Kabupaten Buleleng","Bali","ID","http://altavistabali.com/","","Hotel",,,,,,,,,,"https://www.google.com/maps/search/?api=1&query=Altavista%20Bali%20Mountain%20Villa&query_place_id=ChIJ7fQZ5T6P0S0RXB4P263qUoQ","Hotel"
"Prana Dewi Mountain Resort","4.3","180","Wongaya Gede, Penebel","Kabupaten Tabanan","Bali","ID","http://www.balipranaresort.com/","+62 823-4174-5500","Hotel Resor",,,,,,,,,,"https://www.google.com/maps/search/?api=1&query=Prana%20Dewi%20Mountain%20Resort&query_place_id=ChIJC4NX6Swm0i0RZDCgssLZri0","Hotel Resor"
"Great Mountain Views","4.4","368","Banjar, Jl. Jangu","Kabupaten Karangasem","Bali","ID","https://www.greatmountainbali.com/","+62 858-5701-3416","Hotel Resor","Vila",,,,,,,,,"https://www.google.com/maps/search/?api=1&query=Great%20Mountain%20Views&query_place_id=ChIJ-eabxTUF0i0RgBArhsJxYGs","Hotel Resor"
"Great Mountain Views Nature Resort - Deluxe Triple Room with Mountain view",,,,"Kabupaten Karangasem","Bali","ID","https://br.bluepillow.com/search/594395007c00cb0e643afbd4/42949605?dest=bkng&cat=House&lat=-8.45434&lng=115.48198&language=pt","","Penginapan","Persewaan liburan",,,,,,,,,"https://www.google.com/maps/search/?api=1&query=Great%20Mountain%20Views%20Nature%20Resort%20-%20Deluxe%20Triple%20Room%20with%20Mountain%20view&query_place_id=ChIJ493rKEkF0i0RGr83QDpPpR8","Penginapan"
"Sangeh Monkey Forest","4.6","8830","Jl. Raya Sangeh Jl. Brahmana","Kabupaten Badung","Bali","ID",,"+62 851-0302-8181","Taman","Tujuan Wisata",,,,,,,,,"https://www.google.com/maps/search/?api=1&query=Sangeh%20Monkey%20Forest&query_place_id=ChIJo-YhLEkj0i0RwrBdmWw4Fbc","Taman"
"Swaha Retreat & Eco Park Ubud",,,,"Kabupaten Gianyar","Bali","ID",,"","Penginapan","Persewaan liburan",,,,,,,,,"https://www.google.com/maps/search/?api=1&query=Swaha%20Retreat%20%26%20Eco%20Park%20Ubud&query_place_id=ChIJIZSKYUwf0i0R842LdlScnR8","Penginapan"
"Taman Kebangsaan","4.5","249","V3WR+FGH, Jl. Surapati","Kabupaten Buleleng","Bali","ID",,"","Taman Hiburan","Taman","Tujuan Wisata",,,,,,,,"https://www.google.com/maps/search/?api=1&query=Taman%20Kebangsaan&query_place_id=ChIJh4BZ0wea0S0RQSyF5oZSBJg","Taman Hiburan"
"Taman Bung Karno","4.6","1174","V482+626, Jl. Jelantik Gingsir No.3","Kabupaten Buleleng","Bali","ID",,"+62 362 21342","Taman Peringatan","Taman","Taman Hiburan",,,,,,,,"https://www.google.com/maps/search/?api=1&query=Taman%20Bung%20Karno&query_place_id=ChIJeVF75n2Q0S0R2nx9TxSdNfY","Taman Peringatan"
"Taman Kupu-kupu Bali","4.4","1802","Jl. Batukaru No.76","Kabupaten Tabanan","Bali","ID","https://instagram.com/balibutterflypark?igshid=sppu08qzl6g0","+62 878-6307-5006","Taman Ekologi","Tujuan Wisata",,,,,,,,,"https://www.google.com/maps/search/?api=1&query=Taman%20Kupu-kupu%20Bali&query_place_id=ChIJMaOrTtM60i0RRirULm_EL5s","Taman Ekologi"
"Alun Alun Kota Bangli","4.7","667","Jl. Brigjen Ngurah Rai","Kabupaten Bangli","Bali","ID",,"","Taman Kota","Taman",,,,,,,,,"https://www.google.com/maps/search/?api=1&query=Alun%20Alun%20Kota%20Bangli&query_place_id=ChIJF7mJCMAZ0i0Rs0osRW-1Ly0","Taman Kota"
"Taman Beji Samuan","4.8","242","G6V6+6VH, Tukad Penet IV Road, Jemeng, Samuan Kawan","Kabupaten Badung","Bali","ID",,"","Tujuan Wisata","Tempat Religius","Pura",,,,,,,,"https://www.google.com/maps/search/?api=1&query=Taman%20Beji%20Samuan&query_place_id=ChIJN9qoL0wj0i0RJYDoRRCpZzQ","Tujuan Wisata"
"Pianna Creative Park","4.9","21","G5HH+WX8","Kabupaten Badung","Bali","ID","https://instagram.com/piannabali?igshid=MzRIODBiNWFIZA==","+62 813-8032-0852","Taman",,,,,,,,,,"https://www.google.com/maps/search/?api=1&query=Pianna%20Creative%20Park&query_place_id=ChIJx2ABJUgl0i0RaQmLmfR8JSU","Taman"
"Bongkasa Rice Terrace","4.5","40","F6QF+HQQ, Unnamed Road","Kabupaten Badung","Bali","ID",,"+62 812-3751-1726","Area Rekreasi Alam",,,,,,,,,,"https://www.google.com/maps/search/?api=1&query=Bongkasa%20Rice%20Terrace&query_place_id=ChIJnbgfKOY80i0RBxJlo22zNHg","Area Rekreasi Alam"
"Badung Agro Tecno Park","4.1","33","P65Q+QJ7, Jl. Catur","Kabupaten Badung","Bali","ID",,"+62 821-4650-7998","Tujuan Wisata",,,,,,,,,,"https://www.google.com/maps/search/?api=1&query=Badung%20Agro%20Tecno%20Park&query_place_id=ChIJNwyYJGyL0S0RbTwHXr-6_Ik","Tujuan Wisata"
"Onyx Park Resort Ubud","4.4","193","Jl. Sri Wedari No.24","Kabupaten Gianyar","Bali","ID","https://onyxparkresort.com/","+62 811-3810-9150","Hotel Resor",,,,,,,,,,"https://www.google.com/maps/search/?api=1&query=Onyx%20Park%20Resort%20Ubud&query_place_id=ChIJw4LWUb8j0i0RrH8p7eebC9s","Hotel Resor"
"Mason Elephant Park Heliport","3.5","8","Jalan Elephant Safari Park Banjar","Kabupaten Gianyar","Bali","ID","http://masonadventures.com/","+62 361 721480","Landasan Helikopter",,,,,,,,,,"https://www.google.com/maps/search/?api=1&query=Mason%20Elephant%20Park%20Heliport&query_place_id=ChIJ7XTKH1gf0i0Rjo0rrBMBGEg","Landasan Helikopter"
"LAKE BATUR PARK","5","2","Jl. Jempana No.Desa","Kabupaten Bangli","Bali","ID",,"+62 817-9708-118","Pusat Rekreasi",,,,,,,,,,"https://www.google.com/maps/search/?api=1&query=LAKE%20BATUR%20PARK&query_place_id=ChIJ1b5zHob30S0RvLpJPgwDn-8","Pusat Rekreasi"
"Tegallalang Rice Terrace Parking Ground","3.9","99","Br. Tangkup","Kabupaten Gianyar","Bali","ID",,"+62 822-3671-0237","Tujuan Wisata","Tempat Parkir Gratis",,,,,,,,,"https://www.google.com/maps/search/?api=1&query=Tegallalang%20Rice%20Terrace%20Parking%20Ground&query_place_id=ChIJPY0dn9gj0i0RALlIdbWFTF8","Tujuan Wisata"
"Car Park Delta Dewata","4.6","14","Delta Dewata, Jl. Raya Andong No.14","Kabupaten Gianyar","Bali","ID",,"","Tempat Parkir",,,,,,,,,,"https://www.google.com/maps/search/?api=1&query=Car%20Park%20Delta%20Dewata&query_place_id=ChIJH4fmGmg90i0RxYnWjQUseL8","Tempat Parkir"
"Onyx Sauna At Onyx Park Resort Ubud","5","23","Jl. Sri Wedari No.24","Kabupaten Gianyar","Bali","ID",,"+62 811-3810-9150","Sauna",,,,,,,,,,"https://www.google.com/maps/search/?api=1&query=Onyx%20Sauna%20At%20Onyx%20Park%20Resort%20Ubud&query_place_id=ChIJiZkxeAoj0i0R5RRJNsm9gtY","Sauna"
"Adnyana Park","3.8","5","G5XV+49Q, Jl. Gatotkaca","Kabupaten Badung","Bali","ID",,"+62 361 464646","Taman",,,,,,,,,,"https://www.google.com/maps/search/?api=1&query=Adnyana%20Park&query_place_id=ChIJS4O-334j0i0RwpJDrJcP4qY","Taman"
"PARIN Recreation Park & Yayasan, pasraman Pakusara","4","5","G8HP+HC8","Kabupaten Bangli","Bali","ID",,"+62 812-3738-7494","Taman",,,,,,,,,,"https://www.google.com/maps/search/?api=1&query=PARIN%20Recreation%20Park%20%26%20Yayasan%2C%20pasraman%20Pakusara&query_place_id=ChIJY2_Axs0Z0i0RauZ-M2DCFq8","Taman"
"Blahkiuh Riding Park","4.8","8","F6P3+C8P","Kabupaten Badung","Bali","ID",,"","Klub Olahraga",,,,,,,,,,"https://www.google.com/maps/search/?api=1&query=Blahkiuh%20Riding%20Park&query_place_id=ChIJTSGBLLg90i0RHgjptBga658","Klub Olahraga"
"Gaia-Oasis Mountain Retreat 'Abasan'","4.6","61","V87G+79G, Jalan Raya Singaraja-Amlapura","Kabupaten Buleleng","Bali","ID","http://www.gaia-oasis.com/","+62 362 3436305","Penginapan Dalam Ruangan","Penginapan","Hotel Resor",,,,,,,,"https://www.google.com/maps/search/?api=1&query=Gaia-Oasis%20Mountain%20Retreat%20'Abasan'&query_place_id=ChIJL-xNu7ft0S0Rm5fS0jr8SyQ","Penginapan Dalam Ruangan"
"Sang Giri Mountain Tent Resort Bali","4.6","189","Jalan Sang Giri Hills, Jatiluwih Kangin","Kabupaten Tabanan","Bali","ID","http://www.sanggiri.com/","+62 878-6001-3278","Hotel Resor","Vila",,,,,,,,,"https://www.google.com/maps/search/?api=1&query=Sang%20Giri%20Mountain%20Tent%20Resort%20Bali&query_place_id=ChIJGfNQ08An0i0R3X1JmV6fmwc","Hotel Resor"
"Mountain View Farm","5","4","Jl. Catur","Kabupaten Bangli","Bali","ID","https://mountainviewfarmbali.com/","+62 821-4457-8388","Layanan Pertanian","Perusahaan pengolahan makanan",,,,,,,,,"https://www.google.com/maps/search/?api=1&query=Mountain%20View%20Farm&query_place_id=ChIJiSCh9bKL0S0Rs3vmaF59CB0","Layanan Pertanian"
"Bali Mountain Retreat - Bungalow with Garden View","4.85","6",,"Kabupaten Tabanan","Bali","ID","https://br.bluepillow.com/search/5a84f3547c00cb0e04248f1f/212311806?dest=bkng&cat=House&lat=-8.39456&lng=115.07708&language=pt","","Rumah","Persewaan liburan",,,,,,,,,"https://www.google.com/maps/search/?api=1&query=Bali%20Mountain%20Retreat%20-%20Bungalow%20with%20Garden%20View&query_place_id=ChIJjU7eYpYo0i0R7_48TSCvleI","Rumah"
"Glebeg Mountain View","5","1","Jl. Banjar Mongan","Kabupaten Tabanan","Bali","ID",,"+62 859-1066-48598","Tempat Istirahat",,,,,,,,,,"https://www.google.com/maps/search/?api=1&query=Glebeg%20Mountain%20View&query_place_id=ChIJ0y7T4Zkl0i0RFXXHeNWobIA","Tempat Istirahat"
"Bali Mountain Retreat - Deluxe Bungalow with Garden View","4.85","6",,"Kabupaten Tabanan","Bali","ID","https://br.bluepillow.com/search/5a84f3547c00cb0e04248f1f/212311804?dest=bkng&cat=House&lat=-8.39456&lng=115.07708&language=pt","","Rumah","Persewaan liburan",,,,,,,,,"https://www.google.com/maps/search/?api=1&query=Bali%20Mountain%20Retreat%20-%20Deluxe%20Bungalow%20with%20Garden%20View&query_place_id=ChIJjU7eYpYo0i0RNGb3Z_r-Xm4","Rumah"
"D`Wan Tea Mountain side Villa","4.7","55","J4R7+8RG","Kabupaten Tabanan","Bali","ID",,"","Hotel","Rumah berlibur","Pusat Retret",,,,,,,,"https://www.google.com/maps/search/?api=1&query=D%60Wan%20Tea%20Mountain%20side%20Villa&query_place_id=ChIJEScc1cYn0i0RxI9ElMP-8fs","Hotel"
"Great Mountain Views Nature Resort - Deluxe Double Room with Mountain View","5","8",,"Kabupaten Karangasem","Bali","ID","https://br.bluepillow.com/search/594395007c00cb0e643afbd4/42949604?dest=bkng&cat=House&lat=-8.45434&lng=115.48198&language=pt","","Rumah","Persewaan liburan",,,,,,,,,"https://www.google.com/maps/search/?api=1&query=Great%20Mountain%20Views%20Nature%20Resort%20-%20Deluxe%20Double%20Room%20with%20Mountain%20View&query_place_id=ChIJ493rKEkF0i0RpBD29tbOp20","Rumah"
"Great Mountain Views Nature Resort - Standard Family Room with Garden View","5","8",,"Kabupaten Karangasem","Bali","ID","https://br.bluepillow.com/search/594395007c00cb0e643afbd4/42949606?dest=bkng&cat=House&lat=-8.45434&lng=115.48198&language=pt","","Rumah","Persewaan liburan",,,,,,,,,"https://www.google.com/maps/search/?api=1&query=Great%20Mountain%20Views%20Nature%20Resort%20-%20Standard%20Family%20Room%20with%20Garden%20View&query_place_id=ChIJ493rKEkF0i0RJZeYn3SDcvA","Rumah"
"Great Mountain Views Nature Resort - Superior Double Room with Garden View","5","8",,"Kabupaten Karangasem","Bali","ID","https://br.bluepillow.com/search/594395007c00cb0e643afbd4/42949602?dest=bkng&cat=House&lat=-8.45434&lng=115.48198&language=pt","","Rumah","Persewaan liburan",,,,,,,,,"https://www.google.com/maps/search/?api=1&query=Great%20Mountain%20Views%20Nature%20Resort%20-%20Superior%20Double%20Room%20with%20Garden%20View&query_place_id=ChIJ493rKEkF0i0RcgQgC0JojF0","Rumah"
"Garden house in Mountain","3.7","3","Jl.Laksamana Gg. Yudistira Ds","Kabupaten Buleleng","Bali","ID","https://emilia-recomends-you.eu/garden-house-in-mountain-indonesia","+62 817-9709-724","Hotel",,,,,,,,,,"https://www.google.com/maps/search/?api=1&query=Garden%20house%20in%20Mountain&query_place_id=ChIJzyX5WZuR0S0R8WiTXsCqfZ4","Hotel"
"Bali Mountain Retreat - Standard Double or Twin Room","4.85","6",,"Kabupaten Tabanan","Bali","ID","https://br.bluepillow.com/search/5a84f3547c00cb0e04248f1f/212311805?dest=bkng&cat=House&lat=-8.39456&lng=115.07708&language=pt","","Rumah","Persewaan liburan",,,,,,,,,"https://www.google.com/maps/search/?api=1&query=Bali%20Mountain%20Retreat%20-%20Standard%20Double%20or%20Twin%20Room&query_place_id=ChIJjU7eYpYo0i0RXqDbeWR8wtY","Rumah"
"Bella Kita Mountain Retreat & Spa","4.6","80","FFM8+59C, Jl. Bukit Abah","Kabupaten Klungkung","Bali","ID","http://www.bellakita.com/","+62 813-2931-0000","Vila",,,,,,,,,,"https://www.google.com/maps/search/?api=1&query=Bella%20Kita%20Mountain%20Retreat%20%26%20Spa&query_place_id=ChIJ6Xn5Z9ER0i0R3QY3JEcFXXM","Vila"
"Batukaru Mountain Farmstay","4.9","28",,"Kabupaten Tabanan","Bali","ID",,"+62 821-4409-0603","Farmstay",,,,,,,,,,"https://www.google.com/maps/search/?api=1&query=Batukaru%20Mountain%20Farmstay&query_place_id=ChIJ89HTNvEp0i0RHIA_iqoxn5c","Farmstay"
"Bali Mountain Retreat - Superior Double or Twin Room","4.85","6",,"Kabupaten Tabanan","Bali","ID","https://br.bluepillow.com/search/5a84f3547c00cb0e04248f1f?dest=bkng&cat=House&lat=-8.39456&lng=115.07708&language=pt","","Rumah","Persewaan liburan",,,,,,,,,"https://www.google.com/maps/search/?api=1&query=Bali%20Mountain%20Retreat%20-%20Superior%20Double%20or%20Twin%20Room&query_place_id=ChIJjU7eYpYo0i0R0e9Q2PPo3UQ","Rumah"
"Mountain Villa Nature Retreat - Fleur de Vie - Villa",,,,"Kabupaten Tabanan","Bali","ID","https://br.bluepillow.com/search/695e9fe9ac408a6eb70c7cf5?dest=bkng&cat=Villa&lat=-8.28341&lng=115.16325&language=pt","","Vila","Persewaan liburan",,,,,,,,,"https://www.google.com/maps/search/?api=1&query=Mountain%20Villa%20Nature%20Retreat%20-%20Fleur%20de%20Vie%20-%20Villa&query_place_id=ChIJ8dGS5QyJ0S0RJ2G2Kg-buV8","Vila"
"Mountain Healing Villa by Nagisa Bali - Panoramic Villa, 4 Bedrooms, Mountain View","4.6","4",,"Kabupaten Tabanan","Bali","ID",,"","Vila","Persewaan liburan",,,,,,,,,"https://www.google.com/maps/search/?api=1&query=Mountain%20Healing%20Villa%20by%20Nagisa%20Bali%20-%20Panoramic%20Villa%2C%204%20Bedrooms%2C%20Mountain%20View&query_place_id=ChIJEfBq7JOJ0S0R2vNeF7r3vPs","Vila"
"Volcano Terrace Bali - Deluxe King Room with Mountain Lake View","5","8",,"Kabupaten Bangli","Bali","ID","https://br.bluepillow.com/search/59438ce57c00cb0e64364d78/194059906?dest=bkng&cat=House&lat=-8.24649&lng=115.40075&language=pt","","Rumah","Persewaan liburan",,,,,,,,,"https://www.google.com/maps/search/?api=1&query=Volcano%20Terrace%20Bali%20-%20Deluxe%20King%20Room%20with%20Mountain%20Lake%20View&query_place_id=ChIJ5TUFXrj20S0RpCHpG6W98eU","Rumah"
"Besakih Mountain Bike Park - Bali",,,"8 No.361990 115","Kabupaten Karangasem","Bali","ID",,"+62 818-350-101","Park and ride",,,,,,,,,,"https://www.google.com/maps/search/?api=1&query=Besakih%20Mountain%20Bike%20Park%20-%20Bali&query_place_id=ChIJ742OWMwd0i0R2YEjH9_jVrQ","Park and ride"
"Castle in the sky mountain bliss, Kintamani area - One-Bedroom Villa",,,,"Kabupaten Bangli","Bali","ID","https://br.bluepillow.com/search/681195c86178c7268f2aaffa?dest=bkng&cat=Villa&lat=-8.32147&lng=115.26464&language=pt","","Vila","Persewaan liburan",,,,,,,,,"https://www.google.com/maps/search/?api=1&query=Castle%20in%20the%20sky%20mountain%20bliss%2C%20Kintamani%20area%20-%20One-Bedroom%20Villa&query_place_id=ChIJT41R3qCK0S0RCL1n6mxxikk","Vila"
"Gaia-Oasis Mountain Abasan - Deluxe Single Room","4.9","8",,"Kabupaten Buleleng","Bali","ID","https://br.bluepillow.com/search/6485d5db7f7e24c1922e0122?dest=bkng&cat=House&lat=-8.14363&lng=115.38493&language=pt","","Rumah","Persewaan liburan",,,,,,,,,"https://www.google.com/maps/search/?api=1&query=Gaia-Oasis%20Mountain%20Abasan%20-%20Deluxe%20Single%20Room&query_place_id=ChIJXZdsNg_u0S0RvkJmXj8LLkA","Rumah"
"Hebron Mountain of Prayer","4.2","6","HX9M+56W","Kabupaten Tabanan","Bali","ID",,"+62 812-3623-0136","Kapel Pernikahan",,,,,,,,,,"https://www.google.com/maps/search/?api=1&query=Hebron%20Mountain%20of%20Prayer&query_place_id=ChIJC-W7Ppgt0i0RIdv3kN3GErY","Kapel Pernikahan"
"Bali mountain forest cabin - Deluxe Double Room with Balcony","4.9404764","21",,"Kabupaten Tabanan","Bali","ID",,"","Penginapan","Persewaan liburan",,,,,,,,,"https://www.google.com/maps/search/?api=1&query=Bali%20mountain%20forest%20cabin%20-%20Deluxe%20Double%20Room%20with%20Balcony&query_place_id=ChIJ8bFSCJwo0i0R_7fudxlf7fI","Penginapan"
"Under Hill Bali Kintamani - Villa, Mountain View",,,,"Kabupaten Bangli","Bali","ID","https://br.bluepillow.com/search/69499b390c60a53fb7d82516?dest=nuit&cat=Villa&lat=-8.22504&lng=115.39821&language=pt","","Vila","Persewaan liburan",,,,,,,,,"https://www.google.com/maps/search/?api=1&query=Under%20Hill%20Bali%20Kintamani%20-%20Villa%2C%20Mountain%20View&query_place_id=ChIJa8Dncknx0S0RYN0tqlKyaPI","Vila"
"Alta Vista Mountain Villa Bali - Villa",,,,"Kabupaten Buleleng","Bali","ID","https://br.bluepillow.com/search/5ad7fd4c7c00cb09c43b6e65/314105402?dest=bkng&cat=Villa&lat=-8.23597&lng=115.1214&language=pt","","Vila","Persewaan liburan",,,,,,,,,"https://www.google.com/maps/search/?api=1&query=Alta%20Vista%20Mountain%20Villa%20Bali%20-%20Villa&query_place_id=ChIJPSZJ5T6P0S0RI59e-P17vlE","Vila"
"Griya De Madya Panoramic Mountain RooftopTop",,,,"Kabupaten Buleleng","Bali","ID","https://br.bluepillow.com/search/67a243b5905c444f2d0d0a44?dest=ago&cat=Vacation+rental+(other)&lat=-8.26591&lng=115.05792&language=pt","","Rumah","Persewaan liburan",,,,,,,,,"https://www.google.com/maps/search/?api=1&query=Griya%20De%20Madya%20Panoramic%20Mountain%20RooftopTop&query_place_id=ChIJk5iImHqG0S0R7P-UeAVt0Ic","Rumah"
"Black Wood Cabin","4.3","62","P9J3+95X","Kabupaten Bangli","Bali","ID",,"+62 822-5810-8168","Kabin perkemahan",,,,,,,,,,"https://www.google.com/maps/search/?api=1&query=Black%20Wood%20Cabin&query_place_id=ChIJZQgKSQD10S0RU2vhxg4Lgy4","Kabin perkemahan"
"DWan Tea Mountain Side - Deluxe Room with Mountain View","5","8",,"Kabupaten Tabanan","Bali","ID","https://br.bluepillow.com/search/59438ff87c00cb0e64382956/214321805?dest=bkng&cat=House&lat=-8.35917&lng=115.11462&language=pt","","Rumah","Persewaan liburan",,,,,,,,,"https://www.google.com/maps/search/?api=1&query=DWan%20Tea%20Mountain%20Side%20-%20Deluxe%20Room%20with%20Mountain%20View&query_place_id=ChIJD1Qn1cYn0i0RCBIX2uSyoxc","Rumah"
"The Batur Elevation - Double Room with Mountain View","3.6500003","6",,"Kabupaten Bangli","Bali","ID",,"","Apartemen","Persewaan liburan",,,,,,,,,"https://www.google.com/maps/search/?api=1&query=The%20Batur%20Elevation%20-%20Double%20Room%20with%20Mountain%20View&query_place_id=ChIJYcuoY0Lx0S0RhUHisevJwYQ","Apartemen"
"Semadi Mountview - Double Room with Mountain View","4.75","8",,"Kabupaten Bangli","Bali","ID","https://br.bluepillow.com/search/6398f18ac551970d3c7500c4/861994302?dest=bkng&cat=House&lat=-8.21763&lng=115.39123&language=pt","","Rumah","Persewaan liburan",,,,,,,,,"https://www.google.com/maps/search/?api=1&query=Semadi%20Mountview%20-%20Double%20Room%20with%20Mountain%20View&query_place_id=ChIJ8c7lJUPx0S0R5afCuG6UIoo","Rumah"
"Bella Kita Mountain Retreat Spa - Standard Villa","5","8",,"Kabupaten Klungkung","Bali","ID","https://br.bluepillow.com/search/5a84fd337c00cb0e042a0559/282001204?dest=bkng&cat=Villa&lat=-8.51709&lng=115.46591&language=pt","","Vila","Persewaan liburan",,,,,,,,,"https://www.google.com/maps/search/?api=1&query=Bella%20Kita%20Mountain%20Retreat%20Spa%20-%20Standard%20Villa&query_place_id=ChIJgTcFaNER0i0ReA5TGku8WUo","Vila"
"Bella Kita Mountain Retreat Spa - Villa with Garden View","5","8",,"Kabupaten Klungkung","Bali","ID","https://br.bluepillow.com/search/5a84fd337c00cb0e042a0559/282001202?dest=bkng&cat=Villa&lat=-8.51709&lng=115.46591&language=pt","","Vila","Persewaan liburan",,,,,,,,,"https://www.google.com/maps/search/?api=1&query=Bella%20Kita%20Mountain%20Retreat%20Spa%20-%20Villa%20with%20Garden%20View&query_place_id=ChIJgTcFaNER0i0RWSyC8pJo5Io","Vila"
"Elevate Bali - Mountain Infinity Pool Villa","5","1",,"Kabupaten Buleleng","Bali","ID","https://br.bluepillow.com/search/6398eb11c551970d3c7474ea/838691703?dest=bkng&cat=Villa&lat=-8.27107&lng=115.08137&language=pt","","Vila","Persewaan liburan",,,,,,,,,"https://www.google.com/maps/search/?api=1&query=Elevate%20Bali%20-%20Mountain%20Infinity%20Pool%20Villa&query_place_id=ChIJg7gVTheG0S0RKqSNhgU5CA8","Vila"
"Three Mountain Food and Drink","5","2","H4FV+8FW","Kabupaten Tabanan","Bali","ID",,"","Restoran",,,,,,,,,,"https://www.google.com/maps/search/?api=1&query=Three%20Mountain%20Food%20and%20Drink&query_place_id=ChIJ3afoBFMl0i0RrsZXh6pRFgY","Restoran"
"Alta Vista Mountain Villa Bali - Five-Bedroom Villa",,,,"Kabupaten Buleleng","Bali","ID",,"","Vila","Persewaan liburan",,,,,,,,,"https://www.google.com/maps/search/?api=1&query=Alta%20Vista%20Mountain%20Villa%20Bali%20-%20Five-Bedroom%20Villa&query_place_id=ChIJF8ZI5T6P0S0RCjvhoHmtWyQ","Vila"
"Dukuh Ubud 2BR Mountain Ricefield View 4 - Two-Bedroom Villa",,,,"Kabupaten Gianyar","Bali","ID","https://br.bluepillow.com/search/65ca0f8b671b07d23c6c9879?dest=bkng&cat=Villa&lat=-8.44807&lng=115.24412&language=pt","","Vila","Persewaan liburan",,,,,,,,,"https://www.google.com/maps/search/?api=1&query=Dukuh%20Ubud%202BR%20Mountain%20Ricefield%20View%204%20-%20Two-Bedroom%20Villa&query_place_id=ChIJWz125vgi0i0RLhbS0e7gG70","Vila"
"RedDoorz at Volcano Mountain View Kintamani - Standard Double Room",,,,"Kabupaten Bangli","Bali","ID","https://br.bluepillow.com/search/68e3dcf0f93025efadac01ce?dest=nuit&cat=Bed+and+breakfast&lat=-8.22243&lng=115.39501&language=pt","","Rental Akomodasi","Persewaan liburan",,,,,,,,,"https://www.google.com/maps/search/?api=1&query=RedDoorz%20at%20Volcano%20Mountain%20View%20Kintamani%20-%20Standard%20Double%20Room&query_place_id=ChIJ87qZyUXx0S0Rz4_lYtiN10k","Rental Akomodasi"
"Hidden Hill - Double Room with Mountain View",,,,"Kabupaten Bangli","Bali","ID","https://br.bluepillow.com/search/6811cb206178c7268f2e6cee?dest=bkng&cat=House&lat=-8.20832&lng=115.38517&language=pt","","Rumah","Persewaan liburan",,,,,,,,,"https://www.google.com/maps/search/?api=1&query=Hidden%20Hill%20-%20Double%20Room%20with%20Mountain%20View&query_place_id=ChIJewQOcGTx0S0RnLuci_3AVF8","Rumah"
"The National Park Villa with Joglo style villa and Jacuzzi",,,,"Kabupaten Buleleng","Bali","ID","https://www.booking.com/hotel/id/the-national-park-villa-with-joglo-type-villa-and-jacuzzi.en-gb.html?aid=2068758&utm_source=seogooglelocal&utm_medium=description&utm_term=hotel-15154813&utm_campaign=en-gb&label=seogooglelocal-link-imagesaow-hotel-15154813_grp-1_gendate-20260426","","Vila","Persewaan liburan",,,,,,,,,"https://www.google.com/maps/search/?api=1&query=The%20National%20Park%20Villa%20with%20Joglo%20style%20villa%20and%20Jacuzzi&query_place_id=ChIJd3Y9G_du0S0RVyawgXMAAK4","Vila"
"The National Park Villa with Private Pool","5","1",,"Kabupaten Buleleng","Bali","ID","https://www.booking.com/hotel/id/the-national-park-villa.en-gb.html?aid=2068758&utm_source=seogooglelocal&utm_medium=description&utm_term=hotel-15142202&utm_campaign=en-gb&label=seogooglelocal-link-imagesaow-hotel-15142202_grp-2_gendate-20260426","","Vila","Persewaan liburan",,,,,,,,,"https://www.google.com/maps/search/?api=1&query=The%20National%20Park%20Villa%20with%20Private%20Pool&query_place_id=ChIJe9JxG_du0S0R1m46HyFI8G4","Vila"
"Diara's Cottage - Double Room with Park View",,,,"Kabupaten Gianyar","Bali","ID","https://br.bluepillow.com/search/6949a5855c042e01bacda6a1/1501044902?dest=bkng&cat=House&lat=-8.50413&lng=115.25611&language=pt","","Rumah","Persewaan liburan",,,,,,,,,"https://www.google.com/maps/search/?api=1&query=Diara's%20Cottage%20-%20Double%20Room%20with%20Park%20View&query_place_id=ChIJD-85RD490i0RQGMyNeAkJ2o","Rumah"
"Pada Wareg Eco Park","4.6","117","Jl. Pejeng Kaja - Tampak Siring No.18","Kabupaten Gianyar","Bali","ID",,"+62 877-6695-9778","Tujuan Wisata",,,,,,,,,,"https://www.google.com/maps/search/?api=1&query=Pada%20Wareg%20Eco%20Park&query_place_id=ChIJOyjEctUZ0i0R7fGFU1JXtYc","Tujuan Wisata"
"Krisna Funtasticland","4.3","4263",,"Kabupaten Buleleng","Bali","ID","http://krisnafuntasticland.com/","+62 817-4757-668","Tujuan Wisata","Taman bermain","Taman Hiburan",,,,,,,,"https://www.google.com/maps/search/?api=1&query=Krisna%20Funtasticland&query_place_id=ChIJEU9nwVSD0S0RGn_P6OQOseo","Tujuan Wisata"
"Taman Yuwana Asri","4.6","338","V3MH+QR9, Jl. Sudirman","Kabupaten Buleleng","Bali","ID",,"","Taman bermain",,,,,,,,,,"https://www.google.com/maps/search/?api=1&query=Taman%20Yuwana%20Asri&query_place_id=ChIJMVT_JW2a0S0RGSN0Eu7HivM","Taman bermain"
"Taman Magenda Eco Park Payangan","4.9","16","H7P2+C37, Jl. Payangan","Kabupaten Gianyar","Bali","ID",,"","Tujuan Wisata",,,,,,,,,,"https://www.google.com/maps/search/?api=1&query=Taman%20Magenda%20Eco%20Park%20Payangan&query_place_id=ChIJFxg2GgAj0i0RSRLI68Ej0QY","Tujuan Wisata"
"Pelaga Eco Park","4.7","390",,"Kabupaten Badung","Bali","ID","http://pelagaecopark.com/","","Hotel","Bumi perkemahan","Pertanian Organik","Lahan Piknik","Pusat Rekreasi","Restoran",,,,,"https://www.google.com/maps/search/?api=1&query=Pelaga%20Eco%20Park&query_place_id=ChIJ3-cTFB8h0i0Rtmpq67hpQ2s","Hotel"
"SURYA BINTANG SWING","4.5","152","Jl. Begawan Giri","Kabupaten Gianyar","Bali","ID",,"+62 812-3743-5188","Taman Hiburan","Area Rekreasi Alam","Taman","Jasa fotografi","Tujuan Wisata","Gedung Pernikahan",,,,,"https://www.google.com/maps/search/?api=1&query=SURYA%20BINTANG%20SWING&query_place_id=ChIJ76JmdvAj0i0RA6IAmKzNLWI","Taman Hiburan"
"ALamandaoe BaLi PooL","4.3","195",,"Kabupaten Buleleng","Bali","ID","https://www.facebook.com/alamandaoe5","+62 812-3611-727","Kolam Renang Umum","Tujuan Wisata","Taman Rekreasi Air",,,,,,,,"https://www.google.com/maps/search/?api=1&query=ALamandaoe%20BaLi%20PooL&query_place_id=ChIJAQAAADyO0S0RDjBPWoSnPzo","Kolam Renang Umum"
"Parking point Jasan waterfall","5","20","J8G4+2VG Karang bonyoh, Jl. Br Jasan","Kabupaten Gianyar","Bali","ID",,"","Tujuan Wisata",,,,,,,,,,"https://www.google.com/maps/search/?api=1&query=Parking%20point%20Jasan%20waterfall&query_place_id=ChIJ_RnU7pIf0i0RznNz9mli6PQ","Tujuan Wisata"
"Fiji Waterfall","4.2","220",,"Kabupaten Buleleng","Bali","ID","https://wa.me/message/TS4WVNDHNBB3G1","+62 822-6648-1833","Tujuan Wisata",,,,,,,,,,"https://www.google.com/maps/search/?api=1&query=Fiji%20Waterfall&query_place_id=ChIJCxk5EZKP0S0R2DrnUXrD8N0","Tujuan Wisata"
"Wana Ayu Waterfall","4.4","148","R4V8+PPH","Kabupaten Buleleng","Bali","ID",,"","Tujuan Wisata",,,,,,,,,,"https://www.google.com/maps/search/?api=1&query=Wana%20Ayu%20Waterfall&query_place_id=ChIJ31j3mhWQ0S0RDjOtr_3fWOg","Tujuan Wisata"
"Sekumpul waterfall view point","4.5","100","R5FJ+5R2","Kabupaten Buleleng","Bali","ID",,"","Tujuan Wisata","Titik Pemandangan",,,,,,,,,"https://www.google.com/maps/search/?api=1&query=Sekumpul%20waterfall%20view%20point&query_place_id=ChIJz1yalY2P0S0RnZVoH6JhV9k","Tujuan Wisata"
"Sekumpul waterfall","3.8","226",,"Kabupaten Buleleng","Bali","ID","http://sekumpulofficial.blogspot.com/","+62 821-4645-8101","Tujuan Wisata","Tempat Parkir Umum",,,,,,,,,"https://www.google.com/maps/search/?api=1&query=Sekumpul%20waterfall&query_place_id=ChIJNzuaSiSP0S0RTFO-fUj1eUY","Tujuan Wisata"
"Grombong Waterfall","4.7","96","R5CM+Q38, Village","Kabupaten Buleleng","Bali","ID",,"","Tujuan Wisata",,,,,,,,,,"https://www.google.com/maps/search/?api=1&query=Grombong%20Waterfall&query_place_id=ChIJp7xR4AWO0S0RgTiHydvrRpg","Tujuan Wisata"
"Air Terjun Kroya Sambangan","4.6","132",,"Kabupaten Buleleng","Bali","ID","https://alingalingwaterfall.com/travel-locations/aling-aling-waterfall/","+62 821-4627-2039","Tujuan Wisata",,,,,,,,,,"https://www.google.com/maps/search/?api=1&query=Air%20Terjun%20Kroya%20Sambangan&query_place_id=ChIJ_6tTrgKQ0S0ROn76GiMhax8","Tujuan Wisata"
"Sekumpul and fiji waterfalls trekking start point (Hillside)","4.4","272","dinas buah banjah, Lemukih banjar","Kabupaten Buleleng","Bali","ID","http://sekumpulwaterfall.com/","+62 819-9359-3083","Tujuan Wisata",,,,,,,,,,"https://www.google.com/maps/search/?api=1&query=Sekumpul%20and%20fiji%20waterfalls%20trekking%20start%20point%20(Hillside)&query_place_id=ChIJCy_NQHSO0S0RvbTe_TvoXgY","Tujuan Wisata"
"Kutuh Waterfall","4.9","49","R8P9+9Q3","Kabupaten Bangli","Bali","ID",,"+62 857-3962-0121","Tujuan Wisata",,,,,,,,,,"https://www.google.com/maps/search/?api=1&query=Kutuh%20Waterfall&query_place_id=ChIJdSrSNyLz0S0Rwu4D_6POCVU","Tujuan Wisata"
"Pelisan waterfall","4.7","128",,"Kabupaten Bangli","Bali","ID",,"","Tujuan Wisata",,,,,,,,,,"https://www.google.com/maps/search/?api=1&query=Pelisan%20waterfall&query_place_id=ChIJMVZZUwOL0S0R59VLGt3WKsw","Tujuan Wisata"
"Hidden Hill - Double Room with Mountain View",,,,"Kabupaten Bangli","Bali","ID","https://www.freecancellations.com/search/F2d3QwYHHHNXX1RdD1tTQlEJXEtnFgAX?lat=-8.20832&lng=115.38517&language=de","","Rumah","Persewaan liburan",,,,,,,,,"https://www.google.com/maps/search/?api=1&query=Hidden%20Hill%20-%20Double%20Room%20with%20Mountain%20View&query_place_id=ChIJewQOcGTx0S0RzphoDd5Ghqw","Rumah"
"Volcano Side Kintamani Bali - Studio with Mountain View","4.15","8",,"Kabupaten Bangli","Bali","ID","https://br.bluepillow.com/search/654d08bb3011da1e8b79c668?dest=bkng&cat=Villa&lat=-8.23094&lng=115.3956&language=pt","","Vila","Persewaan liburan",,,,,,,,,"https://www.google.com/maps/search/?api=1&query=Volcano%20Side%20Kintamani%20Bali%20-%20Studio%20with%20Mountain%20View&query_place_id=ChIJxUd-bUzx0S0R97G-nIesGEo","Vila"
"Mountainparkbali - Double Room with Mountain View",,,,"Kabupaten Bangli","Bali","ID","https://br.bluepillow.com/search/6811bf596178c7268f2da69e?dest=bkng&cat=House&lat=-8.2072&lng=115.38346&language=pt","","Rumah","Persewaan liburan",,,,,,,,,"https://www.google.com/maps/search/?api=1&query=Mountainparkbali%20-%20Double%20Room%20with%20Mountain%20View&query_place_id=ChIJ2V_pcWPx0S0RZhc_NBEQo1c","Rumah"
"Hillside bali - Double Room with Mountain View","5","8",,"Kabupaten Bangli","Bali","ID","https://www.freecancellations.com/search/F2cjQQEAGyEHV1BVXlkEEggLD0tpEV0U?lat=-8.22257&lng=115.3988&language=de","","Rental Akomodasi","Persewaan liburan",,,,,,,,,"https://www.google.com/maps/search/?api=1&query=Hillside%20bali%20-%20Double%20Room%20with%20Mountain%20View&query_place_id=ChIJrzRYTkbx0S0ROgqWnO7bnJc","Rental Akomodasi"
"Pondok Plantation Luxury Mountain Escape Bedugul - Holiday Home","4.95","8",,"Kabupaten Tabanan","Bali","ID","https://br.bluepillow.com/search/5d27f326e24da43a581b880f?dest=bkng&cat=House&lat=-8.30162&lng=115.18278&language=pt","","Rumah","Persewaan liburan",,,,,,,,,"https://www.google.com/maps/search/?api=1&query=Pondok%20Plantation%20Luxury%20Mountain%20Escape%20Bedugul%20-%20Holiday%20Home&query_place_id=ChIJH4R7Ko-J0S0R8_N5qzD-eyI","Rumah"
"Mountainparkbali - Double Room with Mountain View",,,,"Kabupaten Bangli","Bali","ID","https://www.freecancellations.com/search/F2d3QwcDG3pXX1RdD1tTQlEJXEowQ1wX?lat=-8.2072&lng=115.38346&language=de","","Rumah","Persewaan liburan",,,,,,,,,"https://www.google.com/maps/search/?api=1&query=Mountainparkbali%20-%20Double%20Room%20with%20Mountain%20View&query_place_id=ChIJ2V_pcWPx0S0R8aZkXUToA1Y","Rumah"
"DWan Tea Mountain Side - Deluxe King Room","5","16",,"Kabupaten Tabanan","Bali","ID",,"","Rumah","Persewaan liburan",,,,,,,,,"https://www.google.com/maps/search/?api=1&query=DWan%20Tea%20Mountain%20Side%20-%20Deluxe%20King%20Room&query_place_id=ChIJD1Qn1cYn0i0RJbLX5_8duCs","Rumah"
"The volcano - Double Room with Mountain View",,,,"Kabupaten Bangli","Bali","ID","https://www.freecancellations.com/search/F2cjQQEBSHIHV1BVXlkEEggLD0oyTVNH?lat=-8.2228&lng=115.39816&language=de","","Rental Akomodasi","Persewaan liburan",,,,,,,,,"https://www.google.com/maps/search/?api=1&query=The%20volcano%20-%20Double%20Room%20with%20Mountain%20View&query_place_id=ChIJeSpRQUbx0S0RvpFLgqBkBro","Rental Akomodasi"
"DWan Tea Mountain Side - Joglo House","5","8",,"Kabupaten Tabanan","Bali","ID","https://br.bluepillow.com/search/59438ff87c00cb0e64382956/214321811?dest=bkng&cat=House&lat=-8.35917&lng=115.11462&language=pt","","Rumah","Persewaan liburan",,,,,,,,,"https://www.google.com/maps/search/?api=1&query=DWan%20Tea%20Mountain%20Side%20-%20Joglo%20House&query_place_id=ChIJD1Qn1cYn0i0Rn_DOvEXqz-k","Rumah"
"Mount Batur Homestay - Double Room with Mountain View",,,,"Kabupaten Bangli","Bali","ID","https://www.freecancellations.com/search/F2ZyS11WS3RRDVVVDVlSEgtYCh1kRQNA?lat=-8.22013&lng=115.39088&language=de","","Rumah","Persewaan liburan",,,,,,,,,"https://www.google.com/maps/search/?api=1&query=Mount%20Batur%20Homestay%20-%20Double%20Room%20with%20Mountain%20View&query_place_id=ChIJ9cVKqUTx0S0ROWlIbPC5P04","Rumah"
"Batur House Volcano - Double Room with Mountain View",,,,"Kabupaten Bangli","Bali","ID","https://br.bluepillow.com/search/68e3dd52f93025efadacb185?dest=nuit&cat=Bed+and+breakfast&lat=-8.21771&lng=115.38641&language=pt","","Rental Akomodasi","Persewaan liburan",,,,,,,,,"https://www.google.com/maps/search/?api=1&query=Batur%20House%20Volcano%20-%20Double%20Room%20with%20Mountain%20View&query_place_id=ChIJOZGRTFzx0S0Rc88vFeS81pk","Rental Akomodasi"
"Batur Basecamp - Double Room with Mountain View",,,,"Kabupaten Bangli","Bali","ID",,"","Rumah","Persewaan liburan",,,,,,,,,"https://www.google.com/maps/search/?api=1&query=Batur%20Basecamp%20-%20Double%20Room%20with%20Mountain%20View&query_place_id=ChIJWT4ycTTx0S0RVzK2Bq48mEQ","Rumah"
"DWan Tea Mountain Side - Junior Suite with Mountain and Pool View","5","8",,"Kabupaten Tabanan","Bali","ID","https://br.bluepillow.com/search/59438ff87c00cb0e64382956/214321807?dest=bkng&cat=House&lat=-8.35917&lng=115.11462&language=pt","","Rumah","Persewaan liburan",,,,,,,,,"https://www.google.com/maps/search/?api=1&query=DWan%20Tea%20Mountain%20Side%20-%20Junior%20Suite%20with%20Mountain%20and%20Pool%20View&query_place_id=ChIJD1Qn1cYn0i0REtkumzVBaxA","Rumah"
"Uma Nirmala Aling-Aling - Double Room with Mountain View",,,,"Kabupaten Buleleng","Bali","ID","https://br.bluepillow.com/search/61eedf7c113b0ba9fb93bab2?dest=bkng&cat=Apartment&lat=-8.17353&lng=115.10555&language=pt","","Penginapan","Persewaan liburan",,,,,,,,,"https://www.google.com/maps/search/?api=1&query=Uma%20Nirmala%20Aling-Aling%20-%20Double%20Room%20with%20Mountain%20View&query_place_id=ChIJvb_-Vf2P0S0RT7Z3zmBuUOE","Penginapan"
"Volcano Side Kintamani Bali - Double Room with Mountain View","4.15","8",,"Kabupaten Bangli","Bali","ID","https://br.bluepillow.com/search/654d08bb3011da1e8b79c668/671768104?dest=bkng&cat=Villa&lat=-8.23094&lng=115.3956&language=pt","","Vila","Persewaan liburan",,,,,,,,,"https://www.google.com/maps/search/?api=1&query=Volcano%20Side%20Kintamani%20Bali%20-%20Double%20Room%20with%20Mountain%20View&query_place_id=ChIJxUd-bUzx0S0RMIRpBiJedXY","Vila"
"Sang Giri Mountain Tent Resort by Puri Signatures - Deluxe Tent","4.45","14",,"Kabupaten Tabanan","Bali","ID",,"","Rumah","Persewaan liburan",,,,,,,,,"https://www.google.com/maps/search/?api=1&query=Sang%20Giri%20Mountain%20Tent%20Resort%20by%20Puri%20Signatures%20-%20Deluxe%20Tent&query_place_id=ChIJ5Wb9qbgn0i0RChUVATesKkk","Rumah"
"Volcano Garden - Double Room with Mountain View",,,,"Kabupaten Bangli","Bali","ID","https://www.freecancellations.com/search/F2cjQQEAGCUHV1BVXlkEEggLD0szQV1L?lat=-8.22602&lng=115.40035&language=de","","Rental Akomodasi","Persewaan liburan",,,,,,,,,"https://www.google.com/maps/search/?api=1&query=Volcano%20Garden%20-%20Double%20Room%20with%20Mountain%20View&query_place_id=ChIJ92fpRUjx0S0RzPKh54lFXB8","Rental Akomodasi"
"Volcano Garden - Double Room with Mountain View",,,,"Kabupaten Bangli","Bali","ID","https://br.bluepillow.com/search/68e3de6ff93025efadaeb489?dest=nuit&cat=Bed+and+breakfast&lat=-8.22602&lng=115.40035&language=pt","","Rental Akomodasi","Persewaan liburan",,,,,,,,,"https://www.google.com/maps/search/?api=1&query=Volcano%20Garden%20-%20Double%20Room%20with%20Mountain%20View&query_place_id=ChIJ92fpRUjx0S0RDgdlWubvmcc","Rental Akomodasi"
"Batur Volcano Cottage - Double Room with Mountain View",,,,"Kabupaten Bangli","Bali","ID","https://br.bluepillow.com/search/68e3ddc1f93025efadad7302?dest=nuit&cat=aprtment&lat=-8.22589&lng=115.40023&language=pt","","Rental Akomodasi","Persewaan liburan",,,,,,,,,"https://www.google.com/maps/search/?api=1&query=Batur%20Volcano%20Cottage%20-%20Double%20Room%20with%20Mountain%20View&query_place_id=ChIJq8P3REjx0S0R-npI_oEGq54","Rental Akomodasi"
"Pemuteran Park","4.6","25","VM2F+837","Kabupaten Buleleng","Bali","ID",,"+62 812-3931-6777","Hotel",,,,,,,,,,"https://www.google.com/maps/search/?api=1&query=Pemuteran%20Park&query_place_id=ChIJ6yG3gFlu0S0RQygN3ZK-oy8","Hotel"
"Tangkup Waterfall parking","4.7","16","J8F5+H7J","Kabupaten Gianyar","Bali","ID",,"","Area Mendaki",,,,,,,,,,"https://www.google.com/maps/search/?api=1&query=Tangkup%20Waterfall%20parking&query_place_id=ChIJZSGjgr4f0i0RtDFAliUdyio","Area Mendaki"
"Padawareg Recretional and education park","5","2","Jl. Pejeng Kaja - Tampak Siring Jl. Raya Tampaksiring No.18","Kabupaten Gianyar","Bali","ID",,"+62 821-4507-8298","Taman Hiburan","Taman",,,,,,,,,"https://www.google.com/maps/search/?api=1&query=Padawareg%20Recretional%20and%20education%20park&query_place_id=ChIJlYdqES4Z0i0Rz4YapTdaD-E","Taman Hiburan"
"Bali Jungle Adventure Park","4.6","10","HCGP+FM4, Jl. Raya Muncan","Kabupaten Karangasem","Bali","ID",,"+62 821-4446-2800","Rafting","Pusat Olahraga Petualangan",,,,,,,,,"https://www.google.com/maps/search/?api=1&query=Bali%20Jungle%20Adventure%20Park&query_place_id=ChIJVVVVVfwT0i0RQacc10jF658","Rafting"
"The National Park Villa","5","1","Jl. Singaraja-Gilimanuk Gg 15 , Pemuteran, Kec. Gerokgak","Kabupaten Buleleng","Bali","ID",,"+62 813-3917-2186","Vila",,,,,,,,,,"https://www.google.com/maps/search/?api=1&query=The%20National%20Park%20Villa&query_place_id=ChIJ2RhVnkNv0S0R3P9x5ZtDUJ0","Vila"
"Public Parking Area","3.8","6","Jl. Hanoman No.73","Kabupaten Gianyar","Bali","ID",,"","Tempat Parkir",,,,,,,,,,"https://www.google.com/maps/search/?api=1&query=Public%20Parking%20Area&query_place_id=ChIJNT1YXF090i0Rej4tI36Ca7w","Tempat Parkir"
"Waterfall Scooter Parking","5","2","Jl. Air Terjun No.37","Kabupaten Buleleng","Bali","ID",,"","Area Mendaki",,,,,,,,,,"https://www.google.com/maps/search/?api=1&query=Waterfall%20Scooter%20Parking&query_place_id=ChIJBRfKWACP0S0RJWM-ITFpvZo","Area Mendaki"
"Pesona Parking Lot","5","1","F7Q7+8JF","Kabupaten Gianyar","Bali","ID",,"","Tempat Parkir Gratis",,,,,,,,,,"https://www.google.com/maps/search/?api=1&query=Pesona%20Parking%20Lot&query_place_id=ChIJ2bItKwA90i0Rg2R5s11nYD0","Tempat Parkir Gratis"
"Ruang Terbuka Hijau (RTH)","4.6","10","V482+45V","Kabupaten Buleleng","Bali","ID",,"","Taman",,,,,,,,,,"https://www.google.com/maps/search/?api=1&query=Ruang%20Terbuka%20Hijau%20(RTH)&query_place_id=ChIJRRO75n2Q0S0RBU6zKsfUIUg","Taman"
"Mason Elephant Park & Lodge","4","4920","Jalan Elephant Safari Park Banjar Desa Taro Tegallalang, Jl. Taman Gajah","Kabupaten Gianyar","Bali","ID","https://masonelephantpark.com/","+62 361 721480","Kebun Binatang","Hotel","Pondok",,,,,,,,"https://www.google.com/maps/search/?api=1&query=Mason%20Elephant%20Park%20%26%20Lodge&query_place_id=ChIJA1q6oNEY0i0RFA_HMCTTWhY","Kebun Binatang"
"Taman Beji Griya Waterfall Temple","4.5","7625","Jl. Mawar","Kabupaten Badung","Bali","ID","https://griyabejiwaterfallbali.com/","+62 812-3767-6644","Pura","Tempat Religius",,,,,,,,,"https://www.google.com/maps/search/?api=1&query=Taman%20Beji%20Griya%20Waterfall%20Temple&query_place_id=ChIJrQqLrQ090i0REGuC35hCGrc","Pura"
"Krisna Water Park","4.1","622",,"Kabupaten Buleleng","Bali","ID","http://www.krisnabali.co.id/","+62 817-4757-667","Taman Rekreasi Air",,,,,,,,,,"https://www.google.com/maps/search/?api=1&query=Krisna%20Water%20Park&query_place_id=ChIJ59K6vgud0S0RKKvKyCD3Cdg","Taman Rekreasi Air"
"Krisna Osea Park","4.5","147",,"Kabupaten Buleleng","Bali","ID","http://www.krisnanorthbali.com/","+62 857-9292-4251","Restoran","Restoran Indonesia","Kolam Renang Umum","Pusat Rekreasi","Restoran Seafood","Layanan Rental Peralatan Olahraga Air","Restoran Masakan Barat",,,,"https://www.google.com/maps/search/?api=1&query=Krisna%20Osea%20Park&query_place_id=ChIJ56_1r7Kc0S0RODdwWuu0boM","Restoran"
"Basang Bee Adventure Park","5","1","H58X+FCF, Jl. Raya Denpasar","Kabupaten Tabanan","Bali","ID",,"","Bumi perkemahan",,,,,,,,,,"https://www.google.com/maps/search/?api=1&query=Basang%20Bee%20Adventure%20Park&query_place_id=ChIJr-LKOUIj0i0RcuiIgKQqPOk","Bumi perkemahan"
"Oemah Batur - Double Room with Mountain View",,,,"Kabupaten Bangli","Bali","ID","https://br.bluepillow.com/search/61ef1247113b0ba9fb96428c?dest=bkng&cat=House&lat=-8.24769&lng=115.39605&language=pt","","Penginapan","Persewaan liburan",,,,,,,,,"https://www.google.com/maps/search/?api=1&query=Oemah%20Batur%20-%20Double%20Room%20with%20Mountain%20View&query_place_id=ChIJSade17v20S0RAGZZXcKndjI","Penginapan"
"Pondok Valen mountain view - Double Room with Mountain View",,,,"Kabupaten Bangli","Bali","ID","https://br.bluepillow.com/search/68e3dcf8f93025efadac10a8?dest=nuit&cat=Mountain+hut&lat=-8.22273&lng=115.39847&language=pt","","Penginapan","Persewaan liburan",,,,,,,,,"https://www.google.com/maps/search/?api=1&query=Pondok%20Valen%20mountain%20view%20-%20Double%20Room%20with%20Mountain%20View&query_place_id=ChIJAQnnRUbx0S0R8cqidE_mXbY","Penginapan"
"Cabana bali villa - Double Room with Mountain View",,,,"Kabupaten Bangli","Bali","ID","https://www.freecancellations.com/search/F2pyEQQGSiFSXlJUCA1QEVENWRlnQVRD?lat=-8.23863&lng=115.40836&language=de","","Penginapan","Persewaan liburan",,,,,,,,,"https://www.google.com/maps/search/?api=1&query=Cabana%20bali%20villa%20-%20Double%20Room%20with%20Mountain%20View&query_place_id=ChIJN7hLAMz20S0RzeibsFeJ5Yw","Penginapan"
"Oemah Batur - Double Room with Mountain View",,,,"Kabupaten Bangli","Bali","ID","https://www.freecancellations.com/search/F2giQ1MGF3QAXFIBVVhYTQ8KV0xnFFZG?lat=-8.24768&lng=115.39604&language=de","","Penginapan","Persewaan liburan",,,,,,,,,"https://www.google.com/maps/search/?api=1&query=Oemah%20Batur%20-%20Double%20Room%20with%20Mountain%20View&query_place_id=ChIJPXdb17v20S0RrCFsezcaOT8","Penginapan"
"The Aroma Villa Munduk - Double Room with Mountain View",,,,"Kabupaten Buleleng","Bali","ID","https://br.bluepillow.com/search/6398f8fec551970d3c75ac19?dest=bkng&cat=House&lat=-8.25897&lng=114.99626&language=pt","","Penginapan","Persewaan liburan",,,,,,,,,"https://www.google.com/maps/search/?api=1&query=The%20Aroma%20Villa%20Munduk%20-%20Double%20Room%20with%20Mountain%20View&query_place_id=ChIJh4JBq_-D0S0R2JOGyLW4tpM","Penginapan"
"Umah De Madya Rooftop De Madya - Studio with Mountain View",,,,"Kabupaten Buleleng","Bali","ID","https://br.bluepillow.com/search/594390477c00cb0e6438728e/216912911?dest=bkng&cat=House&lat=-8.26582&lng=115.05786&language=pt","","Penginapan","Persewaan liburan",,,,,,,,,"https://www.google.com/maps/search/?api=1&query=Umah%20De%20Madya%20Rooftop%20De%20Madya%20-%20Studio%20with%20Mountain%20View&query_place_id=ChIJ7_pRmHqG0S0Rtv57nhhLiRU","Penginapan"
"Munduk Panorama - Double Room With Mountain View",,,,"Kabupaten Buleleng","Bali","ID","https://www.freecancellations.com/search/F2giQ1MHTHYAXFIBVVhYTQ8KV09iRVBB?lat=-8.26638&lng=115.05566&language=de","","Penginapan","Persewaan liburan",,,,,,,,,"https://www.google.com/maps/search/?api=1&query=Munduk%20Panorama%20-%20Double%20Room%20With%20Mountain%20View&query_place_id=ChIJgU4v33qG0S0RI-lDqmwHEso","Penginapan"
"Desa Eko - Deluxe Tent with Mountain View",,,,"Kabupaten Buleleng","Bali","ID","https://br.bluepillow.com/search/5bffd71a7c00cb134c3fe341/409180711?dest=bkng&cat=House&lat=-8.25428&lng=115.07721&language=pt","","Penginapan","Persewaan liburan",,,,,,,,,"https://www.google.com/maps/search/?api=1&query=Desa%20Eko%20-%20Deluxe%20Tent%20with%20Mountain%20View&query_place_id=ChIJzReHO-KF0S0ROwNBQmjKrWM","Penginapan"
"Lumbung ayu sari and spa - Double Room with Mountain View",,,,"Kabupaten Karangasem","Bali","ID","https://www.freecancellations.com/search/F2cjQQEHHXAHV1BVXlkEEggLDxY1FlBL?lat=-8.47557&lng=115.43438&language=de","","Penginapan","Persewaan liburan",,,,,,,,,"https://www.google.com/maps/search/?api=1&query=Lumbung%20ayu%20sari%20and%20spa%20-%20Double%20Room%20with%20Mountain%20View&query_place_id=ChIJYf5A_HgQ0i0RYUIWUzKww00","Penginapan"
"D'Taman Cabin Kintamani - Double Room with Mountain View",,,,"Kabupaten Bangli","Bali","ID",,"","Penginapan","Persewaan liburan",,,,,,,,,"https://www.google.com/maps/search/?api=1&query=D'Taman%20Cabin%20Kintamani%20-%20Double%20Room%20with%20Mountain%20View&query_place_id=ChIJvfECtHn20S0RQuh702H7viE","Penginapan"
"Highland Santi Homestay - Double Room with Mountain View",,,,"Kabupaten Karangasem","Bali","ID","https://br.bluepillow.com/search/68e3de02f93025efadade9b0?dest=nuit&cat=Mountain+hut&lat=-8.36969&lng=115.46518&language=pt","","Penginapan","Persewaan liburan",,,,,,,,,"https://www.google.com/maps/search/?api=1&query=Highland%20Santi%20Homestay%20-%20Double%20Room%20with%20Mountain%20View&query_place_id=ChIJ489kz8kc0i0R2EJF-ME5jAo","Penginapan"
"Pinggan Vista Alam - Double Room with Mountain View",,,,"Kabupaten Bangli","Bali","ID","https://br.bluepillow.com/search/68e3dd0af93025efadac3153?dest=nuit&cat=Bed+and+breakfast&lat=-8.20676&lng=115.38131&language=pt","","Penginapan","Persewaan liburan",,,,,,,,,"https://www.google.com/maps/search/?api=1&query=Pinggan%20Vista%20Alam%20-%20Double%20Room%20with%20Mountain%20View&query_place_id=ChIJs7Dz4GLx0S0R_X2LggKZt2M","Penginapan"
"Bukit Kembang Sari - Family Room with Mountain View",,,,"Kabupaten Karangasem","Bali","ID","https://br.bluepillow.com/search/65cad4fa671b07d23c70ac39/987755203?dest=bkng&cat=House&lat=-8.48149&lng=115.56895&language=pt","","Penginapan","Persewaan liburan",,,,,,,,,"https://www.google.com/maps/search/?api=1&query=Bukit%20Kembang%20Sari%20-%20Family%20Room%20with%20Mountain%20View&query_place_id=ChIJVx9t2LQI0i0R6mKjuZJklOY","Penginapan"
"Taman Dari Villa - Double Room with Mountain View",,,,"Kabupaten Buleleng","Bali","ID","https://www.freecancellations.com/search/F2cjQQEGFyEHV1BVXlkEEggLD0xnFAdL?lat=-8.17224&lng=115.18373&language=de","","Penginapan","Persewaan liburan",,,,,,,,,"https://www.google.com/maps/search/?api=1&query=Taman%20Dari%20Villa%20-%20Double%20Room%20with%20Mountain%20View&query_place_id=ChIJvbDSQgGO0S0R2XTsTih-lMk","Penginapan"
"Volcano Lake View - Double Room with Mountain View",,,,"Kabupaten Bangli","Bali","ID","https://br.bluepillow.com/search/67d16bb5a21d9499fe9a31a1?dest=nuit&cat=Bed+and+breakfast&lat=-8.22291&lng=115.39602&language=pt","","Penginapan","Persewaan liburan",,,,,,,,,"https://www.google.com/maps/search/?api=1&query=Volcano%20Lake%20View%20-%20Double%20Room%20with%20Mountain%20View&query_place_id=ChIJnW1S2UXx0S0RaWI7CTFCfKs","Penginapan"
"Volcano Lake View - Double Room with Mountain View",,,,"Kabupaten Bangli","Bali","ID","https://br.bluepillow.com/search/5df4f2e1e24da45b685c63e0?dest=bkng&cat=House&lat=-8.22336&lng=115.39971&language=pt","","Penginapan","Persewaan liburan",,,,,,,,,"https://www.google.com/maps/search/?api=1&query=Volcano%20Lake%20View%20-%20Double%20Room%20with%20Mountain%20View&query_place_id=ChIJa3ukzkfx0S0RCmLCn1bcfYM","Penginapan"
"Desa Eko - Studio with Mountain View",,,,"Kabupaten Buleleng","Bali","ID","https://br.bluepillow.com/search/5bffd71a7c00cb134c3fe341/409180710?dest=bkng&cat=House&lat=-8.25428&lng=115.07721&language=pt","","Penginapan","Persewaan liburan",,,,,,,,,"https://www.google.com/maps/search/?api=1&query=Desa%20Eko%20-%20Studio%20with%20Mountain%20View&query_place_id=ChIJzReHO-KF0S0RM-TQsNn-LOw","Penginapan"
"Green Lava Mountain View Cabin Bedugul by IHM - One-Bedroom Wooden Cabin with Mountain View",,,,"Kabupaten Tabanan","Bali","ID","https://br.bluepillow.com/search/695e6feaac408a6eb70a98c6?dest=bkng&cat=House&lat=-8.27439&lng=115.16062&language=pt","","Penginapan","Persewaan liburan",,,,,,,,,"https://www.google.com/maps/search/?api=1&query=Green%20Lava%20Mountain%20View%20Cabin%20Bedugul%20by%20IHM%20-%20One-Bedroom%20Wooden%20Cabin%20with%20Mountain%20View&query_place_id=ChIJ2RTlFBSJ0S0RZvK8AyLangY","Penginapan"
"Nadi Nature Resort - Adults Only - Mountain View Tent",,,,"Kabupaten Tabanan","Bali","ID","https://www.freecancellations.com/search/F2giQ1MBFyAAXFIBVVhYTQ8KV0ppTABK?lat=-8.36375&lng=115.16395&language=de","","Penginapan","Persewaan liburan",,,,,,,,,"https://www.google.com/maps/search/?api=1&query=Nadi%20Nature%20Resort%20-%20Adults%20Only%20-%20Mountain%20View%20Tent&query_place_id=ChIJS65cjBgn0i0R8yg8dJjT46U","Penginapan"
"Volcano Lake View - Double Room with Mountain View",,,,"Kabupaten Bangli","Bali","ID","https://www.freecancellations.com/search/FDsgRgNXS3IEXFcBDVhUFl9XW01nRgBC?lat=-8.22336&lng=115.39971&language=de","","Penginapan","Persewaan liburan",,,,,,,,,"https://www.google.com/maps/search/?api=1&query=Volcano%20Lake%20View%20-%20Double%20Room%20with%20Mountain%20View&query_place_id=ChIJa3ukzkfx0S0RbUajHtwVBY0","Penginapan"
"Parkir mason elephant park",,,"J75M+MG4, Jalan Elephant Safari Park Banjar, Jl. Taman Gajah","Kabupaten Gianyar","Bali","ID",,"",,,,,,,,,,,"https://www.google.com/maps/search/?api=1&query=Parkir%20mason%20elephant%20park&query_place_id=ChIJ24sDTQAf0i0RQ8VkTzwLpkg",
"Taman Wana Nature Park",,,"H5RQ+5HV, Jalan Taman Wana","Kabupaten Tabanan","Bali","ID",,"+62 818-352-168","Taman",,,,,,,,,,"https://www.google.com/maps/search/?api=1&query=Taman%20Wana%20Nature%20Park&query_place_id=ChIJC-hn63Jn0S0RZdZy8kG_mDA","Taman"
"Kembengan Sari Waterpark","3.8","101","J656+3PP","Kabupaten Badung","Bali","ID",,"","Taman Rekreasi Air",,,,,,,,,,"https://www.google.com/maps/search/?api=1&query=Kembengan%20Sari%20Waterpark&query_place_id=ChIJmfcezBsh0i0R8WycSGrVxmA","Taman Rekreasi Air"
"pwrAD Park",,,"G5XV+49Q, Jl. Gatotkaca","Kabupaten Badung","Bali","ID",,"","Taman",,,,,,,,,,"https://www.google.com/maps/search/?api=1&query=pwrAD%20Park&query_place_id=ChIJhfLPtZ4j0i0RH-PWKXGimm8","Taman"
"Mt Batur Volcano Sunrise kintamani","4.8","27",,"Kabupaten Bangli","Bali","ID",,"","Area Rekreasi Alam",,,,,,,,,,"https://www.google.com/maps/search/?api=1&query=Mt%20Batur%20Volcano%20Sunrise%20kintamani&query_place_id=ChIJa22Q6yH30S0RfUeRerw7FiM","Area Rekreasi Alam"
"Petapan park","4.6","76","Br. Petapan Dusun swelagiri Desa Aan Kecamatab","Kabupaten Klungkung","Bali","ID",,"+62 812-3765-584","Rumah Makan","Kafe",,,,,,,,,"https://www.google.com/maps/search/?api=1&query=Petapan%20park&query_place_id=ChIJ1UspEygR0i0RVlCo-7t9wn4","Rumah Makan"
"Ay park","5","3","G3XC+72Q","Kabupaten Tabanan","Bali","ID",,"","Taman",,,,,,,,,,"https://www.google.com/maps/search/?api=1&query=Ay%20park&query_place_id=ChIJR1t1CwAv0i0RpXR2SaQG35M","Taman"
"Aloha Ubud Swing","4.7","11876","Jl. Raya Tegallalang","Kabupaten Gianyar","Bali","ID","https://alohaubudswing.com/","+62 819-9933-3462","Taman Hiburan",,,,,,,,,,"https://www.google.com/maps/search/?api=1&query=Aloha%20Ubud%20Swing&query_place_id=ChIJpUl7PSsj0i0RnRoc7IiThWU","Taman Hiburan"
"Krisna Campervan Park","4.9","21","RX9P+MF3","Kabupaten Buleleng","Bali","ID",,"","Bumi perkemahan",,,,,,,,,,"https://www.google.com/maps/search/?api=1&query=Krisna%20Campervan%20Park&query_place_id=ChIJq6cRUwCd0S0RFYTBn5rN1CA","Bumi perkemahan"
"Bali Moto Park","4.9","167",,"Kabupaten Tabanan","Bali","ID","https://www.balimotopark.com/","+62 812-1591-3473","Pusat Olahraga Petualangan",,,,,,,,,,"https://www.google.com/maps/search/?api=1&query=Bali%20Moto%20Park&query_place_id=ChIJtTTQNeIl0i0Rl7EBTYea9CA","Pusat Olahraga Petualangan"
"Gitgit Waterfall Parking Area","4.3","218",,"Kabupaten Buleleng","Bali","ID","http://www.gitgitwaterfall.com/","+62 877-7254-6517","Tempat Parkir",,,,,,,,,,"https://www.google.com/maps/search/?api=1&query=Gitgit%20Waterfall%20Parking%20Area&query_place_id=ChIJl3n_YbSP0S0RVwYQmp73rkM","Tempat Parkir"
"Bangketan Water Park (BWP)","3.8","10","H8P4+8Q4","Kabupaten Gianyar","Bali","ID",,"+62 819-9902-1224","Kolam Renang",,,,,,,,,,"https://www.google.com/maps/search/?api=1&query=Bangketan%20Water%20Park%20(BWP)&query_place_id=ChIJuSrlhrgY0i0RXSOdIS12e6E","Kolam Renang"
"Batur 1926 Memorial Park",,,"Jalan Raya Batur Kuno","Kabupaten Bangli","Bali","ID","https://www.pusdok.id/","+62 822-9928-2026","Taman Peringatan",,,,,,,,,,"https://www.google.com/maps/search/?api=1&query=Batur%201926%20Memorial%20Park&query_place_id=ChIJgyV6U0r10S0RoU1psCzxdFg","Taman Peringatan"
"Laba Penestanan Parking Area",,,"Jl. Penestanan Jl. Penestanan Kelod No.Br","Kabupaten Gianyar","Bali","ID",,"","Tempat Parkir",,,,,,,,,,"https://www.google.com/maps/search/?api=1&query=Laba%20Penestanan%20Parking%20Area&query_place_id=ChIJp6EFLAA90i0R8fLVt_0s3nA","Tempat Parkir"
"Gajah biru parking","1","5","F7V2+HGV, Jl. Penestanan","Kabupaten Gianyar","Bali","ID",,"","Tempat Parkir",,,,,,,,,,"https://www.google.com/maps/search/?api=1&query=Gajah%20biru%20parking&query_place_id=ChIJyY09XAA90i0RQ7La3mFzess","Tempat Parkir"
"Basangbe Adventure Park","4.7","26","G6X5+MV8, Unnamed Road","Kabupaten Tabanan","Bali","ID",,"","Penginapan",,,,,,,,,,"https://www.google.com/maps/search/?api=1&query=Basangbe%20Adventure%20Park&query_place_id=ChIJrYIgzAoj0i0R2G0jwM2SKmk","Penginapan"
"Nadi Nature Resort - Adults Only - Mountain View Tent",,,,"Kabupaten Tabanan","Bali","ID","https://br.bluepillow.com/search/64861dd37f7e24c1922fef7f?dest=bkng&cat=House&lat=-8.36375&lng=115.16396&language=pt","","Penginapan","Persewaan liburan",,,,,,,,,"https://www.google.com/maps/search/?api=1&query=Nadi%20Nature%20Resort%20-%20Adults%20Only%20-%20Mountain%20View%20Tent&query_place_id=ChIJr4ZDjBgn0i0RyG-QUCUByDY","Penginapan"
"BESAKIH HOMESTAY - Twin Room with Mountain View",,,,"Kabupaten Karangasem","Bali","ID","https://br.bluepillow.com/search/654cb2173011da1e8b79350a/1093335902?dest=bkng&cat=House&lat=-8.38724&lng=115.44196&language=pt","","Penginapan","Persewaan liburan",,,,,,,,,"https://www.google.com/maps/search/?api=1&query=BESAKIH%20HOMESTAY%20-%20Twin%20Room%20with%20Mountain%20View&query_place_id=ChIJt0DsdZwc0i0RrP6ffX4GiHE","Penginapan"
"Batur view Homestay - Loft - Double Room with Mountain View",,,,"Kabupaten Bangli","Bali","ID","https://br.bluepillow.com/search/5d363e63e24da4139855bd44?dest=bkng&cat=House&lat=-8.27962&lng=115.35782&language=pt","","Penginapan","Persewaan liburan",,,,,,,,,"https://www.google.com/maps/search/?api=1&query=Batur%20view%20Homestay%20-%20Loft%20-%20Double%20Room%20with%20Mountain%20View&query_place_id=ChIJZW8p_sr10S0RbdkkixaNj8w","Penginapan"
"Kebun Raya Eka Karya Bali","4.6","18051","Jl. Kebun Raya","Kabupaten Tabanan","Bali","ID","https://kebunraya.id/bali","+62 368 2033211","Kebun Raya","Tujuan Wisata",,,,,,,,,"https://www.google.com/maps/search/?api=1&query=Kebun%20Raya%20Eka%20Karya%20Bali&query_place_id=ChIJDSEiPAyJ0S0RxX3GamOTQ4k","Kebun Raya"
"Podpadi Design Spaces (Guest Parking)","3.8","4","F7M2+J6G","Kabupaten Gianyar","Bali","ID",,"","Tempat Parkir",,,,,,,,,,"https://www.google.com/maps/search/?api=1&query=Podpadi%20Design%20Spaces%20(Guest%20Parking)&query_place_id=ChIJhWA_jHA90i0RvdjozMRw3vE","Tempat Parkir"
"Bamboo Bounce","5","4","Jl. Empathy No.7","Kabupaten Gianyar","Bali","ID",,"+62 853-3722-7790","Taman bermain","Kafe anak-anak","Klub anak-anak","Perpustakaan Anak-Anak","Penyelenggara aktivitas luar ruangan","Kolam renang luar ruangan","Taman","Kompleks Olahraga",,,"https://www.google.com/maps/search/?api=1&query=Bamboo%20Bounce&query_place_id=ChIJj0Io-lEX0i0Roz4aH0dLYDQ","Taman bermain"
"Pondok Nini Parking Area","5","1","F7VG+5HQ Subak Sekembang, Jl. Gn. Sari Br. Ambengan","Kabupaten Gianyar","Bali","ID",,"","Gedung Parkir",,,,,,,,,,"https://www.google.com/maps/search/?api=1&query=Pondok%20Nini%20Parking%20Area&query_place_id=ChIJqdkfOgA90i0RHJYG0r-phb0","Gedung Parkir"
"Park Kos",,,,"Kabupaten Gianyar","Bali","ID",,"+62 812-3935-1842","Rumah Pondokan",,,,,,,,,,"https://www.google.com/maps/search/?api=1&query=Park%20Kos&query_place_id=ChIJxQOIgEYX0i0RcUhz-aGCRiI","Rumah Pondokan"
"Parking 2 Glamor Kintamani","5","2","Jl. Songan","Kabupaten Bangli","Bali","ID",,"+62 812-3799-8578","Tempat Parkir",,,,,,,,,,"https://www.google.com/maps/search/?api=1&query=Parking%202%20Glamor%20Kintamani&query_place_id=ChIJU4CPNjP30S0R6rvLez47t2c","Tempat Parkir"
"Area Parkir TPB Margarana","5","1","G5M6+GW7, Jl. Wisnu Marga","Kabupaten Tabanan","Bali","ID",,"","Tempat Parkir",,,,,,,,,,"https://www.google.com/maps/search/?api=1&query=Area%20Parkir%20TPB%20Margarana&query_place_id=ChIJM5ZIGgAl0i0R0BqftX53k2U","Tempat Parkir"
"Public Parking Tenganan Dauh Tukad Village","5","3","GH97+77V, Br.Dinas Tenganan","Kabupaten Karangasem","Bali","ID",,"","Tempat Parkir Umum",,,,,,,,,,"https://www.google.com/maps/search/?api=1&query=Public%20Parking%20Tenganan%20Dauh%20Tukad%20Village&query_place_id=ChIJZyhOEosP0i0RMPWHSoZxfIk","Tempat Parkir Umum"
"Batur Water Park Villa","4.2","255","Jl. Pendakian Gn. Batur","Kabupaten Bangli","Bali","ID",,"+62 813-9029-0570","Hotel",,,,,,,,,,"https://www.google.com/maps/search/?api=1&query=Batur%20Water%20Park%20Villa&query_place_id=ChIJobH1ZMj30S0RVsDPPk2vLY0","Hotel"
"Kopi Pangeran, Ubud – Parking Lot","5","1","Jl. Penestanan","Kabupaten Gianyar","Bali","ID",,"","Tempat Parkir",,,,,,,,,,"https://www.google.com/maps/search/?api=1&query=Kopi%20Pangeran%2C%20Ubud%20%E2%80%93%20Parking%20Lot&query_place_id=ChIJ-9JY0qk90i0R76Jdb7f1RVk","Tempat Parkir"
"Sepeda Liar Mini Bike Park","5","5","G495+HQ2, Unnamed Road","Kabupaten Tabanan","Bali","ID",,"","Taman Bersepeda",,,,,,,,,,"https://www.google.com/maps/search/?api=1&query=Sepeda%20Liar%20Mini%20Bike%20Park&query_place_id=ChIJ5Rk9fDwl0i0RdkYEcM1uM8o","Taman Bersepeda"
"Parking area gunung kawi sebatu","5","13","H7VV+W7F, Jl pura gunung kawi","Kabupaten Gianyar","Bali","ID",,"","Tempat Parkir Umum",,,,,,,,,,"https://www.google.com/maps/search/?api=1&query=Parking%20area%20gunung%20kawi%20sebatu&query_place_id=ChIJZbaiBAAZ0i0Rb8791Ai2fwc","Tempat Parkir Umum"
"Car Park Wood School","5","2","F7JV+W3P, Jl. Raya Dr. Ir. Sukarno","Kabupaten Gianyar","Bali","ID",,"","Tempat Parkir",,,,,,,,,,"https://www.google.com/maps/search/?api=1&query=Car%20Park%20Wood%20School&query_place_id=ChIJkdAsMGkX0i0R80OiwAKQfoo","Tempat Parkir"
"Bangli Skatepark","4.9","13","Jl. Lettu Lila No.9","Kabupaten Bangli","Bali","ID",,"","Taman bermain papan seluncur",,,,,,,,,,"https://www.google.com/maps/search/?api=1&query=Bangli%20Skatepark&query_place_id=ChIJhwqUsQQZ0i0R_PiRKDowjk0","Taman bermain papan seluncur"
"Car Park Amandari Resort Bali","1","1","Amandari Resort Bali, JL. Raya Kedewatan, Kedewatan, 80571 Bali, Indonesia","Kabupaten Gianyar","Bali","ID",,"","Tempat Parkir",,,,,,,,,,"https://www.google.com/maps/search/?api=1&query=Car%20Park%20Amandari%20Resort%20Bali&query_place_id=ChIJ9YA_1iw90i0RruiL-W3hprs","Tempat Parkir"
"Batur Organic Park",,,,"Kabupaten Bangli","Bali","ID",,"+62 813-3852-2005","Kebun Buah",,,,,,,,,,"https://www.google.com/maps/search/?api=1&query=Batur%20Organic%20Park&query_place_id=ChIJ41bsSUDz0S0RoLS1Eb05omg","Kebun Buah"
"Ray is garden park",,,"QCH4+P8 SunRay’s paradise","Kabupaten Bangli","Bali","ID",,"","Bumi perkemahan",,,,,,,,,,"https://www.google.com/maps/search/?api=1&query=Ray%20is%20garden%20park&query_place_id=ChIJJU_VKu_x0S0Rzb803fb9PTg","Bumi perkemahan"
"Ulundanu parking lot",,,"G2RW+5JH","Kabupaten Tabanan","Bali","ID",,"","Tempat Parkir",,,,,,,,,,"https://www.google.com/maps/search/?api=1&query=Ulundanu%20parking%20lot&query_place_id=ChIJ6ZJMRAAv0i0Ruvq96xJDmks","Tempat Parkir"
"ONYX PARK RESORT Ubud",,,,"Kabupaten Gianyar","Bali","ID","https://deals.vio.com/?sig=73aca13c7f952d2641c156f3e69125e1eb497c325f122828ee5aa8797168b9a12d32303331333438363233&turl=https%3A%2F%2Fwww.vio.com%2FHotel%2FSearch%3FhotelId%3D133289455%26utm_source%3Dgha-vr%26utm_campaign%3Dstatic%26openHotelDetails%3D1","","Penginapan","Persewaan liburan",,,,,,,,,"https://www.google.com/maps/search/?api=1&query=ONYX%20PARK%20RESORT%20Ubud&query_place_id=ChIJAXF9I7Mi0i0RwO_oW4kGRYw","Penginapan"
"Swaha Retreat & Eco Park Ubud",,,,"Kabupaten Gianyar","Bali","ID","https://www.decolar.com/hoteis/h-6424686","","Penginapan","Persewaan liburan",,,,,,,,,"https://www.google.com/maps/search/?api=1&query=Swaha%20Retreat%20%26%20Eco%20Park%20Ubud&query_place_id=ChIJIZSKYUwf0i0RkxbtgyDnpBY","Penginapan"
"Mountain Home",,,"R3GW+JCM","Kabupaten Buleleng","Bali","ID",,"","Pembangunan Perumahan",,,,,,,,,,"https://www.google.com/maps/search/?api=1&query=Mountain%20Home&query_place_id=ChIJ2YgLKACP0S0RDGrohGINbjE","Pembangunan Perumahan"
"Dewangga Mountain View","4.7","24","Jalan Bunbulan, Banjar Jl. Serongga","Kabupaten Bangli","Bali","ID",,"+62 818-0346-6785","Hostel",,,,,,,,,,"https://www.google.com/maps/search/?api=1&query=Dewangga%20Mountain%20View&query_place_id=ChIJCcoCZ5Dx0S0RmOCPNr4_j0Y","Hostel"
"Pulak Mountain","5","1","QCJ7+3H6","Kabupaten Bangli","Bali","ID",,"+62 819-9428-8432","Penyelenggara aktivitas luar ruangan",,,,,,,,,,"https://www.google.com/maps/search/?api=1&query=Pulak%20Mountain&query_place_id=ChIJmwSkupvx0S0R04G-hFatZ34","Penyelenggara aktivitas luar ruangan"
"Mountains and Ocean View Villa",,,,"Kabupaten Buleleng","Bali","ID","https://br.bluepillow.com/search/61828a009e3163a56a26e45f?dest=ago&cat=Vacation+rental+(other)&lat=-8.12907&lng=115.36177&language=pt","","Penginapan","Persewaan liburan",,,,,,,,,"https://www.google.com/maps/search/?api=1&query=Mountains%20and%20Ocean%20View%20Villa&query_place_id=ChIJZ3EQM8Tt0S0RLr4fn7X8k8o","Penginapan"
"Village park",,,"HGG3+P55, Br.dinas Karangsari tengah","Kabupaten Karangasem","Bali","ID",,"","Pembangunan Perumahan",,,,,,,,,,"https://www.google.com/maps/search/?api=1&query=Village%20park&query_place_id=ChIJaT7yPQAF0i0RFQg7_arTEZ8","Pembangunan Perumahan"
"Pemuteran Park Transport","5","2","VM2F+45G, Jl. Singaraja-Gilimanuk","Kabupaten Buleleng","Bali","ID",,"+62 362 3437309","Layanan Pendamping & Transportasi",,,,,,,,,,"https://www.google.com/maps/search/?api=1&query=Pemuteran%20Park%20Transport&query_place_id=ChIJxSyZaqFv0S0Rq_dF6c13Sz4","Layanan Pendamping & Transportasi"
"Swaha Retreat & Eco Park Ubud","4.15","12",,"Kabupaten Gianyar","Bali","ID",,"","Penginapan","Persewaan liburan",,,,,,,,,"https://www.google.com/maps/search/?api=1&query=Swaha%20Retreat%20%26%20Eco%20Park%20Ubud&query_place_id=ChIJIZSKYUwf0i0Ry41rLtrAS5Y","Penginapan"
"Swaha Retreat & Eco Park Ubud",,,,"Kabupaten Gianyar","Bali","ID","https://www.trip.com/hotels/detail/?hotelid=99441284&Allianceid=1318093&sid=269617419&utm_medium=vr&utm_campaign=vrwebsite&utm_source=googlevr&trip_sub1=googlevrwebsite","","Vila","Persewaan liburan",,,,,,,,,"https://www.google.com/maps/search/?api=1&query=Swaha%20Retreat%20%26%20Eco%20Park%20Ubud&query_place_id=ChIJpz5yY0wf0i0RZGTmJOF9jEw","Vila"
"Ducks Marine Park",,,"FCX6+CQG","Kabupaten Klungkung","Bali","ID",,"","Kebun Binatang",,,,,,,,,,"https://www.google.com/maps/search/?api=1&query=Ducks%20Marine%20Park&query_place_id=ChIJn94EB6kR0i0R_BUbLMGEr7U","Kebun Binatang"
"Swaha Retreat Eco Park Ubud - Tent","4","8",,"Kabupaten Gianyar","Bali","ID","https://www.freecancellations.com/search/F2giQ1NSGHYAXFIBVVhYTQ8KVxxgR1NE?lat=-8.39887&lng=115.30078&language=de","","Rental Akomodasi","Persewaan liburan",,,,,,,,,"https://www.google.com/maps/search/?api=1&query=Swaha%20Retreat%20Eco%20Park%20Ubud%20-%20Tent&query_place_id=ChIJSUssZUwf0i0RyAj5psnDHCI","Rental Akomodasi"
"Eco Park Pelaga Glemping",,,,"Kabupaten Badung","Bali","ID","https://www.zenhotels.com/go/rooms/10661926/?partner_slug=google.affiliate.d21a&utm_medium=cpc-metasearch&utm_source=google_vr","","Rental Akomodasi","Persewaan liburan",,,,,,,,,"https://www.google.com/maps/search/?api=1&query=Eco%20Park%20Pelaga%20Glemping&query_place_id=ChIJgQIDkZMg0i0RA-2GIXet8YI","Rental Akomodasi"
"Swaha Retreat Eco Park Ubud - Tent","4","8",,"Kabupaten Gianyar","Bali","ID","https://br.bluepillow.com/search/6398ec16c551970d3c7488c0?dest=bkng&cat=House&lat=-8.39887&lng=115.30078&language=pt","","Rumah","Persewaan liburan",,,,,,,,,"https://www.google.com/maps/search/?api=1&query=Swaha%20Retreat%20Eco%20Park%20Ubud%20-%20Tent&query_place_id=ChIJSUssZUwf0i0Rn83T8aD_pxk","Rumah"
"Swaha Retreat Eco Park Ubud - Tent",,,,"Kabupaten Gianyar","Bali","ID","https://br.bluepillow.com/search/69499ae20c60a53fb7d78925?dest=nuit&cat=Villa&lat=-8.39931&lng=115.30042&language=pt","","Vila","Persewaan liburan",,,,,,,,,"https://www.google.com/maps/search/?api=1&query=Swaha%20Retreat%20Eco%20Park%20Ubud%20-%20Tent&query_place_id=ChIJ342KYUwf0i0R7nf0m-8OYIA","Vila"
"Bali Camps Park - Tent","4.15","8",,"Kabupaten Bangli","Bali","ID","https://br.bluepillow.com/search/6398fb89c551970d3c75f1fd?dest=bkng&cat=House&lat=-8.2316&lng=115.40272&language=pt","","Rumah","Persewaan liburan",,,,,,,,,"https://www.google.com/maps/search/?api=1&query=Bali%20Camps%20Park%20-%20Tent&query_place_id=ChIJraajeDXx0S0RWxJ3XUL2Wc4","Rumah"
"Bali Camps Park - Tent","4.15","8",,"Kabupaten Bangli","Bali","ID","https://www.freecancellations.com/search/F2giQ1NSGyYAXFIBVVhYTQ8KVxxhTVdC?lat=-8.2316&lng=115.40272&language=de","","Rental Akomodasi","Persewaan liburan",,,,,,,,,"https://www.google.com/maps/search/?api=1&query=Bali%20Camps%20Park%20-%20Tent&query_place_id=ChIJraajeDXx0S0R2dLLJzpu2iA","Rental Akomodasi"
"ONYX PARK RESORT Ubud - Studio Sunset Loft",,,,"Kabupaten Gianyar","Bali","ID","https://br.bluepillow.com/search/6949a3055c042e01bacd41cb?dest=bkng&cat=Villa&lat=-8.4838&lng=115.26835&language=pt","","Vila","Persewaan liburan",,,,,,,,,"https://www.google.com/maps/search/?api=1&query=ONYX%20PARK%20RESORT%20Ubud%20-%20Studio%20Sunset%20Loft&query_place_id=ChIJAXF9I7Mi0i0RL_ViDxIXGd8","Vila"
"ATM Maybank Elephant Safari Park","1","1","Jalan Elephant Safari Park Banjar","Kabupaten Gianyar","Bali","ID","https://www.maybank.co.id/","+62 1 500 611","ATM",,,,,,,,,,"https://www.google.com/maps/search/?api=1&query=ATM%20Maybank%20Elephant%20Safari%20Park&query_place_id=ChIJKeIkt6Mf0i0RMv7ZreDe1p0","ATM"
"BliBli Villa Penestanan Ubud + Private Car Park","4.6","6",,"Kabupaten Gianyar","Bali","ID",,"","Vila","Persewaan liburan",,,,,,,,,"https://www.google.com/maps/search/?api=1&query=BliBli%20Villa%20Penestanan%20Ubud%20%2B%20Private%20Car%20Park&query_place_id=ChIJQZu_pSI90i0RBXQnMnULgi0","Vila"
"Megati west park","4.4","7","G22W+2VM, Jl. Mangku Made Sudana I","Kabupaten Tabanan","Bali","ID",,"","Pembangunan Perumahan",,,,,,,,,,"https://www.google.com/maps/search/?api=1&query=Megati%20west%20park&query_place_id=ChIJl3WZPhQv0i0R1VXFpGp-c-k","Pembangunan Perumahan"
"Swaha Retreat & Eco Park Ubud By Zuzu",,,,"Kabupaten Gianyar","Bali","ID","https://www.decolar.com/hoteis/h-6684230","","Vila","Persewaan liburan",,,,,,,,,"https://www.google.com/maps/search/?api=1&query=Swaha%20Retreat%20%26%20Eco%20Park%20Ubud%20By%20Zuzu&query_place_id=ChIJ8weFYUwf0i0RpqpS8mzwkYo","Vila"
"Sobek Telaga Waja Finish Point Parking","4.3","10","GC76+6PR, Jl. Gg. Besakih","Kabupaten Karangasem","Bali","ID",,"","Tempat Parkir",,,,,,,,,,"https://www.google.com/maps/search/?api=1&query=Sobek%20Telaga%20Waja%20Finish%20Point%20Parking&query_place_id=ChIJL2RdUJAQ0i0Rr1icOISrCjg","Tempat Parkir"
"Lingga Mount Batur - Double Room with Park View","2.75","4",,"Kabupaten Bangli","Bali","ID","https://br.bluepillow.com/search/5eb4536867a9d10d04253daf?dest=bkng&cat=House&lat=-8.24335&lng=115.40008&language=pt","","Rumah","Persewaan liburan",,,,,,,,,"https://www.google.com/maps/search/?api=1&query=Lingga%20Mount%20Batur%20-%20Double%20Room%20with%20Park%20View&query_place_id=ChIJq3RTl7f20S0RYd2fF5E6W5A","Rumah"
"Pengempu Waterfall Parking Area","5","2","G6J2+MHG, Jl. Babakan","Kabupaten Tabanan","Bali","ID",,"","Tempat Parkir Umum",,,,,,,,,,"https://www.google.com/maps/search/?api=1&query=Pengempu%20Waterfall%20Parking%20Area&query_place_id=ChIJNQs9EgAj0i0RkfuzJG68A-U","Tempat Parkir Umum"
"ONYX PARK RESORT Ubud - Studio Submarine Standard",,,,"Kabupaten Gianyar","Bali","ID","https://br.bluepillow.com/search/6949a3055c042e01bacd41cb/1468324603?dest=bkng&cat=Villa&lat=-8.4838&lng=115.26835&language=pt","","Vila","Persewaan liburan",,,,,,,,,"https://www.google.com/maps/search/?api=1&query=ONYX%20PARK%20RESORT%20Ubud%20-%20Studio%20Submarine%20Standard&query_place_id=ChIJAXF9I7Mi0i0R7VCXbB2VATc","Vila"
"Tranquility 4BR Villa In Ubud - 12Min Drive To Elephant Safari Park! W /Pool!",,,,"Kabupaten Gianyar","Bali","ID",,"","Penginapan","Persewaan liburan",,,,,,,,,"https://www.google.com/maps/search/?api=1&query=Tranquility%204BR%20Villa%20In%20Ubud%20-%2012Min%20Drive%20To%20Elephant%20Safari%20Park!%20W%20%2FPool!&query_place_id=ChIJD6iuBSMi0i0RkdfaRxxYfHA","Penginapan"
"parking of Bubung bali sunrise camp","5","1","Jl.kaldera batur.Br.Alengkong, Ds","Kabupaten Bangli","Bali","ID",,"","Tempat Parkir",,,,,,,,,,"https://www.google.com/maps/search/?api=1&query=parking%20of%20Bubung%20bali%20sunrise%20camp&query_place_id=ChIJ05F0XKfx0S0RBWDHjx6Z-Jw","Tempat Parkir"
"ONYX PARK RESORT Ubud - Studio Sunset Loft",,,,"Kabupaten Gianyar","Bali","ID","https://br.bluepillow.com/search/6949a3055c042e01bacd41cb/1468324602?dest=bkng&cat=Villa&lat=-8.4838&lng=115.26835&language=pt","","Penginapan","Persewaan liburan",,,,,,,,,"https://www.google.com/maps/search/?api=1&query=ONYX%20PARK%20RESORT%20Ubud%20-%20Studio%20Sunset%20Loft&query_place_id=ChIJAXF9I7Mi0i0RFKIpya-qkkg","Penginapan"
"Empathy school parking lot","4.5","4",,"Kabupaten Gianyar","Bali","ID","http://www.empathy.school/","","Tempat Parkir",,,,,,,,,,"https://www.google.com/maps/search/?api=1&query=Empathy%20school%20parking%20lot&query_place_id=ChIJndTpNQAX0i0RDJwpddwtbTI","Tempat Parkir"
"Lotus and Seerose Park","5","5","G574+PVP","Kabupaten Tabanan","Bali","ID",,"+62 813-3728-5446","Tempat Parkir",,,,,,,,,,"https://www.google.com/maps/search/?api=1&query=Lotus%20and%20Seerose%20Park&query_place_id=ChIJGeVwVngl0i0RvzJmKU6yUgI","Tempat Parkir"
"ONYX PARK RESORT Ubud - Studio Agung Loft",,,,"Kabupaten Gianyar","Bali","ID","https://br.bluepillow.com/search/6949a3055c042e01bacd41cb/1468324607?dest=bkng&cat=Villa&lat=-8.4838&lng=115.26835&language=pt","","Penginapan","Persewaan liburan",,,,,,,,,"https://www.google.com/maps/search/?api=1&query=ONYX%20PARK%20RESORT%20Ubud%20-%20Studio%20Agung%20Loft&query_place_id=ChIJAXF9I7Mi0i0RFXnopA-qo9U","Penginapan"
"Bali living parking",,,"QC32+RQ6","Kabupaten Bangli","Bali","ID",,"","Tempat Parkir Gratis",,,,,,,,,,"https://www.google.com/maps/search/?api=1&query=Bali%20living%20parking&query_place_id=ChIJadIVaAD30S0RCad0po7sb5k","Tempat Parkir Gratis"
"ONYX PARK RESORT Ubud - Sunrise Apartment with balcony",,,,"Kabupaten Gianyar","Bali","ID","https://br.bluepillow.com/search/6949a3055c042e01bacd41cb/1468324606?dest=bkng&cat=Villa&lat=-8.4838&lng=115.26835&language=pt","","Penginapan","Persewaan liburan",,,,,,,,,"https://www.google.com/maps/search/?api=1&query=ONYX%20PARK%20RESORT%20Ubud%20-%20Sunrise%20Apartment%20with%20balcony&query_place_id=ChIJAXF9I7Mi0i0RUh0SpPH0gng","Penginapan"
"ONYX PARK RESORT Ubud - Studio Submarine Deluxe",,,,"Kabupaten Gianyar","Bali","ID","https://br.bluepillow.com/search/6949a3055c042e01bacd41cb/1468324605?dest=bkng&cat=Villa&lat=-8.4838&lng=115.26835&language=pt","","Penginapan","Persewaan liburan",,,,,,,,,"https://www.google.com/maps/search/?api=1&query=ONYX%20PARK%20RESORT%20Ubud%20-%20Studio%20Submarine%20Deluxe&query_place_id=ChIJAXF9I7Mi0i0RVsCC8PzsAIA","Penginapan"
"Sukanta Wahyu Sculpture Park","4.9","27","G93F+3QH","Kabupaten Klungkung","Bali","ID","http://www.sukantawahyu.com/","+62 812-3809-775","Museum Patung",,,,,,,,,,"https://www.google.com/maps/search/?api=1&query=Sukanta%20Wahyu%20Sculpture%20Park&query_place_id=ChIJ0eJEZEoX0i0Rb8t71-yE1UA","Museum Patung"
"Moon hill cottages - Double Room with Park View",,,,"Kabupaten Bangli","Bali","ID",,"","Penginapan","Persewaan liburan",,,,,,,,,"https://www.google.com/maps/search/?api=1&query=Moon%20hill%20cottages%20-%20Double%20Room%20with%20Park%20View&query_place_id=ChIJu7bpREbx0S0RSua5ohKLcOY","Penginapan"
"Parking","5","1","QC42+GF2, Jl. Banjar Dalem","Kabupaten Bangli","Bali","ID",,"","Tempat Parkir",,,,,,,,,,"https://www.google.com/maps/search/?api=1&query=Parking&query_place_id=ChIJz9rxTiH30S0R91mYV_eE5-w","Tempat Parkir"
"parkir lama tour batur","4.6","10","Q92X+328, Jl. Pendakian Gn. Batur","Kabupaten Bangli","Bali","ID","https://recommendedbyaleta.eu/parkir-lama-tour-batur-indonesia","","Taman karavan",,,,,,,,,,"https://www.google.com/maps/search/?api=1&query=parkir%20lama%20tour%20batur&query_place_id=ChIJF9nLlpr30S0RbIa403jTAps","Taman karavan"
"Waterfall parking area & opice","5","6","V927+8QH","Kabupaten Buleleng","Bali","ID",,"","Tempat Parkir",,,,,,,,,,"https://www.google.com/maps/search/?api=1&query=Waterfall%20parking%20area%20%26%20opice&query_place_id=ChIJt-hCHgDt0S0RWgujG6sdEYM","Tempat Parkir"
"The Green Park Lovina",,,"Jl. Cendrawasih No.5","Kabupaten Buleleng","Bali","ID",,"+62 871-1420-637","Vila",,,,,,,,,,"https://www.google.com/maps/search/?api=1&query=The%20Green%20Park%20Lovina&query_place_id=ChIJGaoznIWb0S0RQ06ZnS-EpOQ","Vila"
"Friends of the National Parks Foundation","4.8","11","F7MR+2XV","Kabupaten Gianyar","Bali","ID","http://www.fnpf.org/","+62 361 4792286","Organisasi Nonprofit",,,,,,,,,,"https://www.google.com/maps/search/?api=1&query=Friends%20of%20the%20National%20Parks%20Foundation&query_place_id=ChIJm802dNEX0i0R83_DmdB5wL0","Organisasi Nonprofit"
"SAMKHYA VILLAS PARKING","5","1","Jl. Raya Lungsiakan No.17","Kabupaten Gianyar","Bali","ID",,"","Tempat Parkir",,,,,,,,,,"https://www.google.com/maps/search/?api=1&query=SAMKHYA%20VILLAS%20PARKING&query_place_id=ChIJ0fE2PwAj0i0RhjanuawRK1I","Tempat Parkir"
"Villa Jepun - Panoramic Villa, 6 Bedrooms, Park View",,,,"Kabupaten Gianyar","Bali","ID","https://br.bluepillow.com/search/69499a7d0c60a53fb7d6d451?dest=nuit&cat=Villa&lat=-8.48849&lng=115.26984&language=pt","","Penginapan","Persewaan liburan",,,,,,,,,"https://www.google.com/maps/search/?api=1&query=Villa%20Jepun%20-%20Panoramic%20Villa%2C%206%20Bedrooms%2C%20Park%20View&query_place_id=ChIJMTOZx0090i0RDLnMmnQQ54g","Penginapan"
"UBUD PADI VILLAS Parking zone","4.8","4","Jl. Raya Lungsiakan","Kabupaten Gianyar","Bali","ID",,"+62 851-7220-5211","Vila","Penginapan",,,,,,,,,"https://www.google.com/maps/search/?api=1&query=UBUD%20PADI%20VILLAS%20Parking%20zone&query_place_id=ChIJl6Qzat4j0i0RYb75x8F-DhA","Vila"
"Glamping tent in Pelaga Eco Park",,,,"Kabupaten Badung","Bali","ID",,"","Penginapan","Persewaan liburan",,,,,,,,,"https://www.google.com/maps/search/?api=1&query=Glamping%20tent%20in%20Pelaga%20Eco%20Park&query_place_id=ChIJn1IGxJQg0i0RvNA6DE92k4E","Penginapan"
"Ficus park",,,"P75F+22H","Kabupaten Bangli","Bali","ID",,"","Kebun Buah",,,,,,,,,,"https://www.google.com/maps/search/?api=1&query=Ficus%20park&query_place_id=ChIJyeQ7IACL0S0RLMRfpQrhD_g","Kebun Buah"
"Bali Agri Park Coffee","4.3","16","Jl. Raya Tegal Suci Jl raya","Kabupaten Gianyar","Bali","ID",,"","Kedai Kopi",,,,,,,,,,"https://www.google.com/maps/search/?api=1&query=Bali%20Agri%20Park%20Coffee&query_place_id=ChIJg0AvpwUf0i0RSSwzR26kOBA","Kedai Kopi"
"Parking ESA di Kubu Homestay","4.5","4","R5X8+75V","Kabupaten Buleleng","Bali","ID",,"+62 819-1622-2260","Tempat Parkir",,,,,,,,,,"https://www.google.com/maps/search/?api=1&query=Parking%20ESA%20di%20Kubu%20Homestay&query_place_id=ChIJ42HM3tKR0S0RfoZQPUra6QM","Tempat Parkir"
"Batur Water Park Cabin","4.9","7","Jl. Pendakian Gn. Batur","Kabupaten Bangli","Bali","ID",,"+62 813-3065-6256","Hotel",,,,,,,,,,"https://www.google.com/maps/search/?api=1&query=Batur%20Water%20Park%20Cabin&query_place_id=ChIJE0lYUuj30S0RwPu-teQhJpA","Hotel"
"Yessi House - Double Room with Park View",,,,"Kabupaten Gianyar","Bali","ID","https://br.bluepillow.com/search/65ca10f4671b07d23c6d1a9b/1150380502?dest=bkng&cat=House&lat=-8.51338&lng=115.26811&language=pt","","Penginapan","Persewaan liburan",,,,,,,,,"https://www.google.com/maps/search/?api=1&query=Yessi%20House%20-%20Double%20Room%20with%20Park%20View&query_place_id=ChIJeb7qRW490i0RzhAiVj4UAn4","Penginapan"
"TEMUKU VILLAS UBUD car parking area","4.5","2","G67X+R22, Jl. Raya Lungsiakan","Kabupaten Gianyar","Bali","ID","http://www.temukuubud.com/","+62 812-3668-2109","Vila",,,,,,,,,,"https://www.google.com/maps/search/?api=1&query=TEMUKU%20VILLAS%20UBUD%20car%20parking%20area&query_place_id=ChIJs0Jbw70j0i0Rx_gK3Q8H3rI","Vila"
"Pulagan Bali Agro ( parking point )","4.7","7","H8C6+8FR","Kabupaten Gianyar","Bali","ID",,"",,,,,,,,,,,"https://www.google.com/maps/search/?api=1&query=Pulagan%20Bali%20Agro%20(%20parking%20point%20)&query_place_id=ChIJG55rs-0Y0i0R_HjOZx9-Glo",
"OIP LAND Car Park and Convention Centre","5","1","FGW8+C64, Jl. Tanah Ampo","Kabupaten Karangasem","Bali","ID",,"","Kantor Perusahaan",,,,,,,,,,"https://www.google.com/maps/search/?api=1&query=OIP%20LAND%20Car%20Park%20and%20Convention%20Centre&query_place_id=ChIJXxXkbgAP0i0RHhTl3LF9ZoI","Kantor Perusahaan"
"Glamping tent in Pelaga Eco Park - Tent",,,,"Kabupaten Badung","Bali","ID","https://www.freecancellations.com/search/F2cjQQEHGXoHV1BVXlkEEggLDxdkE1ER?lat=-8.34625&lng=115.21667&language=de","","Penginapan","Persewaan liburan",,,,,,,,,"https://www.google.com/maps/search/?api=1&query=Glamping%20tent%20in%20Pelaga%20Eco%20Park%20-%20Tent&query_place_id=ChIJn1IGxJQg0i0R9ll4FygwGOE","Penginapan"
"Batur Water Park Villa - Budget Double or Twin Room",,,,"Kabupaten Bangli","Bali","ID","https://br.bluepillow.com/search/6398d4fbc551970d3c72eac1?dest=bkng&cat=apartment&lat=-8.26169&lng=115.39138&language=pt","","Penginapan","Persewaan liburan",,,,,,,,,"https://www.google.com/maps/search/?api=1&query=Batur%20Water%20Park%20Villa%20-%20Budget%20Double%20or%20Twin%20Room&query_place_id=ChIJaRupkZD20S0R9IaI27CNCW8","Penginapan"
"Lotus Temple and Seerose Park Bali","5","3","G574+CQ3","Kabupaten Tabanan","Bali","ID",,"+62 813-3728-5446","Tempat acara",,,,,,,,,,"https://www.google.com/maps/search/?api=1&query=Lotus%20Temple%20and%20Seerose%20Park%20Bali&query_place_id=ChIJG9ftoBkl0i0R2TsxSgftgqI","Tempat acara"
"Motorbike parking","1","2","F7Q7+JG8, Jl. Goutama Sel.","Kabupaten Gianyar","Bali","ID",,"","Tempat Parkir Sepeda Motor",,,,,,,,,,"https://www.google.com/maps/search/?api=1&query=Motorbike%20parking&query_place_id=ChIJI1SQYYw90i0RZG-1i7noxU8","Tempat Parkir Sepeda Motor"
"Parkir Pura Penataran Agung Nangka","4","2","JG9R+645, Banjar Dinas Nangka, Desa Bhuana Giri","Kabupaten Karangasem","Bali","ID",,"","Tempat Parkir",,,,,,,,,,"https://www.google.com/maps/search/?api=1&query=Parkir%20Pura%20Penataran%20Agung%20Nangka&query_place_id=ChIJE9sBQFID0i0R72TNmblo13g","Tempat Parkir"
"Maybank ATM Elephant Safari Park","3.8","4","Elephant Safari Park Lodge, Taro Tegallalang","Kabupaten Gianyar","Bali","ID",,"+62 21 29228888","ATM",,,,,,,,,,"https://www.google.com/maps/search/?api=1&query=Maybank%20ATM%20Elephant%20Safari%20Park&query_place_id=ChIJtQ7cCFgf0i0REFmqlp8GuV4","ATM"
"Villa Kepuh - Double Room with Park View",,,,"Kabupaten Buleleng","Bali","ID","https://www.freecancellations.com/search/F2cjQQFRGycHV1BVXlkEEggLDxpmEQZC?lat=-8.12425&lng=115.2306&language=de","","Penginapan","Persewaan liburan",,,,,,,,,"https://www.google.com/maps/search/?api=1&query=Villa%20Kepuh%20-%20Double%20Room%20with%20Park%20View&query_place_id=ChIJZR0eWauT0S0RDtxCyr00vtk","Penginapan"
"Monique's Parking",,,"PHCR+C83, Unnamed Road","Kabupaten Karangasem","Bali","ID",,"","Tempat Parkir",,,,,,,,,,"https://www.google.com/maps/search/?api=1&query=Monique's%20Parking&query_place_id=ChIJBa0NzxT_0S0RwZkWypqMN5A","Tempat Parkir"
"Lasamana Villas Car Parking","4.4","8","F7X7+975","Kabupaten Gianyar","Bali","ID",,"+62 821-4795-0628","Vila",,,,,,,,,,"https://www.google.com/maps/search/?api=1&query=Lasamana%20Villas%20Car%20Parking&query_place_id=ChIJ21Zij1M90i0RxyZ_cPCWPnA","Vila"
"Parking motorbike","5","2","F7W4+52W, Jl. Raya Campuhan","Kabupaten Gianyar","Bali","ID",,"","Tempat Parkir Sepeda Motor",,,,,,,,,,"https://www.google.com/maps/search/?api=1&query=Parking%20motorbike&query_place_id=ChIJ_U1nagA90i0RapwntJh4hOE","Tempat Parkir Sepeda Motor"
"Gembleng Waterfall","4.7","2238","Unnamed Road","Kabupaten Karangasem","Bali","ID","https://www.gemblengwaterfall.com/photo","+62 878-6625-2512","Tujuan Wisata",,,,,,,,,,"https://www.google.com/maps/search/?api=1&query=Gembleng%20Waterfall&query_place_id=ChIJf30I3WER0i0RIXTOmfe8O-E","Tujuan Wisata"
"Taman Sari Waterfall & Natural Pool","4.7","1670","Jl. Ngenjung Sari","Kabupaten Gianyar","Bali","ID","https://www.facebook.com/tamansari.waterfall","+62 812-3831-0808","Tujuan Wisata",,,,,,,,,,"https://www.google.com/maps/search/?api=1&query=Taman%20Sari%20Waterfall%20%26%20Natural%20Pool&query_place_id=ChIJQQrhbjUX0i0ReTctOJsyMLo","Tujuan Wisata"
"Central Parking Pura dalem Kintamani Area",,,"Q84G+V8V, Jl. Raya Kintamani","Kabupaten Bangli","Bali","ID",,"","Tempat Parkir",,,,,,,,,,"https://www.google.com/maps/search/?api=1&query=Central%20Parking%20Pura%20dalem%20Kintamani%20Area&query_place_id=ChIJYa67igT10S0RFjfZpIjr5uM","Tempat Parkir"
"Casa Vella Cottage - Deluxe Cottage, Park View",,,,"Kabupaten Badung","Bali","ID",,"","Penginapan","Persewaan liburan",,,,,,,,,"https://www.google.com/maps/search/?api=1&query=Casa%20Vella%20Cottage%20-%20Deluxe%20Cottage%2C%20Park%20View&query_place_id=ChIJHZ9mr8Mg0i0RyfH_f7B6PjY","Penginapan"
"Villa Kepuh - Double Room with Park View",,,,"Kabupaten Buleleng","Bali","ID","https://br.bluepillow.com/search/6398f213c551970d3c750ced?dest=bkng&cat=House&lat=-8.12425&lng=115.2306&language=pt","","Penginapan","Persewaan liburan",,,,,,,,,"https://www.google.com/maps/search/?api=1&query=Villa%20Kepuh%20-%20Double%20Room%20with%20Park%20View&query_place_id=ChIJZR0eWauT0S0RPeAhMiTpPvg","Penginapan"
"Tempat Parkir","4.2","6","Q432+935, Jl. Raya Pancasari","Kabupaten Buleleng","Bali","ID",,"","Tempat Parkir",,,,,,,,,,"https://www.google.com/maps/search/?api=1&query=Tempat%20Parkir&query_place_id=ChIJudtL1FCP0S0RvlZ8jiE8gVs","Tempat Parkir"
"Bali Buda Parking","2.3","3","Jl. Jembawan No.12","Kabupaten Gianyar","Bali","ID",,"","Tempat Parkir Sepeda Motor",,,,,,,,,,"https://www.google.com/maps/search/?api=1&query=Bali%20Buda%20Parking&query_place_id=ChIJC-KG6GQ90i0RqJDhyU_yDgw","Tempat Parkir Sepeda Motor"
"Taro Natural Park","4.6","32","Jl. Br.Pakuseba","Kabupaten Gianyar","Bali","ID",,"+62 818-0549-9909","Pusat Rekreasi",,,,,,,,,,"https://www.google.com/maps/search/?api=1&query=Taro%20Natural%20Park&query_place_id=ChIJY5cswdch0i0Rv3gGWoY6mIA","Pusat Rekreasi"
"Pura Tirta Sudamala Parking Lot","4.3","3","G8GV+3XQ","Kabupaten Bangli","Bali","ID",,"","Tempat Parkir",,,,,,,,,,"https://www.google.com/maps/search/?api=1&query=Pura%20Tirta%20Sudamala%20Parking%20Lot&query_place_id=ChIJb6lcQm8Z0i0R7iunMsxCnWg","Tempat Parkir"
"1 Minute to a Water Park! Spacious 2 Bedroom Villa With Private Pool",,,,"Kabupaten Buleleng","Bali","ID",,"","Penginapan","Persewaan liburan",,,,,,,,,"https://www.google.com/maps/search/?api=1&query=1%20Minute%20to%20a%20Water%20Park!%20Spacious%202%20Bedroom%20Villa%20With%20Private%20Pool&query_place_id=ChIJT9rqxADu0S0RZhzjgh5Mu8M","Penginapan"
"Parking Bendung Tunggak Alas Klungkung","5","4","G988+76F","Kabupaten Klungkung","Bali","ID",,"+62 831-1433-3579","Tempat Parkir Sepeda Motor",,,,,,,,,,"https://www.google.com/maps/search/?api=1&query=Parking%20Bendung%20Tunggak%20Alas%20Klungkung&query_place_id=ChIJ7QC6FFoX0i0RpWw1M4Cd4tg","Tempat Parkir Sepeda Motor"
"Sky Forest Resorts & Park BALI","5","5","Jl. Bhuana Sari","Kabupaten Buleleng","Bali","ID","https://instagram.com/skyforest_resorts?igshid=NTdlMDg3MTY=","+62 878-5138-3609","Hotel Resor","Perumahan","Hotel","Taman","Restoran",,,,,,"https://www.google.com/maps/search/?api=1&query=Sky%20Forest%20Resorts%20%26%20Park%20BALI&query_place_id=ChIJv499JIuP0S0RoOVRcljTKo4","Hotel Resor"
"Gingersnap Bali ( Onyx Park Resort)","5","2","Jl. Sri Wedari No.24","Kabupaten Gianyar","Bali","ID","https://gingersnapbali.com/","+62 853-3371-2249","Butik",,,,,,,,,,"https://www.google.com/maps/search/?api=1&query=Gingersnap%20Bali%20(%20Onyx%20Park%20Resort)&query_place_id=ChIJRapjoDcj0i0Ry0NkT8QYsew","Butik"
"jingga park to tenggalang",,,"M35R+QQP","Kabupaten Tabanan","Bali","ID",,"","Restoran",,,,,,,,,,"https://www.google.com/maps/search/?api=1&query=jingga%20park%20to%20tenggalang&query_place_id=ChIJv8R-A9cp0i0RIfnOupYeeDw","Restoran"
"Air Terjun Jagasatru","4.7","589",,"Kabupaten Karangasem","Bali","ID",,"","Tujuan Wisata","Taman Rekreasi Air",,,,,,,,,"https://www.google.com/maps/search/?api=1&query=Air%20Terjun%20Jagasatru&query_place_id=ChIJc29bwHoF0i0RwoSZtckdLXg","Tujuan Wisata"
"P.A.R.K Laundry","5","2","Jl. Amertha, Gg. Batur No.1","Kabupaten Buleleng","Bali","ID",,"","Layanan Binatu",,,,,,,,,,"https://www.google.com/maps/search/?api=1&query=P.A.R.K%20Laundry&query_place_id=ChIJe1lraNeD0S0RRf62WMfQAdk","Layanan Binatu"
"KOB Bike Park Tiyingan","5","3","Br, Jl. Tiyingan","Kabupaten Badung","Bali","ID",,"+62 819-3625-2416","Taman Bersepeda",,,,,,,,,,"https://www.google.com/maps/search/?api=1&query=KOB%20Bike%20Park%20Tiyingan&query_place_id=ChIJsTMSI_iL0S0RlCt-0ZAZ8Ik","Taman Bersepeda"
"Park View Heights Private Villas Hotel",,,"Jl. Dharmawangsa Nusa Dua Hills Bali No.168","Kabupaten Tabanan","Bali","ID",,"","Hotel",,,,,,,,,,"https://www.google.com/maps/search/?api=1&query=Park%20View%20Heights%20Private%20Villas%20Hotel&query_place_id=ChIJh1rg__8j0i0RbryjCXpMO70","Hotel"
"Kecicang Skate Park",,,"HH2P+MP3, Unnamed Road","Kabupaten Karangasem","Bali","ID",,"+62 813-5328-5586","Tempat Fitness",,,,,,,,,,"https://www.google.com/maps/search/?api=1&query=Kecicang%20Skate%20Park&query_place_id=ChIJmY3NHcwH0i0R0UIuIhLfHZw","Tempat Fitness"
"Kedai am park",,,"HC26+49Q, Alit muja","Kabupaten Karangasem","Bali","ID",,"","Kedai Kopi",,,,,,,,,,"https://www.google.com/maps/search/?api=1&query=Kedai%20am%20park&query_place_id=ChIJp7h9EQAb0i0Ru6uL06Sz9AM","Kedai Kopi"
"Soka bike park,jatiluwih","5","1","M43Q+G73, Unnamed Road","Kabupaten Tabanan","Bali","ID",,"","Grosir sepeda",,,,,,,,,,"https://www.google.com/maps/search/?api=1&query=Soka%20bike%20park%2Cjatiluwih&query_place_id=ChIJ37vWKpgn0i0RxZiH2DBPqeE","Grosir sepeda"
"Kintamani Never Sleep CamperVan Park - CVI","5","4","QCC6+5GH, Jl. Pura Yeh Panes","Kabupaten Bangli","Bali","ID",,"+62 819-9950-7178","Bumi perkemahan",,,,,,,,,,"https://www.google.com/maps/search/?api=1&query=Kintamani%20Never%20Sleep%20CamperVan%20Park%20-%20CVI&query_place_id=ChIJH-HpdL3x0S0RhHBJnuAsiaY","Bumi perkemahan"
"Tempat Parkir Bis",,,"P594+JW4","Kabupaten Tabanan","Bali","ID",,"","Tempat Parkir",,,,,,,,,,"https://www.google.com/maps/search/?api=1&query=Tempat%20Parkir%20Bis&query_place_id=ChIJ09lVUWqJ0S0RthBxbaVQz-g","Tempat Parkir"
"Traditional Yoga Center By Balitrees","4.9","16","Megati, Jl. Balitrees Jl. Sesandan","Kabupaten Tabanan","Bali","ID","http://www.balitrees.com/","+62 819-5724-9608","Vila",,,,,,,,,,"https://www.google.com/maps/search/?api=1&query=Traditional%20Yoga%20Center%20By%20Balitrees&query_place_id=ChIJ70xqIHQv0i0R2veSgE7BxtY","Vila"
"Zipline Park",,,,,,,"https://www.greencarik.com/","+62 812-3883-4569","Penyelenggara aktivitas luar ruangan","Service establishment",,,,,,,,,"https://www.google.com/maps/search/?api=1&query=Zipline%20Park&query_place_id=ChIJ2a4iRp1xZSURLK0IRkTqlv8","Penyelenggara aktivitas luar ruangan"
"Pantai Amed","4.5","1955",,,"Bali","ID",,"","Pantai",,,,,,,,,,"https://www.google.com/maps/search/?api=1&query=Pantai%20Amed&query_place_id=ChIJ4fhXK30A0i0RN_dt5J23eJE","Pantai"
"Pantai Candidasa","4.4","426",,,"Bali","ID",,"","Pantai",,,,,,,,,,"https://www.google.com/maps/search/?api=1&query=Pantai%20Candidasa&query_place_id=ChIJJX_NsywJ0i0R1VrT_hM4Hoc","Pantai"
"Tulamben Beach Viewpoint","4.5","200",,"Kabupaten Karangasem","Bali","ID",,"","Pantai",,,,,,,,,,"https://www.google.com/maps/search/?api=1&query=Tulamben%20Beach%20Viewpoint&query_place_id=ChIJq6qqqvoB0i0RlLnYoCSiMvo","Pantai"
"Pantai Candidasa","4.4","735",,"Kabupaten Karangasem","Bali","ID","http://www.lezatbeachrestaurant.com/","+62 812-3941-075","Pantai",,,,,,,,,,"https://www.google.com/maps/search/?api=1&query=Pantai%20Candidasa&query_place_id=ChIJraDuE9QO0i0RX8sxr1MTMu0","Pantai"
"Virgin Beach Karangasem Bali","4.6","442","Jalan Pantai Perasi","Kabupaten Karangasem","Bali","ID",,"","Pantai",,,,,,,,,,"https://www.google.com/maps/search/?api=1&query=Virgin%20Beach%20Karangasem%20Bali&query_place_id=ChIJ7dzj5P4I0i0RFYaNY0I4kIc","Pantai"
"Tanjung Beach","4.6","44","Jl. Karangasem - Seraya","Kabupaten Karangasem","Bali","ID","https://www.instagram.com/tanjungbeach/","","Tujuan Wisata",,,,,,,,,,"https://www.google.com/maps/search/?api=1&query=Tanjung%20Beach&query_place_id=ChIJN2y3OcoJ0i0R9BGg5RLcPw4","Tujuan Wisata"
"Lean Beach","4.5","35","lean desa bunutan","Kabupaten Karangasem","Bali","ID",,"+62 857-9291-5309","Pantai",,,,,,,,,,"https://www.google.com/maps/search/?api=1&query=Lean%20Beach&query_place_id=ChIJkxJF2BT_zS0ROfT0zjyDLk8","Pantai"
"Amed Beach","4.4","18","MM75+R3J, Pantai Amed","Kabupaten Karangasem","Bali","ID",,"","Tujuan Wisata",,,,,,,,,,"https://www.google.com/maps/search/?api=1&query=Amed%20Beach&query_place_id=ChIJyVMAlEYB0i0RzXkEYV4c_ak","Tujuan Wisata"
"Pantai Lipah","4.5","798","Jl. Raya Lipah","Kabupaten Karangasem","Bali","ID",,"","Tujuan Wisata",,,,,,,,,,"https://www.google.com/maps/search/?api=1&query=Pantai%20Lipah&query_place_id=ChIJFedaLc7_zS0RsYpeG9gRXpM","Tujuan Wisata"
"Ashyana Candidasa Beach Resort - Premium Room, Sea View",,,,"Kabupaten Karangasem","Bali","ID","https://www.freecancellations.com/search/F2giQ1NSGHoAXFIBVVhYTQ8KVxxgQgER?lat=-8.50894&lng=115.56605&language=de","","Penginapan","Persewaan liburan",,,,,,,,,"https://www.google.com/maps/search/?api=1&query=Ashyana%20Candidasa%20Beach%20Resort%20-%20Premium%20Room%2C%20Sea%20View&query_place_id=ChIJdyP8mtQO0i0RRge9_HD7rMY","Penginapan"
"Crystal Beach Bali - One-Bedroom Apartment","5","8",,"Kabupaten Karangasem","Bali","ID","https://br.bluepillow.com/search/594397de7c00cb0e643c697d/65292904?dest=bkng&cat=House&lat=-8.50484&lng=115.54557&language=pt","","Rumah","Persewaan liburan",,,,,,,,,"https://www.google.com/maps/search/?api=1&query=Crystal%20Beach%20Bali%20-%20One-Bedroom%20Apartment&query_place_id=ChIJMy0FFCAP0i0RHT1UQw7Nyns","Rumah"
"Rivera Beach - Double Room with Balcony and Sea View","5","8",,"Kabupaten Karangasem","Bali","ID","https://br.bluepillow.com/search/59438bce7c00cb0e6435df85/189009402?dest=bkng&cat=House&lat=-8.33542&lng=115.64817&language=pt","","Rumah","Persewaan liburan",,,,,,,,,"https://www.google.com/maps/search/?api=1&query=Rivera%20Beach%20-%20Double%20Room%20with%20Balcony%20and%20Sea%20View&query_place_id=ChIJ-eG5_2IA0i0RyRydxoTd7uE","Rumah"
"Ujung beach Surf","4.5","4","GJJJ+WP9","Kabupaten Karangasem","Bali","ID",,"","Tujuan Wisata",,,,,,,,,,"https://www.google.com/maps/search/?api=1&query=Ujung%20beach%20Surf&query_place_id=ChIJzfuBOQAJ0i0RqpsWgSgj_3w","Tujuan Wisata"
"Puri Oka Beach Bungalows - Standard Double or Twin Room","5","8",,"Kabupaten Karangasem","Bali","ID","https://br.bluepillow.com/search/594393df7c00cb0e643a695a/37119409?dest=bkng&cat=Villa&lat=-8.51355&lng=115.57715&language=pt","","Vila","Persewaan liburan",,,,,,,,,"https://www.google.com/maps/search/?api=1&query=Puri%20Oka%20Beach%20Bungalows%20-%20Standard%20Double%20or%20Twin%20Room&query_place_id=ChIJ2RcE1S8J0i0RR5oXVouZnKE","Vila"
"Black Sand Beach","4.1","21","RCRV+74F","Kabupaten Buleleng","Bali","ID",,"","Komplek perumahan",,,,,,,,,,"https://www.google.com/maps/search/?api=1&query=Black%20Sand%20Beach&query_place_id=ChIJt1QMEoLx0S0RIdIddyIMY40","Komplek perumahan"
"Samudra Beach","3","3","GJ47+94","Kabupaten Karangasem","Bali","ID",,"","Tujuan Wisata",,,,,,,,,,"https://www.google.com/maps/search/?api=1&query=Samudra%20Beach&query_place_id=ChIJ8eA04dkJ0i0R8T_Yvc6y0a4","Tujuan Wisata"
"Bayu Beach Bali. Bebayu","4.9","13","MJFJ+QM6","Kabupaten Karangasem","Bali","ID",,"","Tujuan Wisata",,,,,,,,,,"https://www.google.com/maps/search/?api=1&query=Bayu%20Beach%20Bali.%20Bebayu&query_place_id=ChIJZVhvhD4B0i0RS7P6Hhbov2s","Tujuan Wisata"
"Bintang (Bhima) Beach","3.9","14",,"Kabupaten Karangasem","Bali","ID","http://www.lifebali.com/","","Tujuan Wisata",,,,,,,,,,"https://www.google.com/maps/search/?api=1&query=Bintang%20(Bhima)%20Beach&query_place_id=ChIJpcy6BvX_zS0RBqleSqM2wMY","Tujuan Wisata"
"Dinar Beach","4","12","RCVM+XFC","Kabupaten Buleleng","Bali","ID",,"+62 878-6200-5345","Pantai Umum",,,,,,,,,,"https://www.google.com/maps/search/?api=1&query=Dinar%20Beach&query_place_id=ChIJ4darmx7x0S0R9EO6o02Yp2o","Pantai Umum"
"Melasti Beach","4.4","7","MJ9Q+Q6C, Jl. Melasti","Kabupaten Karangasem","Bali","ID",,"","Tujuan Wisata",,,,,,,,,,"https://www.google.com/maps/search/?api=1&query=Melasti%20Beach&query_place_id=ChIJn98fA8gB0i0Rkv53P47IRMs","Tujuan Wisata"
"Telaga Waja Waterfall","4.5","473","HC3M+HQM","Kabupaten Karangasem","Bali","ID",,"","Tujuan Wisata",,,,,,,,,,"https://www.google.com/maps/search/?api=1&query=Telaga%20Waja%20Waterfall&query_place_id=ChIJ3zEzBPEa0i0RYcqH2MBFQJg","Tujuan Wisata"
"Air Terjun Goa Giri Campuhan","4.7","486","Jl. Uluwatu","Kabupaten Bangli","Bali","ID",,"+62 812-3908-8131","Tujuan Wisata",,,,,,,,,,"https://www.google.com/maps/search/?api=1&query=Air%20Terjun%20Goa%20Giri%20Campuhan&query_place_id=ChIJIQfKnxwb0i0RdMbuFKedSB0","Tujuan Wisata"
"Air Terjun Yeh Labuh","4.4","140",,"Kabupaten Karangasem","Bali","ID",,"","Tujuan Wisata",,,,,,,,,,"https://www.google.com/maps/search/?api=1&query=Air%20Terjun%20Yeh%20Labuh&query_place_id=ChIJt_JViIgF0i0RxmgI3wbgEis","Tujuan Wisata"
"Batu Engsel Waterfall","4.6","11","GFMJ+67","Kabupaten Karangasem","Bali","ID",,"","Tujuan Wisata",,,,,,,,,,"https://www.google.com/maps/search/?api=1&query=Batu%20Engsel%20Waterfall&query_place_id=ChIJJX-apNwF0i0RrMk2rHG50V8","Tujuan Wisata"
"Tukad Cepung Waterfall","4.8","8","H95Q+J29, Jalan Tukad Citarum","Denpasar City","Bali","ID",,"","Tujuan Wisata",,,,,,,,,,"https://www.google.com/maps/search/?api=1&query=Tukad%20Cepung%20Waterfall&query_place_id=ChIJB9whCAAb0i0Rf9zEkSJpmVI","Tujuan Wisata"
"Buah Gangga Waterfall","3.2","40","GC4W+X87","Kabupaten Karangasem","Bali","ID",,"","Tujuan Wisata",,,,,,,,,,"https://www.google.com/maps/search/?api=1&query=Buah%20Gangga%20Waterfall&query_place_id=ChIJh8-Xc0YR0i0RAzdyA9k0_7U","Tujuan Wisata"
"Yangapi Waterfall","5","44",,"Kabupaten Bangli","Bali","ID","https://www.yangapiwaterfall.com/","+62 878-8811-5758","Tujuan Wisata",,,,,,,,,,"https://www.google.com/maps/search/?api=1&query=Yangapi%20Waterfall&query_place_id=ChIJzedR-EIb0i0RGxERlslXZeE","Tujuan Wisata"
"Toyo Bulan Waterfall","4.9","332",,"Kabupaten Bangli","Bali","ID",,"+62 813-3945-4990","Tujuan Wisata",,,,,,,,,,"https://www.google.com/maps/search/?api=1&query=Toyo%20Bulan%20Waterfall&query_place_id=ChIJGfp_ZQ8Z0i0R56CJSexR3hM","Tujuan Wisata"
"Air terjun cebure / cebure waterfall","4.4","42","HC6P+C5V, Jl. Dukuh Sakti","Kabupaten Karangasem","Bali","ID",,"","Area Rekreasi Alam",,,,,,,,,,"https://www.google.com/maps/search/?api=1&query=Air%20terjun%20cebure%20%2F%20cebure%20waterfall&query_place_id=ChIJadY_EDAb0i0RBEn7uCo6sV8","Area Rekreasi Alam"
"Grudugan waterfall","4.9","454","H98G+CJ","Kabupaten Bangli","Bali","ID","https://msha.ke/kadekbali.com","","Tujuan Wisata",,,,,,,,,,"https://www.google.com/maps/search/?api=1&query=Grudugan%20waterfall&query_place_id=ChIJ8WV6yfgZ0i0RLNelt6XX4d4","Tujuan Wisata"
"CASCATA BALI (BALI WATERFALL)GGC WATERFALL ENTRANCE","4.8","4","G9RJ+CX2, Jl. Uluwatu","Kabupaten Bangli","Bali","ID",,"+62 812-3728-8551","Tujuan Wisata",,,,,,,,,,"https://www.google.com/maps/search/?api=1&query=CASCATA%20BALI%20(BALI%20WATERFALL)GGC%20WATERFALL%20ENTRANCE&query_place_id=ChIJZbsPEaUb0i0R1ND35GRlCcg","Tujuan Wisata"
"Kunyit Waterfall","4.5","8","HG6J+VJ7","Kabupaten Karangasem","Bali","ID",,"","Tujuan Wisata",,,,,,,,,,"https://www.google.com/maps/search/?api=1&query=Kunyit%20Waterfall&query_place_id=ChIJ8dWkiX0F0i0REqIboFIolM4","Tujuan Wisata"
"Grubung waterfall",,,"HC3X+88","Kabupaten Karangasem","Bali","ID",,"","Tujuan Wisata",,,,,,,,,,"https://www.google.com/maps/search/?api=1&query=Grubung%20waterfall&query_place_id=ChIJb6TuPgAb0i0RG_lxuiYIV9k","Tujuan Wisata"
"Secret waterfall","5","8","GGPM+WRQ","Kabupaten Karangasem","Bali","ID",,"","Area Mendaki",,,,,,,,,,"https://www.google.com/maps/search/?api=1&query=Secret%20waterfall&query_place_id=ChIJ22ErBQAF0i0RThn4ww136TQ","Area Mendaki"
"Batulantang Waterfall","4.5","158","Jl. Pura Kancing Gumi","Kabupaten Badung","Bali","ID","https://www.instagram.com/danasguesthouse","+62 851-0044-6668","Tujuan Wisata",,,,,,,,,,"https://www.google.com/maps/search/?api=1&query=Batulantang%20Waterfall&query_place_id=ChIJVZsL5eog0i0RH7vKU1MhUsw","Tujuan Wisata"
"Tibumana Waterfall","4.6","2753","Jl. Setra Agung","Kabupaten Bangli","Bali","ID","https://tibumana.wordpress.com/","+62 878-2605-4230","Tujuan Wisata",,,,,,,,,,"https://www.google.com/maps/search/?api=1&query=Tibumana%20Waterfall&query_place_id=ChIJ3Q2bdlkX0i0R_eYgl2LfIf0","Tujuan Wisata"
"Melayang Waterfall","3.7","50","G77M+8M4, Jl. Raya Pejeng Kawan","Kabupaten Gianyar","Bali","ID",,"","Tujuan Wisata",,,,,,,,,,"https://www.google.com/maps/search/?api=1&query=Melayang%20Waterfall&query_place_id=ChIJJfNph-cX0i0R17p0rIf9sXQ","Tujuan Wisata"
"Pengibul Waterfall","4.4","385",,"Kabupaten Bangli","Bali","ID","http://www.adpadabalitour.com/","","Tujuan Wisata",,,,,,,,,,"https://www.google.com/maps/search/?api=1&query=Pengibul%20Waterfall&query_place_id=ChIJ05RvaKAX0i0R0GaluXYojxs","Tujuan Wisata"
"Ulu Petanu Waterfall","4.6","1530","Jl. Raya Bayad","Kabupaten Gianyar","Bali","ID",,"","Tujuan Wisata",,,,,,,,,,"https://www.google.com/maps/search/?api=1&query=Ulu%20Petanu%20Waterfall&query_place_id=ChIJRYigcUUZ0i0R_AB2wPXs9nI","Tujuan Wisata"
"GoaGong Waterfall","4.6","73","Br, Batulantang","Kabupaten Badung","Bali","ID",,"+62 812-3607-1232","Tujuan Wisata",,,,,,,,,,"https://www.google.com/maps/search/?api=1&query=GoaGong%20Waterfall&query_place_id=ChIJA5sR4w0h0i0RjE9vek_LjYQ","Tujuan Wisata"
"Entry walkway to Secret Waterfall","3.1","27","Jl. Raya Laplapan No.7","Kabupaten Gianyar","Bali","ID",,"","Tujuan Wisata",,,,,,,,,,"https://www.google.com/maps/search/?api=1&query=Entry%20walkway%20to%20Secret%20Waterfall&query_place_id=ChIJX1eHRQA90i0RUoMz2BK_C9s","Tujuan Wisata"
"Jasan Waterfall","4.5","56","Jl. Br Jasan","Kabupaten Gianyar","Bali","ID",,"+62 812-3727-8468","Tujuan Wisata",,,,,,,,,,"https://www.google.com/maps/search/?api=1&query=Jasan%20Waterfall&query_place_id=ChIJQVveUrof0i0RHZUI2s1-iyc","Tujuan Wisata"
"Air Terjun Lipah Petang","4.3","63","J6C5+CX4, Jl. Lipah","Kabupaten Badung","Bali","ID",,"","Tujuan Wisata",,,,,,,,,,"https://www.google.com/maps/search/?api=1&query=Air%20Terjun%20Lipah%20Petang&query_place_id=ChIJOYIshk4h0i0Rcdl9Bh4Ct7E","Tujuan Wisata"
"Air Terjun Dedari","4.7","292","Br Jelekungkang","Kabupaten Bangli","Bali","ID","http://www.adpadabali.co.id/","","Tujuan Wisata",,,,,,,,,,"https://www.google.com/maps/search/?api=1&query=Air%20Terjun%20Dedari&query_place_id=ChIJdZWCjD8X0i0Rxw5cVR_zi-0","Tujuan Wisata"
"Air Terjun Desa Bayad","4.6","276","H8P2+6F8, manik sawang, bayad","Kabupaten Gianyar","Bali","ID",,"","Tujuan Wisata",,,,,,,,,,"https://www.google.com/maps/search/?api=1&query=Air%20Terjun%20Desa%20Bayad&query_place_id=ChIJe5qmFg0Z0i0RsDVJkUVxj3w","Tujuan Wisata"
"Toya Selaka Waterfall","4.8","115","Jl. Raya Suwat","Kabupaten Gianyar","Bali","ID",,"","Tujuan Wisata",,,,,,,,,,"https://www.google.com/maps/search/?api=1&query=Toya%20Selaka%20Waterfall&query_place_id=ChIJZ9lJ6LEZ0i0RwXHr_7N3eU4","Tujuan Wisata"
"Gatep Waterfall","4.9","78","G834+5CC","Kabupaten Gianyar","Bali","ID",,"+62 819-9901-7699","Tujuan Wisata",,,,,,,,,,"https://www.google.com/maps/search/?api=1&query=Gatep%20Waterfall&query_place_id=ChIJFy9ZQAAX0i0RH9SjJJeCS6s","Tujuan Wisata"
"Green canyon and three waterfall","4.7","59","F8MJ+W43","Kabupaten Gianyar","Bali","ID",,"","Tujuan Wisata",,,,,,,,,,"https://www.google.com/maps/search/?api=1&query=Green%20canyon%20and%20three%20waterfall&query_place_id=ChIJiQatY3YX0i0RT2Du_0vQb3E","Tujuan Wisata"
"Yeh Pikat Waterfall","4.5","35",,"Kabupaten Gianyar","Bali","ID",,"+62 361 943401","Tujuan Wisata",,,,,,,,,,"https://www.google.com/maps/search/?api=1&query=Yeh%20Pikat%20Waterfall&query_place_id=ChIJ5yEKzNUh0i0RtQgz4XmHq3k","Tujuan Wisata"
"Air Terjun Yeh Mampeh","4.7","481","Buleleng","Kabupaten Buleleng","Bali","ID",,"","Tujuan Wisata",,,,,,,,,,"https://www.google.com/maps/search/?api=1&query=Air%20Terjun%20Yeh%20Mampeh&query_place_id=ChIJ9Ul-F_Dt0S0RePbqCXTFxGQ","Tujuan Wisata"
"Air Terjun Yehpoh","3.9","53","Jalan Raya Yehpoh","Kabupaten Karangasem","Bali","ID","https://renabalitour.com/yehpoh-waterfall","+62 813-3840-4274","Pusat Rekreasi",,,,,,,,,,"https://www.google.com/maps/search/?api=1&query=Air%20Terjun%20Yehpoh&query_place_id=ChIJuUgyIYEP0i0RrEtV9bSHwF0","Pusat Rekreasi"
"Air Terjun Nungnung","4.7","2056",,"Kabupaten Badung","Bali","ID",,"","Cagar Alam","Tujuan Wisata",,,,,,,,,"https://www.google.com/maps/search/?api=1&query=Air%20Terjun%20Nungnung&query_place_id=ChIJDYkWh4Qg0i0Rj8QITKPKAIc","Cagar Alam"
"Bidadari Ayung Petang Waterfall","4","37","J68F+HQ4","Kabupaten Badung","Bali","ID",,"+62 812-4643-2624","Tujuan Wisata",,,,,,,,,,"https://www.google.com/maps/search/?api=1&query=Bidadari%20Ayung%20Petang%20Waterfall&query_place_id=ChIJqdM2dhIh0i0RYZknu1ZrAcU","Tujuan Wisata"
"Jungle River and Waterfall","3.8","13","G776+JRQ","Kabupaten Gianyar","Bali","ID",,"+62 812-3675-4765","Area Mendaki",,,,,,,,,,"https://www.google.com/maps/search/?api=1&query=Jungle%20River%20and%20Waterfall&query_place_id=ChIJaQXyPAA90i0R_6EOxFSalSA","Area Mendaki"
"Ubud waterfall tours","5","4","F7V6+7WH, Jl. Raya Ubud","Kabupaten Gianyar","Bali","ID",,"","Layanan Transportasi",,,,,,,,,,"https://www.google.com/maps/search/?api=1&query=Ubud%20waterfall%20tours&query_place_id=ChIJT4QZdf5Fgm8RFXHN8SYuw3Y","Layanan Transportasi"
"Batu Belah Waterfall","4.5","24",,"Kabupaten Gianyar","Bali","ID",,"+62 819-3319-9344","Tujuan Wisata",,,,,,,,,,"https://www.google.com/maps/search/?api=1&query=Batu%20Belah%20Waterfall&query_place_id=ChIJCXIyGy0f0i0RYyae4hCkgTc","Tujuan Wisata"
"Air Terjun Langgahan","4.7","126","M7MC+2XF Banjar Langgahan Kangin Langgahan","Kabupaten Bangli","Bali","ID",,"+62 852-3782-0962","Tujuan Wisata",,,,,,,,,,"https://www.google.com/maps/search/?api=1&query=Air%20Terjun%20Langgahan&query_place_id=ChIJccJKfKaL0S0RscBg_2rExfY","Tujuan Wisata"
"Go to gamblang waterfall","1","1","FFP3+HJ","Kabupaten Klungkung","Bali","ID",,"","Tujuan Wisata",,,,,,,,,,"https://www.google.com/maps/search/?api=1&query=Go%20to%20gamblang%20waterfall&query_place_id=ChIJK_0zRwAR0i0R32i7b9gQ960","Tujuan Wisata"
"Bali Waterfalls tours & Jungle Trekking","5","25","Jl. Raya Sayan","Kabupaten Gianyar","Bali","ID","https://www.facebook.com/baliwaterfalls/","+62 852-3823-9089","Biro Perjalanan dan Wisata","Penyewaan Sepeda Motor",,,,,,,,,"https://www.google.com/maps/search/?api=1&query=Bali%20Waterfalls%20tours%20%26%20Jungle%20Trekking&query_place_id=ChIJ9yBbXo2P0S0RK6cNAWyLc9c","Biro Perjalanan dan Wisata"
"Kuning Waterfall","3.8","4","G965+3WJ","Kabupaten Bangli","Bali","ID",,"","Tujuan Wisata",,,,,,,,,,"https://www.google.com/maps/search/?api=1&query=Kuning%20Waterfall&query_place_id=ChIJLQctFgAX0i0RKmzSBiiZmXw","Tujuan Wisata"
"Ubud Waterfall Tours","5","147","Jl. Tirta Tawar","Kabupaten Gianyar","Bali","ID","https://ubudwaterfalltours.com/","+62 822-3664-2076","Penyelenggara Perjalanan",,,,,,,,,,"https://www.google.com/maps/search/?api=1&query=Ubud%20Waterfall%20Tours&query_place_id=ChIJ4TM7IwY90i0Rd6Y-nb4xcsE","Penyelenggara Perjalanan"
"Tangkup waterfall","4.8","26","J8G6+65","Kabupaten Gianyar","Bali","ID",,"+62 831-1967-7609","Tujuan Wisata",,,,,,,,,,"https://www.google.com/maps/search/?api=1&query=Tangkup%20waterfall&query_place_id=ChIJTeolKQAf0i0R-rIFvXkMb-Q","Tujuan Wisata"
"Air Terjun Muntig","3.4","12","Banjar Pengembungan","Kabupaten Gianyar","Bali","ID",,"","Tujuan Wisata",,,,,,,,,,"https://www.google.com/maps/search/?api=1&query=Air%20Terjun%20Muntig&query_place_id=ChIJv-NCtCEZ0i0RbIT8M3h1v3g","Tujuan Wisata"
"SIDAMPUAN WATERFALL","3.9","9","J7H5+VWX","Kabupaten Gianyar","Bali","ID",,"","Tujuan Wisata",,,,,,,,,,"https://www.google.com/maps/search/?api=1&query=SIDAMPUAN%20WATERFALL&query_place_id=ChIJZdAaNpQh0i0RGiFS1DdLp2o","Tujuan Wisata"
"Tlaga Beteng","4.4","8",,"Kabupaten Karangasem","Bali","ID",,"","Danau",,,,,,,,,,"https://www.google.com/maps/search/?api=1&query=Tlaga%20Beteng&query_place_id=ChIJdS4G4vwG0i0Rd4tkx3aakh0","Danau"
"Lake Batur Docks","5","2","P9QV+93J","Kabupaten Bangli","Bali","ID",,"","Tujuan Wisata",,,,,,,,,,"https://www.google.com/maps/search/?api=1&query=Lake%20Batur%20Docks&query_place_id=ChIJfWg6VgD30S0RzEIXlNoisz8","Tujuan Wisata"
"Batur Natural Hot Spring","4.2","5348","Toya Bungkah Kintamani Desa Pekraman Batur","Kabupaten Bangli","Bali","ID","http://www.baturhotspring.com/","","Pemandian air panas","Hotel","Spa pijat","Area Rekreasi Alam","Kolam Renang",,,,,,"https://www.google.com/maps/search/?api=1&query=Batur%20Natural%20Hot%20Spring&query_place_id=ChIJr2kxDr_20S0RCriKiiz5844","Pemandian air panas"
"Bali lake side camp","4.5","18","Unnamed Road","Kabupaten Bangli","Bali","ID","http://www.booking.com/hotel/id/bali-lake-side-camp.html?lang=en","+62 819-9970-4197","Bumi perkemahan",,,,,,,,,,"https://www.google.com/maps/search/?api=1&query=Bali%20lake%20side%20camp&query_place_id=ChIJaZfvb2X30S0RY7KWa4XBLTw","Bumi perkemahan"
"Alengkong Bali Camp","4.9","1141","Jl. Raya Caldera Batur","Kabupaten Bangli","Bali","ID","http://desty.page/infoLengkapAlengkongBaliCamp","+62 831-1497-7819","Bumi perkemahan",,,,,,,,,,"https://www.google.com/maps/search/?api=1&query=Alengkong%20Bali%20Camp&query_place_id=ChIJ5947QTPx0S0RNss4yxh8LMg","Bumi perkemahan"
"BATUR GREEN LAKE","4.3","112",,"Kabupaten Bangli","Bali","ID","http://baturgreenlake.zoombookdirect.com/","+62 877-4855-2057","Pondok","Penginapan",,,,,,,,,"https://www.google.com/maps/search/?api=1&query=BATUR%20GREEN%20LAKE&query_place_id=ChIJ1w32Gen10S0R8E7iyEo3Qsw","Pondok"
"Segara Healing Bali Natural Hot Spring","4.4","226","Br Dalem Jl. Songan No.Ds","Kabupaten Bangli","Bali","ID",,"+62 819-9937-3708","Area Rekreasi Alam","Tujuan Wisata",,,,,,,,,"https://www.google.com/maps/search/?api=1&query=Segara%20Healing%20Bali%20Natural%20Hot%20Spring&query_place_id=ChIJJyne8fj30S0RKKxIgmKefGE","Area Rekreasi Alam"
"Batur lake view point","3","10","P9CJ+R54","Kabupaten Bangli","Bali","ID",,"","Tujuan Wisata",,,,,,,,,,"https://www.google.com/maps/search/?api=1&query=Batur%20lake%20view%20point&query_place_id=ChIJi31GAgD30S0R3iUjnD6mhOc","Tujuan Wisata"
"Lake hill view Parking","5","42","QC32+RQ6","Kabupaten Bangli","Bali","ID",,"","Tempat Parkir",,,,,,,,,,"https://www.google.com/maps/search/?api=1&query=Lake%20hill%20view%20Parking&query_place_id=ChIJH5GxKwD30S0R4EpzEvtUcow","Tempat Parkir"
"Bukit Trunyan","4.7","395","Br. Madia Desa","Kabupaten Bangli","Bali","ID",,"","Tujuan Wisata","Area Mendaki",,,,,,,,,"https://www.google.com/maps/search/?api=1&query=Bukit%20Trunyan&query_place_id=ChIJuywvxL_30S0RjGxyb36Skw8","Tujuan Wisata"
"Lake Square Bali",,,,"Kabupaten Bangli","Bali","ID",,"","Vila","Persewaan liburan",,,,,,,,,"https://www.google.com/maps/search/?api=1&query=Lake%20Square%20Bali&query_place_id=ChIJUe1mAkTx0S0RoNlkaM7_zU4","Vila"
"Lake Square Bali",,,,"Kabupaten Bangli","Bali","ID","https://www.trip.com/hotels/detail/?hotelid=119481997&Allianceid=1318093&sid=269617419&utm_medium=vr&utm_campaign=vrwebsite&utm_source=googlevr&trip_sub1=googlevrwebsite","","Vila","Persewaan liburan",,,,,,,,,"https://www.google.com/maps/search/?api=1&query=Lake%20Square%20Bali&query_place_id=ChIJuVGatc720S0RcX-oVZQcnPU","Vila"
"Lake Batur Cottage","4.8","207","Jl. Pura Yeh Panes","Kabupaten Bangli","Bali","ID",,"+62 819-1656-2716","Hotel","Pondok",,,,,,,,,"https://www.google.com/maps/search/?api=1&query=Lake%20Batur%20Cottage&query_place_id=ChIJMds22zPx0S0RfobnaL_rlHo","Hotel"
"Lake Square Bali",,,,"Kabupaten Bangli","Bali","ID","https://www.agoda.com/lake-square-bali/hotel/bali-id.html","","Vila","Persewaan liburan",,,,,,,,,"https://www.google.com/maps/search/?api=1&query=Lake%20Square%20Bali&query_place_id=ChIJvQDOys720S0RKpTQWMwrhRc","Vila"
"Villa Bunga Bintang Near Beji Waterfall",,,,"Kabupaten Badung","Bali","ID","https://www.booking.com/hotel/id/villa-bunga-bintang-near-beji-waterfall.en-gb.html?aid=2068758&utm_source=seogooglelocal&utm_medium=description&utm_term=hotel-14927511&utm_campaign=en-gb&label=seogooglelocal-link-imagesaow-hotel-14927511_grp-3_gendate-20260414","","Vila","Persewaan liburan",,,,,,,,,"https://www.google.com/maps/search/?api=1&query=Villa%20Bunga%20Bintang%20Near%20Beji%20Waterfall&query_place_id=ChIJBx5QYMI80i0RH_PYjIitNYQ","Vila"
"Gadjah Waterfall","4.6","57",,"Kabupaten Gianyar","Bali","ID",,"+62 877-6765-4499","Taman Hiburan",,,,,,,,,,"https://www.google.com/maps/search/?api=1&query=Gadjah%20Waterfall&query_place_id=ChIJITUrCjkj0i0R0Xs2L4brr1A","Taman Hiburan"
"Celuk Waterfall","4.6","9","FFP7+PR7","Kabupaten Klungkung","Bali","ID",,"","Cagar Alam",,,,,,,,,,"https://www.google.com/maps/search/?api=1&query=Celuk%20Waterfall&query_place_id=ChIJxeGdHdMR0i0RrmT1Vb8fXh4","Cagar Alam"
"Ubud Waterfall Tours Bali","5","4","Dekat, Jl. Dewisita No.10-1","Kabupaten Gianyar","Bali","ID","http://sunrisebaturtrekking.com/","+62 881-0376-46178","Penyelenggara Perjalanan",,,,,,,,,,"https://www.google.com/maps/search/?api=1&query=Ubud%20Waterfall%20Tours%20Bali&query_place_id=ChIJWe_w7R890i0RXnBKqB5C6Mg","Penyelenggara Perjalanan"
"Les waterfall","5","7","V937+2X2, Jl. Les Waterfall","Kabupaten Buleleng","Bali","ID",,"+62 813-3956-5260","Kantor SIM",,,,,,,,,,"https://www.google.com/maps/search/?api=1&query=Les%20waterfall&query_place_id=ChIJO4ThCwDt0S0Rb-H212uItWk","Kantor SIM"
"waterfall tour ubud",,,"F7M5+4RF Gecko Art Shop, Dekat, Jl. Monkey Forest","Kabupaten Gianyar","Bali","ID",,"+62 881-0376-46178","Penyelenggara Perjalanan",,,,,,,,,,"https://www.google.com/maps/search/?api=1&query=waterfall%20tour%20ubud&query_place_id=ChIJcUGrN7Y90i0RAb1gs85uk04","Penyelenggara Perjalanan"
"ubud waterfall tour","5","1","Dekat Gelato Ubud by Massimo, Jl. Arjuna","Kabupaten Gianyar","Bali","ID","http://sunrisebaturtrekking.com/","+62 881-0376-46178","Penyelenggara Perjalanan",,,,,,,,,,"https://www.google.com/maps/search/?api=1&query=ubud%20waterfall%20tour&query_place_id=ChIJQyy68oc90i0RntErplCjeiw","Penyelenggara Perjalanan"
"Gulung Tikeh Natural Pool and Waterfall","4","26","F8W8+C67, Unnamed Road","Kabupaten Gianyar","Bali","ID",,"","Tujuan Wisata",,,,,,,,,,"https://www.google.com/maps/search/?api=1&query=Gulung%20Tikeh%20Natural%20Pool%20and%20Waterfall&query_place_id=ChIJ0fc2WfUX0i0Rs_yPG2JX3YM","Tujuan Wisata"
"Angel Waterfall Sidewaas Access Point (Masuk/ Entrance to Angel Waterfall Sidewaas)","5","2","H994+J3C","Kabupaten Bangli","Bali","ID","https://www.instagram.com/angelwaterfallsidewaas?igsh=bGYydm91MWV4M2M4","+62 877-9912-7048","Tujuan Wisata",,,,,,,,,,"https://www.google.com/maps/search/?api=1&query=Angel%20Waterfall%20Sidewaas%20Access%20Point%20(Masuk%2F%20Entrance%20to%20Angel%20Waterfall%20Sidewaas)&query_place_id=ChIJu-cTegAZ0i0R58M1aME_SSU","Tujuan Wisata"
"Bali waterfall treking tours near Ubud","5","3","F8MJ+W43","Kabupaten Gianyar","Bali","ID","http://www.naturabalitours.com/","+62 813-3875-9321","Tujuan Wisata",,,,,,,,,,"https://www.google.com/maps/search/?api=1&query=Bali%20waterfall%20treking%20tours%20near%20Ubud&query_place_id=ChIJhfHNFQA90i0Rkm9QOfhEe20","Tujuan Wisata"
"ubud waterfall tour","5","3","Jl. Tegal Sari","Kabupaten Gianyar","Bali","ID",,"+62 878-9378-5256","Penyelenggara Perjalanan",,,,,,,,,,"https://www.google.com/maps/search/?api=1&query=ubud%20waterfall%20tour&query_place_id=ChIJXzNjC7E90i0RePX6bTCwg9Y","Penyelenggara Perjalanan"
"Central parkir waterfall tukad cepung","4.5","28","Jl. Tembuku","Kabupaten Bangli","Bali","ID",,"+62 857-3995-5982","Taman",,,,,,,,,,"https://www.google.com/maps/search/?api=1&query=Central%20parkir%20waterfall%20tukad%20cepung&query_place_id=ChIJJ7RBOoQb0i0RBPDzTSmOEEA","Taman"
"Air Terjun Desa Kutuh Bangli","4.7","48",,"Kabupaten Bangli","Bali","ID","http://www.adpadabalitour.com/","+62 858-5802-0030","Tujuan Wisata",,,,,,,,,,"https://www.google.com/maps/search/?api=1&query=Air%20Terjun%20Desa%20Kutuh%20Bangli&query_place_id=ChIJFVxws5zy0S0RKTS0lsHy6e4","Tujuan Wisata"
"Black Lava Waterfall","5","3","Jalan Raya","Kabupaten Buleleng","Bali","ID",,"+62 811-396-236","Tujuan Wisata",,,,,,,,,,"https://www.google.com/maps/search/?api=1&query=Black%20Lava%20Waterfall&query_place_id=ChIJI1Dmj7-T0S0R9NG93vQrU3c","Tujuan Wisata"
"Lembah Ayung Waterfall","3.7","3","Jl. Taman Sari Gang Pura Taman Beji No.Br","Kabupaten Gianyar","Bali","ID","https://www.bebalihut.com/","+62 819-3625-7324","Tujuan Wisata",,,,,,,,,,"https://www.google.com/maps/search/?api=1&query=Lembah%20Ayung%20Waterfall&query_place_id=ChIJgx_uy3Uj0i0RU-4brF97sz4","Tujuan Wisata"
"Tanah Ampo Waterfall","4.6","19","G8VF+5F3","Kabupaten Gianyar","Bali","ID",,"+62 852-3917-6433","Tujuan Wisata",,,,,,,,,,"https://www.google.com/maps/search/?api=1&query=Tanah%20Ampo%20Waterfall&query_place_id=ChIJaS66BsIZ0i0RzqIJQkGqsyA","Tujuan Wisata"
"Bali Waterfall Tour",,,"F7P7+3J8, Jl. Hanoman","Kabupaten Gianyar","Bali","ID",,"","Penyelenggara Perjalanan","Agen Tur Keliling Kota","Biro Wisata",,,,,,,,"https://www.google.com/maps/search/?api=1&query=Bali%20Waterfall%20Tour&query_place_id=ChIJYbC9B35A0i0Rc9dk6lepYKI","Penyelenggara Perjalanan"
"Temacun waterfall","3.1","7","J694+X9","Kabupaten Tabanan","Bali","ID",,"+62 878-6057-1886","Tujuan Wisata",,,,,,,,,,"https://www.google.com/maps/search/?api=1&query=Temacun%20waterfall&query_place_id=ChIJnVs2c2oh0i0Rg-JOeZR9WTA","Tujuan Wisata"
"Ubud waterfall tour",,,"F7P7+RMH, Jl. Hanoman","Kabupaten Gianyar","Bali","ID",,"","Layanan Transportasi",,,,,,,,,,"https://www.google.com/maps/search/?api=1&query=Ubud%20waterfall%20tour&query_place_id=ChIJOWzzWQA90i0RBAhcPEteWZ4","Layanan Transportasi"
"The Waterfall Jungle Villa","5","18","The Waterfall Jungle Villa","Kabupaten Gianyar","Bali","ID",,"+62 812-3707-9090","Vila",,,,,,,,,,"https://www.google.com/maps/search/?api=1&query=The%20Waterfall%20Jungle%20Villa&query_place_id=ChIJgdYruYs90i0RvP72wxoDjOk","Vila"
"Air Terjun Carat","4.4","139",,"Kabupaten Buleleng","Bali","ID",,"","Tujuan Wisata",,,,,,,,,,"https://www.google.com/maps/search/?api=1&query=Air%20Terjun%20Carat&query_place_id=ChIJ2YJWk1qS0S0R4mT3zW_eefs","Tujuan Wisata"
"Unda Waterfall","5","2","G834+5CC","Kabupaten Gianyar","Bali","ID",,"+62 818-0565-3059","Tujuan Wisata",,,,,,,,,,"https://www.google.com/maps/search/?api=1&query=Unda%20Waterfall&query_place_id=ChIJ6YCJcwAX0i0Rl9qKPk0_mms","Tujuan Wisata"
"Parkir jasan waterfall","5","3","Jl. Br Jasan No.16","Kabupaten Gianyar","Bali","ID",,"","Tujuan Wisata",,,,,,,,,,"https://www.google.com/maps/search/?api=1&query=Parkir%20jasan%20waterfall&query_place_id=ChIJX16esBgf0i0Rb-86eul4oRU","Tujuan Wisata"
"Holy Waterfall Bali","5","4","Jalan Raya","Kabupaten Karangasem","Bali","ID",,"+62 821-4446-6600","Area Rekreasi Alam",,,,,,,,,,"https://www.google.com/maps/search/?api=1&query=Holy%20Waterfall%20Bali&query_place_id=ChIJlUqh9fwb0i0RbMmhWk483ac","Area Rekreasi Alam"
"Gebyug Waterfall",,,"Banjar Adat Sengkiding","Kabupaten Klungkung","Bali","ID",,"","Taman Rekreasi Air",,,,,,,,,,"https://www.google.com/maps/search/?api=1&query=Gebyug%20Waterfall&query_place_id=ChIJqxil9IoR0i0Rxsc37ztZWek","Taman Rekreasi Air"
"PONDOK BEJI WATERFALL","4.6","9","Jl. Batas Kangin","Kabupaten Badung","Bali","ID",,"+62 877-3838-7881","Tujuan Wisata",,,,,,,,,,"https://www.google.com/maps/search/?api=1&query=PONDOK%20BEJI%20WATERFALL&query_place_id=ChIJH2wh64Ej0i0RKi-GncknAx0","Tujuan Wisata"
"Bangkiang Jaran","4.9","412",,"Kabupaten Gianyar","Bali","ID",,"","Tujuan Wisata",,,,,,,,,,"https://www.google.com/maps/search/?api=1&query=Bangkiang%20Jaran&query_place_id=ChIJR8q8aAAX0i0RuE5do2S3N5k","Tujuan Wisata"
"Pura Tirta Tadah Uwuk","4.7","77",,"Kabupaten Klungkung","Bali","ID",,"+62 877-5777-7727","Tujuan Wisata",,,,,,,,,,"https://www.google.com/maps/search/?api=1&query=Pura%20Tirta%20Tadah%20Uwuk&query_place_id=ChIJJ2uUZ-QX0i0RsGvDFfxrM2Q","Tujuan Wisata"
"Paon Kuning Waterfall","4.1","16","Banjar Kuning","Kabupaten Bangli","Bali","ID",,"+62 812-3811-183","Restoran",,,,,,,,,,"https://www.google.com/maps/search/?api=1&query=Paon%20Kuning%20Waterfall&query_place_id=ChIJhfd1N_UX0i0R2z1myFgHvHg","Restoran"
"Tukad Barong","4.3","52","H99R+C9J, Banjar umbalan","Kabupaten Bangli","Bali","ID",,"+62 853-3789-268","Tujuan Wisata",,,,,,,,,,"https://www.google.com/maps/search/?api=1&query=Tukad%20Barong&query_place_id=ChIJAXqFIbIb0i0Rep2qH4cAwzE","Tujuan Wisata"
"TUKAD CELEX CELEX","5","1","Unnamed Road","Kabupaten Klungkung","Bali","ID",,"","Tujuan Wisata",,,,,,,,,,"https://www.google.com/maps/search/?api=1&query=TUKAD%20CELEX%20CELEX&query_place_id=ChIJn-JFkjUX0i0RRjtziEP7CjU","Tujuan Wisata"
"Air Terjun Tangkup","4.4","16","G9WR+6WX, Jl. Raya Besakih","Kabupaten Bangli","Bali","ID",,"","Tujuan Wisata",,,,,,,,,,"https://www.google.com/maps/search/?api=1&query=Air%20Terjun%20Tangkup&query_place_id=ChIJKe2-RiUa0i0R-JDMykExNcQ","Tujuan Wisata"
"Myanmar Waterfall","5","1","G6VP+M6","Kabupaten Badung","Bali","ID",,"","Taman",,,,,,,,,,"https://www.google.com/maps/search/?api=1&query=Myanmar%20Waterfall&query_place_id=ChIJVYbOXAAj0i0R1MUrr9pnnUw","Taman"
"Yehpoh Waterfall persimpangan","5","1","GGG7+P9","Kabupaten Karangasem","Bali","ID",,"","Taman",,,,,,,,,,"https://www.google.com/maps/search/?api=1&query=Yehpoh%20Waterfall%20persimpangan&query_place_id=ChIJ-VGvBQAP0i0R3M4iqqyi96c","Taman"
"beji griya waterfall temple","5","2","F7R5+8XC","Kabupaten Gianyar","Bali","ID",,"","Tempat Ibadah",,,,,,,,,,"https://www.google.com/maps/search/?api=1&query=beji%20griya%20waterfall%20temple&query_place_id=ChIJa494fgA90i0RP6Hz_R67ZUc","Tempat Ibadah"
"Ulun Campuhan Waterfall Buahan","4.8","5","J69W+FXW, Br gambih","Kabupaten Gianyar","Bali","ID",,"+62 857-3820-7202","Kantor Perusahaan",,,,,,,,,,"https://www.google.com/maps/search/?api=1&query=Ulun%20Campuhan%20Waterfall%20Buahan&query_place_id=ChIJVyMmfLwh0i0RP3DOloYubEY","Kantor Perusahaan"
"Air Terjun Manik Tawang","4.5","11","H8HC+2J7","Kabupaten Gianyar","Bali","ID",,"","Tujuan Wisata",,,,,,,,,,"https://www.google.com/maps/search/?api=1&query=Air%20Terjun%20Manik%20Tawang&query_place_id=ChIJJ35fwkMZ0i0RYtC6nkC-86k","Tujuan Wisata"
"Tibu Jeruti Waterfall",,,"JJP6+39F, Jl. Ida Ketut Jelantik","Kabupaten Karangasem","Bali","ID",,"","Tujuan Wisata",,,,,,,,,,"https://www.google.com/maps/search/?api=1&query=Tibu%20Jeruti%20Waterfall&query_place_id=ChIJ0z66cwAB0i0RiBQAMpL5uh4","Tujuan Wisata"
"New office waterfall",,,"V927+8QH","Kabupaten Buleleng","Bali","ID",,"","Tujuan Wisata",,,,,,,,,,"https://www.google.com/maps/search/?api=1&query=New%20office%20waterfall&query_place_id=ChIJMeGQewDt0S0RL5OVr-8rg-s","Tujuan Wisata"
"Waterfall Warung","4.9","28","H74R+8F5, Jl. Raya Desa Kenderan","Kabupaten Gianyar","Bali","ID",,"","Kedai Kopi",,,,,,,,,,"https://www.google.com/maps/search/?api=1&query=Waterfall%20Warung&query_place_id=ChIJNV4fcQAZ0i0R-9ZXad-Obes","Kedai Kopi"
"Parking point Lateng Kayu Waterfall","4","2",,"Kabupaten Gianyar","Bali","ID",,"","Tujuan Wisata",,,,,,,,,,"https://www.google.com/maps/search/?api=1&query=Parking%20point%20Lateng%20Kayu%20Waterfall&query_place_id=ChIJJ0iETQof0i0R-xHsap-lilA","Tujuan Wisata"
"Les Waterfalls Homestay","4.7","3",,"Kabupaten Bangli","Bali","ID",,"+62 852-3892-6857","Hotel",,,,,,,,,,"https://www.google.com/maps/search/?api=1&query=Les%20Waterfalls%20Homestay&query_place_id=ChIJzRxbX_bt0S0R79f4pQItv0w","Hotel"
"Ancut Petanu River & Waterfall","4.9","143","Jl. Sentanu","Kabupaten Gianyar","Bali","ID","https://ancutpetanuriver.com/","+62 831-4781-6734","Tujuan Wisata","Bumi perkemahan","Kelas memasak","Spa pijat","Restoran","Pusat Retret Yoga",,,,,"https://www.google.com/maps/search/?api=1&query=Ancut%20Petanu%20River%20%26%20Waterfall&query_place_id=ChIJvxmfzk4Z0i0RqSJV_VZYn78","Tujuan Wisata"
"Goa rajo waterfall,","4.9","11","H95G+872","Kabupaten Bangli","Bali","ID",,"","Tempat Parkir",,,,,,,,,,"https://www.google.com/maps/search/?api=1&query=Goa%20rajo%20waterfall%2C&query_place_id=ChIJH8QUTgAZ0i0RdofLqCOPdQI","Tempat Parkir"
"ubud tour and waterfall",,,,"Kabupaten Bangli","Bali","ID","https://www.vrbo.com/pdp/lo/91336428?MDPCID=VRBO-META.HPA.WEB-ORGANIC.VR","","Penginapan","Persewaan liburan",,,,,,,,,"https://www.google.com/maps/search/?api=1&query=ubud%20tour%20and%20waterfall&query_place_id=ChIJ7aeqqp4e0i0R4CeJhDutuBQ","Penginapan"
"ubud tour and waterfall",,,,"Kabupaten Bangli","Bali","ID","https://br.bluepillow.com/search/65cb83c93e6d928972f82cdd?dest=bpex&cat=House&lat=-8.37289&lng=115.37083&language=pt","","Penginapan","Persewaan liburan",,,,,,,,,"https://www.google.com/maps/search/?api=1&query=ubud%20tour%20and%20waterfall&query_place_id=ChIJxU38a5ke0i0Rviv745opIEc","Penginapan"
"Parkir Gembleng Waterfall","5","1","GF56+687","Kabupaten Karangasem","Bali","ID",,"","Tempat Parkir",,,,,,,,,,"https://www.google.com/maps/search/?api=1&query=Parkir%20Gembleng%20Waterfall&query_place_id=ChIJ921SewAR0i0RIRyTOtlCPkk","Tempat Parkir"
"ubud tour and waterfall",,,,"Kabupaten Bangli","Bali","ID","https://www.expedia.com/Hotel.h91336428.Hotel-Information?mdpcid=META.HPA.WEB-ORGANIC.VR","","Penginapan","Persewaan liburan",,,,,,,,,"https://www.google.com/maps/search/?api=1&query=ubud%20tour%20and%20waterfall&query_place_id=ChIJ7aeqqp4e0i0R7ZHdtuMCnZg","Penginapan"
"Goa Raja Waterfall & Candi Tebing Jehem","5","22","H95F+RVF","Kabupaten Bangli","Bali","ID",,"","Taman Rekreasi Air",,,,,,,,,,"https://www.google.com/maps/search/?api=1&query=Goa%20Raja%20Waterfall%20%26%20Candi%20Tebing%20Jehem&query_place_id=ChIJA1htjDAZ0i0RWrKee7-S0yY","Taman Rekreasi Air"
"Toya Ubud Ecopark and Waterfall","4.9","233","Jl. Raya Desa Kenderan","Kabupaten Gianyar","Bali","ID","http://www.toyaubud.com/","+62 811-3831-2503","Restoran","Restoran China","Kedai Kopi","Hotel","Toko Parfum","Restoran Masakan Barat",,,,,"https://www.google.com/maps/search/?api=1&query=Toya%20Ubud%20Ecopark%20and%20Waterfall&query_place_id=ChIJuWOY67oZ0i0Rzx66liFzFG0","Restoran"
"Dcarik Tibumana Pool Bar & Resto","4.9","2285","Jl. Setra Agung","Kabupaten Bangli","Bali","ID","https://www.instagram.com/dcariktibumana?igsh=M3UybmJka2wzN211&utm_source=qr","+62 851-9008-8810","Restoran",,,,,,,,,,"https://www.google.com/maps/search/?api=1&query=Dcarik%20Tibumana%20Pool%20Bar%20%26%20Resto&query_place_id=ChIJ27jX_mAX0i0RZhDo0K2Uz80","Restoran"
"Waterfall ATV Adventures","4","2","F7V7+72R","Kabupaten Gianyar","Bali","ID",,"","Penyelenggara Perjalanan",,,,,,,,,,"https://www.google.com/maps/search/?api=1&query=Waterfall%20ATV%20Adventures&query_place_id=ChIJ8X8dFwA90i0R3F3vrNoz9P4","Penyelenggara Perjalanan"
"Happy Frog Restaurant","4.4","33","Tukad Cepung Waterfall Street","Kabupaten Bangli","Bali","ID",,"+62 877-5810-6916","Restoran","Tujuan Wisata",,,,,,,,,"https://www.google.com/maps/search/?api=1&query=Happy%20Frog%20Restaurant&query_place_id=ChIJYQP9BlQb0i0RNWa-CxdPVFc","Restoran"
"Jungle ATV Waterfall Bali Adventure","4","4",,"Kabupaten Gianyar","Bali","ID","http://kingkongadventure.com/","","Penyelenggara Perjalanan",,,,,,,,,,"https://www.google.com/maps/search/?api=1&query=Jungle%20ATV%20Waterfall%20Bali%20Adventure&query_place_id=ChIJHzGAsvk90i0R63KsHbHhweY","Penyelenggara Perjalanan"
"Gatep Waterfall Parking",,,"G834+5CC","Kabupaten Gianyar","Bali","ID",,"",,,,,,,,,,,"https://www.google.com/maps/search/?api=1&query=Gatep%20Waterfall%20Parking&query_place_id=ChIJI2iCIAAX0i0RjxZ6xV5K-R8",
"Villa - Sleeps 6 - Private pool - Parking",,,,"Kabupaten Karangasem","Bali","ID","https://www.booking.com/hotel/id/luxury-villa-in-karangasem-bali-with-spectacular-views.en-gb.html?aid=2068758&utm_source=seogooglelocal&utm_medium=description&utm_term=hotel-13506565&utm_campaign=en-gb&label=seogooglelocal-link-imagesaow-hotel-13506565_grp-1_gendate-20260426","","Penginapan","Persewaan liburan",,,,,,,,,"https://www.google.com/maps/search/?api=1&query=Villa%20-%20Sleeps%206%20-%20Private%20pool%20-%20Parking&query_place_id=ChIJ_e9N8gEB0i0RQqgTr-VsB0c","Penginapan"
"Taman Soekasada Ujung Office","4.9","28","Jl. Taman Ujung","Kabupaten Karangasem","Bali","ID",,"+62 363 4301870","Pusat Informasi Pariwisata","Taman",,,,,,,,,"https://www.google.com/maps/search/?api=1&query=Taman%20Soekasada%20Ujung%20Office&query_place_id=ChIJFZjn43YI0i0RG7Q5Obs-lT4","Pusat Informasi Pariwisata"
"Mt Agung Community Guides","4.6","666",,"Kabupaten Karangasem","Bali","ID",,"+62 811-3883-812","Area Rekreasi Alam","Pura","Tujuan Wisata",,,,,,,,"https://www.google.com/maps/search/?api=1&query=Mt%20Agung%20Community%20Guides&query_place_id=ChIJTT4EnmwD0i0R_DnZ_6XGJ6Q","Area Rekreasi Alam"
"Dream iyeh water park","5","1","HMQ3+X6V","Kabupaten Karangasem","Bali","ID",,"+62 812-3735-7881","Taman",,,,,,,,,,"https://www.google.com/maps/search/?api=1&query=Dream%20iyeh%20water%20park&query_place_id=ChIJ2-kbF5UH0i0RkHV1CWu5qzk","Taman"
"PARKING LOT YANGAPI WATERFALL","5","3","H94Q+VVJ","Kabupaten Bangli","Bali","ID",,"","Tempat Parkir",,,,,,,,,,"https://www.google.com/maps/search/?api=1&query=PARKING%20LOT%20YANGAPI%20WATERFALL&query_place_id=ChIJYSqEJwAb0i0R184YmlisKGE","Tempat Parkir"
"Besang Kite Fight Park","5","3","FCC2+WM2","Kabupaten Klungkung","Bali","ID",,"","Taman",,,,,,,,,,"https://www.google.com/maps/search/?api=1&query=Besang%20Kite%20Fight%20Park&query_place_id=ChIJe216mEMR0i0ReLJqk3Jn0L0","Taman"
"Parking lot elamokintamani",,,"QC42+46M, Jl. Songan","Kabupaten Bangli","Bali","ID",,"","Tempat Parkir Umum",,,,,,,,,,"https://www.google.com/maps/search/?api=1&query=Parking%20lot%20elamokintamani&query_place_id=ChIJ0-cyAgD30S0RJYNkiLSqKuI","Tempat Parkir Umum"
"PARQ UBUD","4.4","1710","Jl. Sri Wedari No.24","Kabupaten Gianyar","Bali","ID","https://www.instagram.com/onyx_ubud","","Hotel Resor","Ruang Kerja Bersama","Tempat Fitness","Restoran",,,,,,,"https://www.google.com/maps/search/?api=1&query=PARQ%20UBUD&query_place_id=ChIJD7QfecIj0i0R1OALvkVGTZA","Hotel Resor"
"waterboom sidembunut","4.3","689","Jl. Erlangga","Kabupaten Bangli","Bali","ID",,"+62 822-3700-2003","Taman Rekreasi Air","Tujuan Wisata",,,,,,,,,"https://www.google.com/maps/search/?api=1&query=waterboom%20sidembunut&query_place_id=ChIJncRHBY8Z0i0RrswExj-Ku3g","Taman Rekreasi Air"
"Japanese ship wreck parking","4.2","13","Jl. Karangasem - Seraya","Kabupaten Karangasem","Bali","ID",,"+62 812-3781-3640","Tujuan Wisata",,,,,,,,,,"https://www.google.com/maps/search/?api=1&query=Japanese%20ship%20wreck%20parking&query_place_id=ChIJZ0T1tzP_zS0R2ucsu1fyBhI","Tujuan Wisata"
"Toya Ubud Ecopark & Waterfall",,,,"Kabupaten Gianyar","Bali","ID",,"","Penginapan","Persewaan liburan",,,,,,,,,"https://www.google.com/maps/search/?api=1&query=Toya%20Ubud%20Ecopark%20%26%20Waterfall&query_place_id=ChIJKWHWnH4Y0i0RsLUpzJKDp40","Penginapan"
"Timbumana Waterfall Carpark","5","3","F8WJ+Q56, Jl. Setra Agung","Kabupaten Bangli","Bali","ID",,"","Tempat Parkir",,,,,,,,,,"https://www.google.com/maps/search/?api=1&query=Timbumana%20Waterfall%20Carpark&query_place_id=ChIJbVyDEQAX0i0R0cxT2maEjB4","Tempat Parkir"
"Waterfall Jungle 4BR Family Villa w/ Pool in Ubud",,,,"Kabupaten Gianyar","Bali","ID","https://thewaterfalljunglevilla.guestybookings.com/properties/659b87a506043a0013cccbdc","","Penginapan","Persewaan liburan",,,,,,,,,"https://www.google.com/maps/search/?api=1&query=Waterfall%20Jungle%204BR%20Family%20Villa%20w%2F%20Pool%20in%20Ubud&query_place_id=ChIJ7YWGj1g90i0R2Os_xwPGn7Q","Penginapan"
"Warung Nyoman","4.6","15","Les Waterfall, Jalan","Kabupaten Buleleng","Bali","ID",,"+62 821-4604-7788","Kafe",,,,,,,,,,"https://www.google.com/maps/search/?api=1&query=Warung%20Nyoman&query_place_id=ChIJvxqpRTXt0S0R4blZkBl7wEo","Kafe"
"Bugbugan waterfall","4.4","20",,"Kabupaten Bangli","Bali","ID",,"+62 821-4583-4463","Area Rekreasi Alam",,,,,,,,,,"https://www.google.com/maps/search/?api=1&query=Bugbugan%20waterfall&query_place_id=ChIJkWdCpfAX0i0RakmL0n55Irk","Area Rekreasi Alam"
"Ganggangan waterfall","5","2","G7QV+G85","Kabupaten Gianyar","Bali","ID",,"","Tujuan Wisata",,,,,,,,,,"https://www.google.com/maps/search/?api=1&query=Ganggangan%20waterfall&query_place_id=ChIJawKmcA0Z0i0RyAt4o3bWDTo","Tujuan Wisata"
"Angel Waterfall Sidewaas","4.6","24","H9C3+2G","Kabupaten Bangli","Bali","ID","https://instagram.com/angelwaterfallsidewaas?igshid=YzAwZjE1ZTI0Zg==","+62 813-3715-5755","Tujuan Wisata",,,,,,,,,,"https://www.google.com/maps/search/?api=1&query=Angel%20Waterfall%20Sidewaas&query_place_id=ChIJj8h1yuMZ0i0RZZxGe_rpJ1Q","Tujuan Wisata"
"Mabun Waterfall","5","2",,"Kabupaten Buleleng","Bali","ID",,"","Tujuan Wisata",,,,,,,,,,"https://www.google.com/maps/search/?api=1&query=Mabun%20Waterfall&query_place_id=ChIJJwE_VPmT0S0RbezS08HKHGo","Tujuan Wisata"
"Ubud Waterfall Purification and Meditation Place by Jero Raisaraswathi","3.2","9","Jl. Raya Laplapan No.7","Kabupaten Gianyar","Bali","ID",,"+62 819-9945-2037","Pusat Spiritis",,,,,,,,,,"https://www.google.com/maps/search/?api=1&query=Ubud%20Waterfall%20Purification%20and%20Meditation%20Place%20by%20Jero%20Raisaraswathi&query_place_id=ChIJS2xIfsc90i0RPQpXS7ji9kI","Pusat Spiritis"
"Wisata Tukad Ngongkong","4.6","91","J6MG+2H9, Jl. Raya Pura Pucak Mangu","Kabupaten Badung","Bali","ID",,"+62 831-1953-6667","Area Rekreasi Alam","Tujuan Wisata",,,,,,,,,"https://www.google.com/maps/search/?api=1&query=Wisata%20Tukad%20Ngongkong&query_place_id=ChIJKQGMC8oh0i0Ra8H1XlDXUmc","Area Rekreasi Alam"
"Ubud Jungle Swing","4.4","233","Jl. Raya Tegallalang","Kabupaten Gianyar","Bali","ID","http://www.ubudjungleswing.com/","+62 877-7666-6162","Taman Hiburan",,,,,,,,,,"https://www.google.com/maps/search/?api=1&query=Ubud%20Jungle%20Swing&query_place_id=ChIJz8TEIQwj0i0RN-8MMwBEYi0","Taman Hiburan"
"Jungle Swing Bali","3.8","58",,"Kabupaten Gianyar","Bali","ID","https://www.viator.com/tours/Seminyak/Best-of-Ubud-Tour-with-Jungle-Swing/d34198-11769P26?pid=P00050698&mcid=42383&medium=link&campaign=GMB+Ubud+Jungle+Swing","+62 859-6717-2189","Area Rekreasi Alam",,,,,,,,,,"https://www.google.com/maps/search/?api=1&query=Jungle%20Swing%20Bali&query_place_id=ChIJrf3AHlgj0i0RZr3LdWYW3pQ","Area Rekreasi Alam"
"Virgin Beach Parking Lot","4.5","207","Jl. Raya Bukit Asah No.Desa","Kabupaten Karangasem","Bali","ID","http://pantaibiasputih.blogspot.co.id/","","Tempat Parkir","Tujuan Wisata",,,,,,,,,"https://www.google.com/maps/search/?api=1&query=Virgin%20Beach%20Parking%20Lot&query_place_id=ChIJeWYbHP4I0i0RIuE8uuFJ4PY","Tempat Parkir"
"Hutan Pinus Desa Batur Selatan","4.5","96","P8PM+QQW","Kabupaten Bangli","Bali","ID",,"+62 853-3822-2888","Hutan Nasional",,,,,,,,,,"https://www.google.com/maps/search/?api=1&query=Hutan%20Pinus%20Desa%20Batur%20Selatan&query_place_id=ChIJgY9tk1700S0RopUXnpo5RC0","Hutan Nasional"
"Pemandian Umum Tukad Arca","4.6","263","HCRH+XV6","Kabupaten Karangasem","Bali","ID",,"","Taman Rekreasi Air",,,,,,,,,,"https://www.google.com/maps/search/?api=1&query=Pemandian%20Umum%20Tukad%20Arca&query_place_id=ChIJMwd--fwb0i0RORwZPgWqT-U","Taman Rekreasi Air"
"Air Terjun Munduk","4.6","320","P3Q9+PC2, Jl. Raya Pancasari","Kabupaten Buleleng","Bali","ID",,"","Tujuan Wisata",,,,,,,,,,"https://www.google.com/maps/search/?api=1&query=Air%20Terjun%20Munduk&query_place_id=ChIJPV6QbVaP0S0RGu87o5AYupA","Tujuan Wisata"
"Bengbengan Waterfall","4.5","60",,"Kabupaten Buleleng","Bali","ID","http://www.dewataisland.com/","+62 878-4472-6800","Tujuan Wisata",,,,,,,,,,"https://www.google.com/maps/search/?api=1&query=Bengbengan%20Waterfall&query_place_id=ChIJq6qqqi6M0S0RMAulUwplPlM","Tujuan Wisata"
"Singing Sade Waterfall","4.6","93",,"Kabupaten Tabanan","Bali","ID",,"","Titik Pemandangan","Tujuan Wisata",,,,,,,,,"https://www.google.com/maps/search/?api=1&query=Singing%20Sade%20Waterfall&query_place_id=ChIJTzWrrT4p0i0RDbqZTimKsfE","Titik Pemandangan"
"secret waterfall","4","23","F4FR+CQ9, Jl. Tukad Yeh Ho","Kabupaten Tabanan","Bali","ID","https://www.facebook.com/share/r/JthBzWgJwsuswAq3/?mibextid=I6gGtw","+62 878-7664-3943","Tujuan Wisata",,,,,,,,,,"https://www.google.com/maps/search/?api=1&query=secret%20waterfall&query_place_id=ChIJY3T_X3c70i0RivhnCUaDYno","Tujuan Wisata"
"Air Terjun Tirta Buana","4.7","317","Q5V6+PM7","Kabupaten Buleleng","Bali","ID",,"","Tujuan Wisata",,,,,,,,,,"https://www.google.com/maps/search/?api=1&query=Air%20Terjun%20Tirta%20Buana&query_place_id=ChIJLSsWf52P0S0RImgAz6OrGQw","Tujuan Wisata"
"Mountain Kitchen And Bar","4.9","178","Jl. Pendakian Gn. Batur","Kabupaten Bangli","Bali","ID",,"+62 877-9197-4197","Restoran",,,,,,,,,,"https://www.google.com/maps/search/?api=1&query=Mountain%20Kitchen%20And%20Bar&query_place_id=ChIJBW37LQD30S0RMXzvWJ8P_zk","Restoran"
"Sundharam mountain view",,,"Q83M+J8H","Kabupaten Bangli","Bali","ID",,"","Tujuan Wisata",,,,,,,,,,"https://www.google.com/maps/search/?api=1&query=Sundharam%20mountain%20view&query_place_id=ChIJ1ZNkHQD10S0RPazuGgmvMFU","Tujuan Wisata"
"Pinggan Mountain Batur View",,,,"Kabupaten Bangli","Bali","ID",,"+62 856-0661-3836","Akomodasi berlayanan",,,,,,,,,,"https://www.google.com/maps/search/?api=1&query=Pinggan%20Mountain%20Batur%20View&query_place_id=ChIJEY8t-Brx0S0RU0YCwKUSrUY","Akomodasi berlayanan"
"Tegenungan Waterfall","4.4","37341",,"Kabupaten Gianyar","Bali","ID",,"","Titik Pemandangan","Tujuan Wisata",,,,,,,,,"https://www.google.com/maps/search/?api=1&query=Tegenungan%20Waterfall&query_place_id=ChIJYQy97hsW0i0RXgxBuN15rsE","Titik Pemandangan"
"Sumampan Waterfall","4.5","1420",,"Kabupaten Gianyar","Bali","ID",,"","Tujuan Wisata","Penyelenggara aktivitas luar ruangan",,,,,,,,,"https://www.google.com/maps/search/?api=1&query=Sumampan%20Waterfall&query_place_id=ChIJ93viDd0X0i0RokCC4Z_TgDo","Tujuan Wisata"
"Bandung Waterfall","4.3","620","Jl. Raya Siangan Jl. Mundeh","Kabupaten Gianyar","Bali","ID","https://sites.google.com/view/bandungwaterfall/home","+62 811-394-684","Tujuan Wisata",,,,,,,,,,"https://www.google.com/maps/search/?api=1&query=Bandung%20Waterfall&query_place_id=ChIJ79oiX9oX0i0RLtG8sYRZpXo","Tujuan Wisata"
"Blangsinga Waterfall","4.6","729","Banjar Blangsinga, Jl. Raya Blangsinga","Kabupaten Gianyar","Bali","ID","http://blangsingawaterfall.com/","+62 819-1720-3557","Tujuan Wisata",,,,,,,,,,"https://www.google.com/maps/search/?api=1&query=Blangsinga%20Waterfall&query_place_id=ChIJo2FjEYYV0i0R4qbcjGtpSVU","Tujuan Wisata"
"The Hidden Waterfall of Pangkung Bengkel","4.7","70","KTH AMERTA SARI Banjar","Kabupaten Tabanan","Bali","ID",,"+62 831-1670-3999","Area Mendaki","Titik Pemandangan","Tujuan Wisata","Pusat Informasi Pariwisata",,,,,,,"https://www.google.com/maps/search/?api=1&query=The%20Hidden%20Waterfall%20of%20Pangkung%20Bengkel&query_place_id=ChIJ7UJQ6Kot0i0R67SjwvZ8QMw","Area Mendaki"
"Kanto Lampo Waterfall","4.3","6942","Jl. Kanto Lampo Waterfall","Kabupaten Gianyar","Bali","ID","https://kantolampo.com/","+62 823-4180-5579","Tujuan Wisata",,,,,,,,,,"https://www.google.com/maps/search/?api=1&query=Kanto%20Lampo%20Waterfall&query_place_id=ChIJoQHcmv8X0i0RI6vXSuiyCOo","Tujuan Wisata"
"Uma Anyar Waterfall","4.8","1019","Jl. Gading Wani","Kabupaten Gianyar","Bali","ID",,"","Tujuan Wisata",,,,,,,,,,"https://www.google.com/maps/search/?api=1&query=Uma%20Anyar%20Waterfall&query_place_id=ChIJvZMjvgkX0i0RsioucYHnf4M","Tujuan Wisata"
"Gema waterfall","5","2","95WV+X5H, Jl. Raya Sading","Kabupaten Badung","Bali","ID",,"","Tujuan Wisata",,,,,,,,,,"https://www.google.com/maps/search/?api=1&query=Gema%20waterfall&query_place_id=ChIJcTRTMQA_0i0RvrTZbc859KM","Tujuan Wisata"
"Coconut Park Pasut Beach","4","13","Jln. raya pantai pasut","Kabupaten Tabanan","Bali","ID",,"+62 857-3887-1919","Taman",,,,,,,,,,"https://www.google.com/maps/search/?api=1&query=Coconut%20Park%20Pasut%20Beach&query_place_id=ChIJVbhfbhkx0i0RPjWj4GB4TOM","Taman"
"Pantai Abian Kapas","4.4","187","Tim. 82162","Kabupaten Tabanan","Bali","ID",,"+62 361 811602","Tujuan Wisata",,,,,,,,,,"https://www.google.com/maps/search/?api=1&query=Pantai%20Abian%20Kapas&query_place_id=ChIJj1Du_hYx0i0RnqqJat7QFbg","Tujuan Wisata"
"Nusa Penida Tour - Atuh Beach","4.6","3887",,"Kabupaten Klungkung","Bali","ID",,"+62 818-793-913","Pantai",,,,,,,,,,"https://www.google.com/maps/search/?api=1&query=Nusa%20Penida%20Tour%20-%20Atuh%20Beach&query_place_id=ChIJhYE8QJt30i0Rs8qDtRiE1iU","Pantai"
"LOA Beach","4.8","18",,,"Bali","ID",,"","Pantai",,,,,,,,,,"https://www.google.com/maps/search/?api=1&query=LOA%20Beach&query_place_id=ChIJJfRhWHpt0i0RAEA9OIneCpY","Pantai"
"Pandan Beach","4.7","414","Sakti Nusapenida","Kabupaten Klungkung","Bali","ID",,"","Pantai",,,,,,,,,,"https://www.google.com/maps/search/?api=1&query=Pandan%20Beach&query_place_id=ChIJ8dk4pg5u0i0R80rnQthbaP4","Pantai"
"Secret beach","4.2","942","7CVR+5XF, Jalan secret beach, nusa ceningan, Jl. Sarang Burung","Kabupaten Klungkung","Bali","ID",,"","Tujuan Wisata","Bar","Klub","Vila","Hotel","Titik Pemandangan",,,,,"https://www.google.com/maps/search/?api=1&query=Secret%20beach&query_place_id=ChIJFeWaGtxt0i0RSn0OkQbEguk","Tujuan Wisata"
"Kutampi Beach","4.4","108","Jl. Pantai","Kabupaten Klungkung","Bali","ID","http://www.nusapenidatraveling.com/","","Pantai",,,,,,,,,,"https://www.google.com/maps/search/?api=1&query=Kutampi%20Beach&query_place_id=ChIJt4P1kZtz0i0RYIKsGK93o14","Pantai"
"Broken Beach","4.6","7614","7F82+R4","Kabupaten Klungkung","Bali","ID",,"","Tujuan Wisata",,,,,,,,,,"https://www.google.com/maps/search/?api=1&query=Broken%20Beach&query_place_id=ChIJyy2nId9v0i0RpUc5EjA_2y8","Tujuan Wisata"
"Pantai Mushroom Bay","4.2","615",,,"Bali","ID",,"","Pantai",,,,,,,,,,"https://www.google.com/maps/search/?api=1&query=Pantai%20Mushroom%20Bay&query_place_id=ChIJv053665t0i0RxxoPPu7PAGo","Pantai"
"Pengalon Beach","4","54","Unnamed Road","Kabupaten Karangasem","Bali","ID",,"","Pantai",,,,,,,,,,"https://www.google.com/maps/search/?api=1&query=Pengalon%20Beach&query_place_id=ChIJGcNOVgsO0i0R7sl5YhLvtX0","Pantai"
"DIAMOND BEACH NUSA PENIDA","4.7","9132",,"Kabupaten Klungkung","Bali","ID","https://www.instagram.com/diamond_beach.nusapenida/","+62 857-3933-2950","Tujuan Wisata",,,,,,,,,,"https://www.google.com/maps/search/?api=1&query=DIAMOND%20BEACH%20NUSA%20PENIDA&query_place_id=ChIJMa53HxZ30i0RjT02sEeHrQ0","Tujuan Wisata"
"Bakung Beach","3.2","5","Gang Kuda Laut","Kota Denpasar","Bali","ID",,"+62 821-4615-1288","Pantai",,,,,,,,,,"https://www.google.com/maps/search/?api=1&query=Bakung%20Beach&query_place_id=ChIJXbBUhhp00i0RyTht6lEd6Wc","Pantai"
"Dream Beach","4.4","727","Lembongan island","Kabupaten Klungkung","Bali","ID",,"","Pantai",,,,,,,,,,"https://www.google.com/maps/search/?api=1&query=Dream%20Beach&query_place_id=ChIJY7_I3adt0i0R-uL1um1y0_8","Pantai"
"Tembeling Beach and Forest","4.5","1942","6FHW+PQG","Kabupaten Klungkung","Bali","ID",,"","Tujuan Wisata",,,,,,,,,,"https://www.google.com/maps/search/?api=1&query=Tembeling%20Beach%20and%20Forest&query_place_id=ChIJR1f4xHh60i0Rl0PrKWj6JFo","Tujuan Wisata"
"Tamarind Beach","4.2","32",,"Kabupaten Klungkung","Bali","ID",,"","Pantai",,,,,,,,,,"https://www.google.com/maps/search/?api=1&query=Tamarind%20Beach&query_place_id=ChIJQVfD6JR20i0RJUtAy2BwBp0","Pantai"
"secret beach","4.5","99","Unnamed Road","Kabupaten Klungkung","Bali","ID",,"","Pantai",,,,,,,,,,"https://www.google.com/maps/search/?api=1&query=secret%20beach&query_place_id=ChIJ_c3AfK9t0i0RmllH6l3vWyc","Pantai"
"Lumangan Beach","4.5","131",,"Kabupaten Klungkung","Bali","ID",,"","Tujuan Wisata",,,,,,,,,,"https://www.google.com/maps/search/?api=1&query=Lumangan%20Beach&query_place_id=ChIJHXdLQzlu0i0RpxOPhwHdqi8","Tujuan Wisata"
"Jungutbatu Beach","4.4","308","Gg. Nusa Indah","Kabupaten Klungkung","Bali","ID",,"","Pantai",,,,,,,,,,"https://www.google.com/maps/search/?api=1&query=Jungutbatu%20Beach&query_place_id=ChIJi753Ggtt0i0RgYsuzFwgqTQ","Pantai"
"Song Lambung Beach","4.6","230","pantai song lambung","Kabupaten Klungkung","Bali","ID",,"","Tujuan Wisata",,,,,,,,,,"https://www.google.com/maps/search/?api=1&query=Song%20Lambung%20Beach&query_place_id=ChIJkyVhI6Rt0i0R5ZC4E1m2F2M","Tujuan Wisata"
"Batununggul Rastafara Beach","4.3","7","Unnamed Road","Kabupaten Klungkung","Bali","ID","http://lovenusapenida.com/","","Pantai",,,,,,,,,,"https://www.google.com/maps/search/?api=1&query=Batununggul%20Rastafara%20Beach&query_place_id=ChIJc7Ba-IZz0i0RLOoO9N-PvZQ","Pantai"
"Penida Colada Beach Bar","4.7","5853","Jl. Ped-Buyuk","Kabupaten Klungkung","Bali","ID","https://penidacolada.com/?utm_source=google-my-business&utm_medium=organic","+62 813-3627-603","Restoran","Bar","Kedai Sarapan & Makan Siang","Kafe","Bar Minuman Koktail","Bar Dengan Pentas Musik","Panggung Musik","Restoran makan siang","Restoran Seafood","Restoran Masakan Barat","https://www.google.com/maps/search/?api=1&query=Penida%20Colada%20Beach%20Bar&query_place_id=ChIJNz-efFFy0i0RlOhVXzPzyCg","Restoran"
"Dream Beach Cliff","4.6","78","Lembongan island","Kabupaten Klungkung","Bali","ID",,"","Tujuan Wisata",,,,,,,,,,"https://www.google.com/maps/search/?api=1&query=Dream%20Beach%20Cliff&query_place_id=ChIJZ7Vt8FBt0i0RuIZpeP02bGQ","Tujuan Wisata"
"Seganing Waterfall","4","478","6FQP+JP9","Kabupaten Klungkung","Bali","ID","http://lovenusapenida.com/","+62 822-3617-6345","Tujuan Wisata",,,,,,,,,,"https://www.google.com/maps/search/?api=1&query=Seganing%20Waterfall&query_place_id=ChIJyRJbPTBw0i0RWHRzP86eIv4","Tujuan Wisata"
"Air Terjun Guyangan","4.3","1191","6G99+FRR","Kabupaten Klungkung","Bali","ID",,"","Tujuan Wisata",,,,,,,,,,"https://www.google.com/maps/search/?api=1&query=Air%20Terjun%20Guyangan&query_place_id=ChIJVS_QJn960i0R3Pt_ZCHo0Eo","Tujuan Wisata"
"Peguyangan waterfall inn","4.9","7","7G5W+9WM","Kabupaten Klungkung","Bali","ID",,"+62 823-4183-5473","Penginapan",,,,,,,,,,"https://www.google.com/maps/search/?api=1&query=Peguyangan%20waterfall%20inn&query_place_id=ChIJPxC-JB5x0i0RHe2_NwHT5Us","Penginapan"
"Guyangan Waterfall Nusa Penida",,,,"Kabupaten Klungkung","Bali","ID",,"","Penginapan","Persewaan liburan",,,,,,,,,"https://www.google.com/maps/search/?api=1&query=Guyangan%20Waterfall%20Nusa%20Penida&query_place_id=ChIJg1ncgH1w0i0RbtKXH_LbZZY","Penginapan"
"Tegehan waterfall","4.5","6","Jl. Watu Renggong No.26","Kabupaten Klungkung","Bali","ID",,"","Tujuan Wisata",,,,,,,,,,"https://www.google.com/maps/search/?api=1&query=Tegehan%20waterfall&query_place_id=ChIJFejEIVAR0i0Rr2rDIT3o2cE","Tujuan Wisata"
"Waterfall Inn","4.4","37","Jl. Tirta Bhuana Sari","Kabupaten Klungkung","Bali","ID",,"+62 823-3924-7202","Hotel",,,,,,,,,,"https://www.google.com/maps/search/?api=1&query=Waterfall%20Inn&query_place_id=ChIJi4TcB0Bx0i0RtKpBoI2jSt0","Hotel"
"Temesi Waterfall","4.9","557","Jalan Subak Pengliklikan","Kabupaten Gianyar","Bali","ID","http://www.temesiwaterfall.com/","+62 857-3908-0706","Tujuan Wisata",,,,,,,,,,"https://www.google.com/maps/search/?api=1&query=Temesi%20Waterfall&query_place_id=ChIJp6fBwvIX0i0RuSO3qP1oIhs","Tujuan Wisata"
"Cegeng waterfall",,,"FCFW+7HM, Jl. Dawan Kaler","Kabupaten Klungkung","Bali","ID",,"","Tujuan Wisata",,,,,,,,,,"https://www.google.com/maps/search/?api=1&query=Cegeng%20waterfall&query_place_id=ChIJ1680awAR0i0RawXqwRw_was","Tujuan Wisata"
"Poh Gading Waterfall","4.4","174","C7VQ+XX9 LOKASI PROYEK, Dekat","Kabupaten Gianyar","Bali","ID",,"+62 877-5106-1534","Tujuan Wisata",,,,,,,,,,"https://www.google.com/maps/search/?api=1&query=Poh%20Gading%20Waterfall&query_place_id=ChIJexylZAAX0i0Rdn72sDJWyeg","Tujuan Wisata"
"Beji Hill Waterfall","3.6","12",,"Kabupaten Gianyar","Bali","ID",,"","Tujuan Wisata",,,,,,,,,,"https://www.google.com/maps/search/?api=1&query=Beji%20Hill%20Waterfall&query_place_id=ChIJA5wOuto90i0Rrou3TcLO3VM","Tujuan Wisata"
"Tegenungan Waterfalls","4","1","C7FQ+VG3, Jl. Ir. Sutami","Kabupaten Gianyar","Bali","ID",,"","Tujuan Wisata",,,,,,,,,,"https://www.google.com/maps/search/?api=1&query=Tegenungan%20Waterfalls&query_place_id=ChIJoXqkOQAV0i0R71v5p-a_Q_c","Tujuan Wisata"
"Waterfall Park","4.4","125","Jl. Raya Pengosekan Ubud No.108","Kabupaten Gianyar","Bali","ID",,"","Tujuan Wisata",,,,,,,,,,"https://www.google.com/maps/search/?api=1&query=Waterfall%20Park&query_place_id=ChIJyT5ATnQ90i0RQW2aNDCc_Ro","Tujuan Wisata"
"ATV Waterfall Bali","5","1","Jl. Raya Silakarang Singapadu Kaler","Kabupaten Gianyar","Bali","ID","https://baliatvrafting.com/","+62 812-4687-517","Tujuan Wisata",,,,,,,,,,"https://www.google.com/maps/search/?api=1&query=ATV%20Waterfall%20Bali&query_place_id=ChIJS5O8XwA90i0RDfatxj8Fxts","Tujuan Wisata"
"Beng beng waterfall","3.3","8","C76C+GFX, Jl. Uma Aya","Kabupaten Gianyar","Bali","ID",,"","Tujuan Wisata",,,,,,,,,,"https://www.google.com/maps/search/?api=1&query=Beng%20beng%20waterfall&query_place_id=ChIJae_qRsk_0i0RiaKy94KpOb4","Tujuan Wisata"
"Jembatan kaca Bali Tegenungan /Bali Glass Bridge Main entrance","4.9","7217","Jl. Ir. Sutami No.6","Kabupaten Gianyar","Bali","ID",,"+62 822-8289-8888","Tujuan Wisata",,,,,,,,,,"https://www.google.com/maps/search/?api=1&query=Jembatan%20kaca%20Bali%20Tegenungan%20%2FBali%20Glass%20Bridge%20Main%20entrance&query_place_id=ChIJ0bxnRxwV0i0R8nSLn-cbD74","Tujuan Wisata"
"Sumampan Waterfall Parking Area","4.1","41","Br. Sumampan","Kabupaten Gianyar","Bali","ID",,"+62 361 943554","Tujuan Wisata","Kafe",,,,,,,,,"https://www.google.com/maps/search/?api=1&query=Sumampan%20Waterfall%20Parking%20Area&query_place_id=ChIJD0byurgX0i0R4Clst1oIVXU","Tujuan Wisata"
"Kemenuh Butterfly Park, Bali","4.5","1554","C7GP+WMJ, Jl. Ir. Sutami","Kabupaten Gianyar","Bali","ID","http://linkttr.ee/kemenuhtourismobject","+62 811-3801-2266","Tujuan Wisata",,,,,,,,,,"https://www.google.com/maps/search/?api=1&query=Kemenuh%20Butterfly%20Park%2C%20Bali&query_place_id=ChIJ8yjEyTUX0i0RvzawGaLG6eU","Tujuan Wisata"
"Waterfall Restaurant","2","4","Kawasan Wisata Nusa Dua, Kerobokan","Kota Denpasar","Bali","ID",,"+62 361 771102","Restoran",,,,,,,,,,"https://www.google.com/maps/search/?api=1&query=Waterfall%20Restaurant&query_place_id=ChIJuTpPJ55A0i0R2N6gOccxwO4","Restoran"
"Pura Gunung Cemeng","4.9","28","Banjar Cacah, Desa Adat Sebuluh","Kabupaten Klungkung","Bali","ID","https://instagram.com/puragunungcemeng?igshid=YmMyMTA2M2Y=","","Pura","Tujuan Wisata",,,,,,,,,"https://www.google.com/maps/search/?api=1&query=Pura%20Gunung%20Cemeng&query_place_id=ChIJTylZSS5w0i0RGYrMn5biP00","Pura"
"Waterfall Indonesian & Balinese Restaurant","4.8","543","Ayodya Resort Bali, Jl. Pantai Mengiat No.4","Kabupaten Badung","Bali","ID","http://www.ayodyaresortbali.com/restaurant/waterfall-restaurant","+62 361 771102","Restoran Indonesia","Restoran",,,,,,,,,"https://www.google.com/maps/search/?api=1&query=Waterfall%20Indonesian%20%26%20Balinese%20Restaurant&query_place_id=ChIJVbb5WyxD0i0RPeD2JJSaf9A","Restoran Indonesia"
"Kemenuh Monkey River","4.5","413","Jl. Ir. Sutami Jl. Pura Dalem No.Br","Kabupaten Gianyar","Bali","ID","https://kemenuhmonkeyriver.com/","+62 811-3990-9102","Tujuan Wisata",,,,,,,,,,"https://www.google.com/maps/search/?api=1&query=Kemenuh%20Monkey%20River&query_place_id=ChIJoSS3jsQV0i0RYspYapHg-FY","Tujuan Wisata"
"Ubud Waterfalls Tubing","4.6","10","Jl. Wisma Gajah Mada No.101","Kabupaten Gianyar","Bali","ID",,"+62 877-9170-2250","Operator Wisata Rafting",,,,,,,,,,"https://www.google.com/maps/search/?api=1&query=Ubud%20Waterfalls%20Tubing&query_place_id=ChIJjaeTvA0V0i0Rv_v5BBE3ydE","Operator Wisata Rafting"
"Wos Tubing Adventure","4.8","98","Jl. Raya Singapadu No.10","Kabupaten Gianyar","Bali","ID","https://wostubingadventure.com/","+62 812-2233-3559","Rafting","Tujuan Wisata",,,,,,,,,"https://www.google.com/maps/search/?api=1&query=Wos%20Tubing%20Adventure&query_place_id=ChIJqTGYGAA90i0RR00jfUEg8kU","Rafting"
"Omma Dayclub Bali","4.8","7214","C7FQ+MV6","Kabupaten Gianyar","Bali","ID","http://ommabali.com/","+62 812-9999-1245","Bar","Restoran",,,,,,,,,"https://www.google.com/maps/search/?api=1&query=Omma%20Dayclub%20Bali&query_place_id=ChIJ49kn4n0V0i0RjtqUIkEdXBw","Bar"
"Waterfall Guest House","3.9","8","C7FQ+Q7J Tempat Wisata Air Terjun Tegenungan, Jl. Ir. Sutami","Kabupaten Gianyar","Bali","ID",,"+62 819-1614-8306","Pondok",,,,,,,,,,"https://www.google.com/maps/search/?api=1&query=Waterfall%20Guest%20House&query_place_id=ChIJf21RFfcV0i0RtTMgpYRXlGQ","Pondok"
"cassa.tours","5","4","F62W+W5H rumah timur rumah, Jl raya samu(belak gang masuk sebelah","Kabupaten Gianyar","Bali","ID","https://www.instagram.com/cassa.tour?igsh=MTZ5aGxucWlhdzJwbw==","+62 812-1599-6857","Tujuan Wisata",,,,,,,,,,"https://www.google.com/maps/search/?api=1&query=cassa.tours&query_place_id=ChIJaVlmCgA90i0R-ll-iRpq5HU","Tujuan Wisata"
"Párking Temesi Waterfall","4","1","C8WX+H74","Kabupaten Gianyar","Bali","ID",,"","Tempat Parkir Gratis",,,,,,,,,,"https://www.google.com/maps/search/?api=1&query=P%C3%A1rking%20Temesi%20Waterfall&query_place_id=ChIJzf-sFgAX0i0Rt5cFFGS2Xgw","Tempat Parkir Gratis"
"Cafe with waterfall view","4.3","19","C7FQ+MV6","Kabupaten Gianyar","Bali","ID",,"","Kedai Kopi",,,,,,,,,,"https://www.google.com/maps/search/?api=1&query=Cafe%20with%20waterfall%20view&query_place_id=ChIJOxGgrm8V0i0RH8Ip13Ppie8","Kedai Kopi"
"Forest Jati Batumadeg","3.8","11","7G22+H27, Unnamed Road, Bunga Mekar, Nusapenida","Kabupaten Klungkung","Bali","ID",,"+62 852-5253-9612","Hutan Nasional",,,,,,,,,,"https://www.google.com/maps/search/?api=1&query=Forest%20Jati%20Batumadeg&query_place_id=ChIJg_c3VbRx0i0RKYIiWVWteZQ","Hutan Nasional"
"bali walking hiking","3.7","6","Jl. Tukad Badung IX No.9","Kota Denpasar","Bali","ID","http://www.baliwalkinghiking.com/","+62 878-6055-7000","Penyelenggara Perjalanan",,,,,,,,,,"https://www.google.com/maps/search/?api=1&query=bali%20walking%20hiking&query_place_id=ChIJF3krWCdB0i0Rl3qix6g3U7c","Penyelenggara Perjalanan"
"pura puseh penataran batusepih","5","5","Jl. Ir. Sutami No.br","Kabupaten Gianyar","Bali","ID",,"","Pura",,,,,,,,,,"https://www.google.com/maps/search/?api=1&query=pura%20puseh%20penataran%20batusepih&query_place_id=ChIJmY7WYx0W0i0R3tjuVDzbB1g","Pura"
"EVEUSS River Waterfall Retreat - Double Room",,,,"Kabupaten Gianyar","Bali","ID","https://br.bluepillow.com/search/69499e665c042e01baccce58/1408221702?dest=bkng&cat=Villa&lat=-8.5428&lng=115.25117&language=pt","","Vila","Persewaan liburan",,,,,,,,,"https://www.google.com/maps/search/?api=1&query=EVEUSS%20River%20Waterfall%20Retreat%20-%20Double%20Room&query_place_id=ChIJFdudCrk90i0R7FC2ekpmiYA","Vila"
"EVEUSS River Waterfall Retreat - Twin Room with Private Bathroom",,,,"Kabupaten Gianyar","Bali","ID","https://br.bluepillow.com/search/69499e665c042e01baccce58?dest=bkng&cat=Villa&lat=-8.5428&lng=115.25117&language=pt","","Vila","Persewaan liburan",,,,,,,,,"https://www.google.com/maps/search/?api=1&query=EVEUSS%20River%20Waterfall%20Retreat%20-%20Twin%20Room%20with%20Private%20Bathroom&query_place_id=ChIJFdudCrk90i0ReoR8C3bhLhA","Vila"
"Suananyar Beach","4.4","5","Unnamed Road","Kabupaten Buleleng","Bali","ID",,"","Pantai",,,,,,,,,,"https://www.google.com/maps/search/?api=1&query=Suananyar%20Beach&query_place_id=ChIJ5QKAP5Xt0S0RcozBWe49XIA","Pantai"
"Bembeng Beach","4.4","21","V8QM+GW4, Unnamed Road","Kabupaten Buleleng","Bali","ID",,"","Tujuan Wisata",,,,,,,,,,"https://www.google.com/maps/search/?api=1&query=Bembeng%20Beach&query_place_id=ChIJpwML00nt0S0RhfC7G9GDIfk","Tujuan Wisata"
"Sanje Beach","5","6","V3C5+4RW","Kabupaten Buleleng","Bali","ID",,"","Tujuan Wisata",,,,,,,,,,"https://www.google.com/maps/search/?api=1&query=Sanje%20Beach&query_place_id=ChIJi-jymgub0S0RMRiV6xqOlS8","Tujuan Wisata"
"Denkavi Beach","5","3","V999+MH2","Kabupaten Buleleng","Bali","ID",,"","Tujuan Wisata",,,,,,,,,,"https://www.google.com/maps/search/?api=1&query=Denkavi%20Beach&query_place_id=ChIJP6gGJADt0S0Rguk4Wd1UqfM","Tujuan Wisata"
"Gondol Sunset Beach","4.5","15","RPW7+56","Kabupaten Buleleng","Bali","ID",,"","Tujuan Wisata",,,,,,,,,,"https://www.google.com/maps/search/?api=1&query=Gondol%20Sunset%20Beach&query_place_id=ChIJz-RUz5Zv0S0RlCfpPfUfW-g","Tujuan Wisata"
"waterfall bayumala","4.6","80","Q465+78G, Jl. Munduk - Wanagiri","Kabupaten Buleleng","Bali","ID",,"","Tujuan Wisata",,,,,,,,,,"https://www.google.com/maps/search/?api=1&query=waterfall%20bayumala&query_place_id=ChIJT6Lsrj6P0S0RDiASKnVQne0","Tujuan Wisata"
"Mesusun waterfall","4.2","37","Jln","Kabupaten Buleleng","Bali","ID",,"+62 878-4434-2562","Tujuan Wisata",,,,,,,,,,"https://www.google.com/maps/search/?api=1&query=Mesusun%20waterfall&query_place_id=ChIJCyHYpraF0S0R2g5a8B_H-Gs","Tujuan Wisata"
"Tibu Sampi Waterfall","4.7","134","Jalan Gunung Salak","Kabupaten Tabanan","Bali","ID",,"","Tujuan Wisata",,,,,,,,,,"https://www.google.com/maps/search/?api=1&query=Tibu%20Sampi%20Waterfall&query_place_id=ChIJq6hr7KEv0i0R4Yl4JTX-lbs","Tujuan Wisata"
"Air Terjun Red Coral","4.4","559",,"Kabupaten Buleleng","Bali","ID","https://mundukbali.com/","","Tujuan Wisata",,,,,,,,,,"https://www.google.com/maps/search/?api=1&query=Air%20Terjun%20Red%20Coral&query_place_id=ChIJwVYCt3WG0S0RiTCymlWHzi0","Tujuan Wisata"
"Air Terjun Sing Sing","3.6","204","R282+38Q","Kabupaten Buleleng","Bali","ID",,"","Tujuan Wisata",,,,,,,,,,"https://www.google.com/maps/search/?api=1&query=Air%20Terjun%20Sing%20Sing&query_place_id=ChIJKefNPKqE0S0R5Szactj6_bo","Tujuan Wisata"
"YMC Waterfall","4.2","29","JPXC+473","Kabupaten Jembrana","Bali","ID",,"","Tujuan Wisata",,,,,,,,,,"https://www.google.com/maps/search/?api=1&query=YMC%20Waterfall&query_place_id=ChIJGaWDzaV90S0RZr69qpWpa2g","Tujuan Wisata"
"Campuhan Antapan Waterfall","4.5","243","Jalan","Kabupaten Tabanan","Bali","ID",,"+62 819-3306-3377","Tujuan Wisata",,,,,,,,,,"https://www.google.com/maps/search/?api=1&query=Campuhan%20Antapan%20Waterfall&query_place_id=ChIJ8QSOLqch0i0RcTQSencM0v4","Tujuan Wisata"
"Penida Swing Park","5","3",,"Kabupaten Klungkung","Bali","ID","https://www.instagram.com/penidaswingpark?igsh=Y2U4eTYyNWJ3eXh0","+62 823-4065-7764","Taman",,,,,,,,,,"https://www.google.com/maps/search/?api=1&query=Penida%20Swing%20Park&query_place_id=ChIJAS0mX6lv0i0R33JtUh7HOH4","Taman"
"Cliff Park Lembongan","4.6","85","8C7H+FGC Lembongan island","Kabupaten Klungkung","Bali","ID",,"+62 823-4020-0204","Vila",,,,,,,,,,"https://www.google.com/maps/search/?api=1&query=Cliff%20Park%20Lembongan&query_place_id=ChIJbcFZiLJt0i0RneFLzfAfgDw","Vila"
"Mongkey Forest Park","2.3","3","6GVG+P4H","Kabupaten Klungkung","Bali","ID",,"+62 821-4590-0302","Taman",,,,,,,,,,"https://www.google.com/maps/search/?api=1&query=Mongkey%20Forest%20Park&query_place_id=ChIJfWhWI8tx0i0ReCI2qWSaECE","Taman"
"Boat parking",,,"8HH5+6C6, Sampalan","Kabupaten Klungkung","Bali","ID",,"","Taman",,,,,,,,,,"https://www.google.com/maps/search/?api=1&query=Boat%20parking&query_place_id=ChIJ_97mAQBz0i0RgIoE6ARSSuc","Taman"
"Parkir mobil Diamond dan Atuh","3.3","28","6JG9+3P9","Kabupaten Klungkung","Bali","ID",,"","Tempat Parkir",,,,,,,,,,"https://www.google.com/maps/search/?api=1&query=Parkir%20mobil%20Diamond%20dan%20Atuh&query_place_id=ChIJnxNxyFB30i0Rk0xOiGRlRi0","Tempat Parkir"
"Nusa Penida Parking Area","4","1","6FXG+HPC","Kabupaten Klungkung","Bali","ID",,"","Tempat Parkir Gratis",,,,,,,,,,"https://www.google.com/maps/search/?api=1&query=Nusa%20Penida%20Parking%20Area&query_place_id=ChIJ92oNVgBx0i0RWz6ETBpXWUI","Tempat Parkir Gratis"
"Cliff Park Lembongan","4.315","146",,"Kabupaten Klungkung","Bali","ID","https://deals.vio.com/?sig=73aca13c7f952d2641c156f3e69125e1eb497c325f122828ee5aa8797168b9a12d32303331333438363233&turl=https%3A%2F%2Fwww.vio.com%2FHotel%2FSearch%3FhotelId%3D3039684%26utm_source%3Dgha-vr%26utm_campaign%3Dstatic%26openHotelDetails%3D1","","Desa Liburan","Persewaan liburan",,,,,,,,,"https://www.google.com/maps/search/?api=1&query=Cliff%20Park%20Lembongan&query_place_id=ChIJBY7OY61t0i0Rh55nebAwvvc","Desa Liburan"
"Cliff Park Lembongan - Bungalow - Cliff Front","5","8",,"Kabupaten Klungkung","Bali","ID","https://br.bluepillow.com/search/594388e67c00cb0e6434a97d/175567607?dest=bkng&cat=Villa&lat=-8.68542&lng=115.42788&language=pt","","Vila","Persewaan liburan",,,,,,,,,"https://www.google.com/maps/search/?api=1&query=Cliff%20Park%20Lembongan%20-%20Bungalow%20-%20Cliff%20Front&query_place_id=ChIJBY7OY61t0i0RlUig6HeF9Xs","Vila"
"Parking Area Kelingking Beach",,,"6FXG+MJX, Jl. Raya Pantai Kelingking","Kabupaten Klungkung","Bali","ID",,"","Tempat Parkir Gratis",,,,,,,,,,"https://www.google.com/maps/search/?api=1&query=Parking%20Area%20Kelingking%20Beach&query_place_id=ChIJdx1gNQBx0i0RgdVljeC-eqc","Tempat Parkir Gratis"
"Cliff Park Lembongan - Interconnecting Bungalow","5","8",,"Kabupaten Klungkung","Bali","ID","https://br.bluepillow.com/search/594388e67c00cb0e6434a97d/175567605?dest=bkng&cat=Villa&lat=-8.68542&lng=115.42788&language=pt","","Vila","Persewaan liburan",,,,,,,,,"https://www.google.com/maps/search/?api=1&query=Cliff%20Park%20Lembongan%20-%20Interconnecting%20Bungalow&query_place_id=ChIJBY7OY61t0i0Rnf6_207B-Hc","Vila"
"Shortcut Park",,,"FC92+JJX","Kabupaten Klungkung","Bali","ID",,"","Taman",,,,,,,,,,"https://www.google.com/maps/search/?api=1&query=Shortcut%20Park&query_place_id=ChIJlWaOPvER0i0R3ST67gT9F18","Taman"
"MangoTree Park",,,"FC92+HMC","Kabupaten Klungkung","Bali","ID",,"","Taman",,,,,,,,,,"https://www.google.com/maps/search/?api=1&query=MangoTree%20Park&query_place_id=ChIJd_uPTFMR0i0RFZ2e3XG_6II","Taman"
"Morin Resort Parking",,,"Banjar Kangin Jungut Batu No.Desa","Kabupaten Klungkung","Bali","ID",,"","Hotel",,,,,,,,,,"https://www.google.com/maps/search/?api=1&query=Morin%20Resort%20Parking&query_place_id=ChIJYejyYABt0i0Ru-7C4RuvYHE","Hotel"
"Grubugan Waterfall Sading","4.1","31","C53X+JQP","Kabupaten Badung","Bali","ID",,"","Tujuan Wisata",,,,,,,,,,"https://www.google.com/maps/search/?api=1&query=Grubugan%20Waterfall%20Sading&query_place_id=ChIJERfqJCU_0i0R38KzpjG8eq4","Tujuan Wisata"
"Canggu Buddha Waterfall Villa",,,,"Kabupaten Badung","Bali","ID","https://www.booking.com/hotel/id/canggu-buddha-waterfall-villa.en-gb.html?aid=2068758&utm_source=seogooglelocal&utm_medium=description&utm_term=hotel-13579565&utm_campaign=en-gb&label=seogooglelocal-link-imagesaow-hotel-13579565_grp-1_gendate-20260426","","Penginapan","Persewaan liburan",,,,,,,,,"https://www.google.com/maps/search/?api=1&query=Canggu%20Buddha%20Waterfall%20Villa&query_place_id=ChIJDXZj1no40i0RKmnMEDaxpe8","Penginapan"
"Skcript Waterfalls","4.4","90","F7HM+4WP","Kabupaten Gianyar","Bali","ID",,"","Tujuan Wisata",,,,,,,,,,"https://www.google.com/maps/search/?api=1&query=Skcript%20Waterfalls&query_place_id=ChIJA888xQoX0i0RX3Z44Vxwxj4","Tujuan Wisata"
"Grojogan Twin Waterfall","3.7","49",,"Kabupaten Tabanan","Bali","ID",,"","Area Rekreasi Alam",,,,,,,,,,"https://www.google.com/maps/search/?api=1&query=Grojogan%20Twin%20Waterfall&query_place_id=ChIJ1ZBIHic50i0Rgv7HTfsozu8","Area Rekreasi Alam"
"Taman Kota Sewaka Dharma","4.5","11032","Jl. Mulawarman","Kota Denpasar","Bali","ID",,"","Taman Kota","Taman","Tujuan Wisata",,,,,,,,"https://www.google.com/maps/search/?api=1&query=Taman%20Kota%20Sewaka%20Dharma&query_place_id=ChIJyw_a5mk_0i0RC9af20e_QvY","Taman Kota"
"Taman Janggan Renon Denpasar","4.6","1763","Jl. Raya Puputan No.10","Kota Denpasar","Bali","ID",,"","Taman","Taman bermain",,,,,,,,,"https://www.google.com/maps/search/?api=1&query=Taman%20Janggan%20Renon%20Denpasar&query_place_id=ChIJs4pPT19A0i0RXwo1VBngUXs","Taman"
"Lapangan Niti Mandala Renon - Monumen Perjuangan Rakyat Bali","4.7","6829","86HM+438, Jl. Raya Puputan","Kota Denpasar","Bali","ID",,"","Taman Kota",,,,,,,,,,"https://www.google.com/maps/search/?api=1&query=Lapangan%20Niti%20Mandala%20Renon%20-%20Monumen%20Perjuangan%20Rakyat%20Bali&query_place_id=ChIJwTriT_RA0i0Rc-VfV_8K4EI","Taman Kota"
"Luxury Double Suite with Pool and Parking",,,,"Kota Denpasar","Bali","ID","https://www.expedia.com/Hotel.h128784225.Hotel-Information?mdpcid=META.HPA.WEB-ORGANIC.VR","","Penginapan","Persewaan liburan",,,,,,,,,"https://www.google.com/maps/search/?api=1&query=Luxury%20Double%20Suite%20with%20Pool%20and%20Parking&query_place_id=ChIJP8S51L1B0i0RLN9tVI7CtfU","Penginapan"
"Palapa XII B - Park","4.1","76","76VC+QQR, Jl. Palapa XIIB","Kota Denpasar","Bali","ID",,"","Taman",,,,,,,,,,"https://www.google.com/maps/search/?api=1&query=Palapa%20XII%20B%20-%20Park&query_place_id=ChIJ3bYHJxJB0i0RWdazrPhGeiQ","Taman"
"Taman Kumbasari","4.6","625","86V6+FPH, Jl. Ps. Kumbasari","Kota Denpasar","Bali","ID",,"","Taman","Tujuan Wisata",,,,,,,,,"https://www.google.com/maps/search/?api=1&query=Taman%20Kumbasari&query_place_id=ChIJGTjbCdxB0i0RUG8eRve1SII","Taman"
"Ekowisata Subak Sembung, Peguyangan","4.6","1616","96P7+GHW, Jl. Ahmad Yani Utara","Kota Denpasar","Bali","ID",,"","Taman Ekologi","Tujuan Wisata",,,,,,,,,"https://www.google.com/maps/search/?api=1&query=Ekowisata%20Subak%20Sembung%2C%20Peguyangan&query_place_id=ChIJCfm-QB8_0i0RxkfmyITBS0w","Taman Ekologi"
"Bali Zoo","4.5","27170","Jl. Raya Singapadu","Kabupaten Gianyar","Bali","ID","http://www.bali-zoo.com/","+62 878-8020-0200","Kebun Binatang","Cagar Alam","Tujuan Wisata","Taman margasatwa",,,,,,,"https://www.google.com/maps/search/?api=1&query=Bali%20Zoo&query_place_id=ChIJpe5hQz4-0i0RvsbXvzbr9Ds","Kebun Binatang"
"Diamond Square Park","4.3","8","Jl. Permata Pering No.88","Kabupaten Gianyar","Bali","ID","http://frostdiamondstore.com/","","Taman",,,,,,,,,,"https://www.google.com/maps/search/?api=1&query=Diamond%20Square%20Park&query_place_id=ChIJ-dYKVgAV0i0Rt-aN4Ve7IPU","Taman"
"Waterblow","4.4","9826",,"Kabupaten Badung","Bali","ID",,"","Taman","Tujuan Wisata",,,,,,,,,"https://www.google.com/maps/search/?api=1&query=Waterblow&query_place_id=ChIJmRTfT9ZC0i0RRB_NXwb5P2k","Taman"
"Bali Exotic Marine Park","4.5","1212","Jl. Bali Eksotik No.8","Kota Denpasar","Bali","ID","http://www.balidolphinmarinepark.com/","+62 853-3883-3678","Tujuan Wisata","Layanan Penyelamatan Hewan","Kebun Binatang",,,,,,,,"https://www.google.com/maps/search/?api=1&query=Bali%20Exotic%20Marine%20Park&query_place_id=ChIJf9ehV5pB0i0RNwxjWAJ05kU","Tujuan Wisata"
"Istana Taman Jepun | Bali Frangipani Palace","4.6","1022","Jl. Hayam Wuruk Tanjung Bungkak No.104H","Kota Denpasar","Bali","ID","http://www.istanatamanjepun.com/","+62 361 4745534","Tempat acara","Taman","Area Rekreasi Alam","Restoran",,,,,,,"https://www.google.com/maps/search/?api=1&query=Istana%20Taman%20Jepun%20%7C%20Bali%20Frangipani%20Palace&query_place_id=ChIJMx3oTmdA0i0RTV-ppfo1r7Y","Tempat acara"
"Park",,,"9734+C4X","Kota Denpasar","Bali","ID",,"","Taman",,,,,,,,,,"https://www.google.com/maps/search/?api=1&query=Park&query_place_id=ChIJ13FuILk_0i0RUSQrZ8eR-eE","Taman"
"Taman Bukit Suwung Hill Park","3.3","13","76H9+2JJ, Jl. TPA Suwung","Kota Denpasar","Bali","ID",,"","Taman",,,,,,,,,,"https://www.google.com/maps/search/?api=1&query=Taman%20Bukit%20Suwung%20Hill%20Park&query_place_id=ChIJQYtjl19B0i0RUUcOm1u0HpU","Taman"
"Keramas Park","4.2","1339","Jl. Maruti","Kabupaten Gianyar","Bali","ID",,"+62 812-3988-9988","Taman Rekreasi Air",,,,,,,,,,"https://www.google.com/maps/search/?api=1&query=Keramas%20Park&query_place_id=ChIJozizjs0V0i0R_-sKWzeSgtw","Taman Rekreasi Air"
"Central Park Nusa Dua","4.2","96","Blok A2 No, Jl. Kw. Nusa Dua Resort No.3","Kabupaten Badung","Bali","ID",,"","Tempat Parkir",,,,,,,,,,"https://www.google.com/maps/search/?api=1&query=Central%20Park%20Nusa%20Dua&query_place_id=ChIJHcVJEy9D0i0R0ON2Je7vAWU","Tempat Parkir"
"Bukit Lempuyang","3.5","2",,"Kabupaten Badung","Bali","ID",,"","Puncak Gunung",,,,,,,,,,"https://www.google.com/maps/search/?api=1&query=Bukit%20Lempuyang&query_place_id=ChIJV8m11Ehb0i0RV4EDrXcrq0w","Puncak Gunung"
"Gunung Ungasan","5","1",,"Kabupaten Badung","Bali","ID",,"","Puncak Gunung",,,,,,,,,,"https://www.google.com/maps/search/?api=1&query=Gunung%20Ungasan&query_place_id=ChIJaXGoLNNE0i0RyE59sVTP5zs","Puncak Gunung"
"Bukit Payung","4","4",,"Kabupaten Badung","Bali","ID",,"","Puncak Gunung",,,,,,,,,,"https://www.google.com/maps/search/?api=1&query=Bukit%20Payung&query_place_id=ChIJX8X7p6Rc0i0RFH1bgDQ36Is","Puncak Gunung"
"Three Mountains","4.3","9","769M+39R","Kota Denpasar","Bali","ID","http://kurakurabali.com/","","Tempat acara",,,,,,,,,,"https://www.google.com/maps/search/?api=1&query=Three%20Mountains&query_place_id=ChIJY2qAhVFD0i0R163xhG1F1PI","Tempat acara"
"Mountain Sunshine Private Villa",,,,"Kabupaten Gianyar","Bali","ID","https://deals.vio.com/?sig=73aca13c7f952d2641c156f3e69125e1eb497c325f122828ee5aa8797168b9a12d32303331333438363233&turl=https%3A%2F%2Fwww.vio.com%2FHotel%2FSearch%3FhotelId%3D150400325%26utm_source%3Dgha-vr%26utm_campaign%3Dstatic%26openHotelDetails%3D1","","Penginapan","Persewaan liburan",,,,,,,,,"https://www.google.com/maps/search/?api=1&query=Mountain%20Sunshine%20Private%20Villa&query_place_id=ChIJM6FnYUA-0i0RMR7XQhQZ0LM","Penginapan"
"Bali mountain biking","5","12","Jl. Tunjung II No.42","Kota Denpasar","Bali","ID",,"+62 812-3642-7066","Agensi wisata olahraga",,,,,,,,,,"https://www.google.com/maps/search/?api=1&query=Bali%20mountain%20biking&query_place_id=ChIJTTHsKuQ_0i0RCNLnruEG1t0","Agensi wisata olahraga"
"Belukar","5","3",,"Kabupaten Badung","Bali","ID",,"","Puncak Gunung",,,,,,,,,,"https://www.google.com/maps/search/?api=1&query=Belukar&query_place_id=ChIJ2TvWZQhQ0i0Rs4ndgrWp__g","Puncak Gunung"
"Bukit Memedi",,,,"Kabupaten Badung","Bali","ID",,"","Puncak Gunung",,,,,,,,,,"https://www.google.com/maps/search/?api=1&query=Bukit%20Memedi&query_place_id=ChIJpXzBW61E0i0RRX1-DsiFUAk","Puncak Gunung"
"Blue Mountain",,,"Gg. Ksatria III No.5","Kabupaten Badung","Bali","ID",,"+62 361 766970","Hotel",,,,,,,,,,"https://www.google.com/maps/search/?api=1&query=Blue%20Mountain&query_place_id=ChIJ8-yNWhxE0i0R7YtXIW4gFXw","Hotel"
"Kemawan Villas - Mountain and Ricefields View",,,,"Kabupaten Gianyar","Bali","ID","https://www.trip.com/hotels/detail/?hotelid=129024038&Allianceid=1318093&sid=269617419&utm_medium=vr&utm_campaign=vrwebsite&utm_source=googlevr&trip_sub1=googlevrwebsite","","Penginapan","Persewaan liburan",,,,,,,,,"https://www.google.com/maps/search/?api=1&query=Kemawan%20Villas%20-%20Mountain%20and%20Ricefields%20View&query_place_id=ChIJp558R7090i0ReCInWGb3SM0","Penginapan"
"Infinity MountainBiking - Indonesia's #1 Cycling and Mountain Bike Adventures,","4.9","112","Gg. Madhu Sari No.8","Kabupaten Badung","Bali","ID","http://www.infinitymountainbiking.com/","+62 822-4703-1111","Agen Tur Keliling Kota",,,,,,,,,,"https://www.google.com/maps/search/?api=1&query=Infinity%20MountainBiking%20-%20Indonesia's%20%231%20Cycling%20and%20Mountain%20Bike%20Adventures%2C&query_place_id=ChIJY2gWsydH0i0RKPY8z3fa0fk","Agen Tur Keliling Kota"
"BALI TREKKING TOUR","4.6","239","Gang Jagadhita Jl. Silungan - Gelogor","Kabupaten Gianyar","Bali","ID","http://balitrekkingtour.com/","+62 812-3830-0909","Penyelenggara Perjalanan","Area Mendaki","Agen Tur Keliling Kota","Biro Wisata",,,,,,,"https://www.google.com/maps/search/?api=1&query=BALI%20TREKKING%20TOUR&query_place_id=ChIJvzF8dlE90i0RYlWaFuqXgWg","Penyelenggara Perjalanan"
"Depo Ulang dan RO Mountain Water","5","1","Jl. Pulau Biak No.1","Kota Denpasar","Bali","ID",,"","Dapur Umum",,,,,,,,,,"https://www.google.com/maps/search/?api=1&query=Depo%20Ulang%20dan%20RO%20Mountain%20Water&query_place_id=ChIJM49HDABB0i0Rh6h1ihUKBEg","Dapur Umum"
"Mt Batur Sunrise Trekking Experiences","5","15","Jl. Raya Seminyak No.35","Kabupaten Badung","Bali","ID",,"","Biro Perjalanan dan Wisata",,,,,,,,,,"https://www.google.com/maps/search/?api=1&query=Mt%20Batur%20Sunrise%20Trekking%20Experiences&query_place_id=ChIJV3nhRYQ_0i0Rry8r1GhI32U","Biro Perjalanan dan Wisata"
"Soori Bali - Mountain Pool Villa","5","8",,"Kabupaten Tabanan","Bali","ID","https://br.bluepillow.com/search/594389247c00cb0e6434c511/17686804?dest=bkng&cat=Villa&lat=-8.57629&lng=115.05389&language=pt","","Vila","Persewaan liburan",,,,,,,,,"https://www.google.com/maps/search/?api=1&query=Soori%20Bali%20-%20Mountain%20Pool%20Villa&query_place_id=ChIJD3c56tMw0i0R6hA1gf8eNH4","Vila"
"Hidden Refuge with Ocean and Volcanic Mountain Views",,,,"Kabupaten Tabanan","Bali","ID",,"","Vila","Persewaan liburan",,,,,,,,,"https://www.google.com/maps/search/?api=1&query=Hidden%20Refuge%20with%20Ocean%20and%20Volcanic%20Mountain%20Views&query_place_id=ChIJx3QRrM8w0i0RFs-IYvKte9k","Vila"
"Mountain Sunshine Private Villa",,,,"Kabupaten Gianyar","Bali","ID",,"","Vila","Persewaan liburan",,,,,,,,,"https://www.google.com/maps/search/?api=1&query=Mountain%20Sunshine%20Private%20Villa&query_place_id=ChIJfc1nYUA-0i0RdeaBKWT08k4","Vila"
"Lapangan Puputan Renon","4.6","4171","86HM+WHP, Renon, Jl. Basuki Rahmat","Kota Denpasar","Bali","ID",,"","Taman","Lapangan Atletik",,,,,,,,,"https://www.google.com/maps/search/?api=1&query=Lapangan%20Puputan%20Renon&query_place_id=ChIJpRIUH_VA0i0RDsVtuLBJ5ac","Taman"
"Grass Bank Park","1","1","Jl. Kura Kura Bali","Kota Denpasar","Bali","ID","https://www.kurakurabali.com/","","Taman",,,,,,,,,,"https://www.google.com/maps/search/?api=1&query=Grass%20Bank%20Park&query_place_id=ChIJu6fWUgBB0i0ROpr3ABD3ODs","Taman"
"Atv Ride Keramas Park","4.6","5","Jl. Maruti No.8","Kabupaten Gianyar","Bali","ID",,"+62 812-3988-9988","Tujuan Wisata",,,,,,,,,,"https://www.google.com/maps/search/?api=1&query=Atv%20Ride%20Keramas%20Park&query_place_id=ChIJ43VDis0V0i0RUMhy6-Cuac4","Tujuan Wisata"
"AeroXSpace Adventure","4.8","2648","Jl. Bypass Ngurah Rai No.999","Kota Denpasar","Bali","ID","http://www.aeroxspace.id/","+62 878-1699-1999","Pusat Hiburan","Pusat Olahraga Petualangan","Taman Hiburan",,,,,,,,"https://www.google.com/maps/search/?api=1&query=AeroXSpace%20Adventure&query_place_id=ChIJb3ZsMABB0i0RUyfWCQbD8xI","Pusat Hiburan"
"Taman Laut Tanjung Benoa","4.2","5","66VG+6VV",,"Bali","ID",,"","Area Rekreasi Alam",,,,,,,,,,"https://www.google.com/maps/search/?api=1&query=Taman%20Laut%20Tanjung%20Benoa&query_place_id=ChIJ0b--W5FD0i0RfELY7Gw2n1w","Area Rekreasi Alam"
"Fish Bone Park",,,"Jl. Alun Alun","Kota Denpasar","Bali","ID","https://kurakurabali.com/","","Taman",,,,,,,,,,"https://www.google.com/maps/search/?api=1&query=Fish%20Bone%20Park&query_place_id=ChIJIVnqICFB0i0RCmHQkw7Nlfo","Taman"
"Friends of the National Parks Foundation","4.9","30","8G89+CGW","Kabupaten Klungkung","Bali","ID","http://www.fnpf.org/","","Organisasi Nonprofit","Tujuan Wisata",,,,,,,,,"https://www.google.com/maps/search/?api=1&query=Friends%20of%20the%20National%20Parks%20Foundation&query_place_id=ChIJFWdbmExy0i0RSKPLpmvHpr8","Organisasi Nonprofit"
"FOOD PARK SILICON","4.5","700","Jl. Siligita Jl. Raya Nusa Dua Selatan No.3-4","Kabupaten Badung","Bali","ID",,"","Restoran",,,,,,,,,,"https://www.google.com/maps/search/?api=1&query=FOOD%20PARK%20SILICON&query_place_id=ChIJtV8LxlRD0i0RfpojRudbYnI","Restoran"
"Ciung Wanara Park","5","1","86GM+9CP","Kota Denpasar","Bali","ID",,"","Taman",,,,,,,,,,"https://www.google.com/maps/search/?api=1&query=Ciung%20Wanara%20Park&query_place_id=ChIJQZ4wewBB0i0RQUmFxiBhdSc","Taman"
"Park And Ride","4","6","76FG+9CF, Park And Ride",,"Bali","ID",,"","Taman Bersepeda",,,,,,,,,,"https://www.google.com/maps/search/?api=1&query=Park%20And%20Ride&query_place_id=ChIJGxF3x6dB0i0Reb7bXk2oVu8","Taman Bersepeda"
"JEMBATAN KACA BALI BLANGSINGA","4.8","3586","Jl. Raya Blangsinga","Kabupaten Gianyar","Bali","ID",,"+62 822-8289-8888","Tujuan Wisata",,,,,,,,,,"https://www.google.com/maps/search/?api=1&query=JEMBATAN%20KACA%20BALI%20BLANGSINGA&query_place_id=ChIJe-enbpIV0i0RoQli_L5cKuo","Tujuan Wisata"
"Lumintang Extreme Park","4.6","109",,"Kota Denpasar","Bali","ID",,"","Taman bermain papan seluncur",,,,,,,,,,"https://www.google.com/maps/search/?api=1&query=Lumintang%20Extreme%20Park&query_place_id=ChIJ80M6I2g_0i0RkIt7G-7bWRQ","Taman bermain papan seluncur"
"augi sport centre","4.1","1136","Jl. Tukad Badung XVI No.18A","Kota Denpasar","Bali","ID","https://www.instagram.com/augi.sportcentre/?igshid=sua4cka1j97b","+62 361 4722120","Kompleks Olahraga",,,,,,,,,,"https://www.google.com/maps/search/?api=1&query=augi%20sport%20centre&query_place_id=ChIJJzx8FVVA0i0RPDkYujcnjWQ","Kompleks Olahraga"
"Aloja River Park",,,"C78F+WW9","Kabupaten Gianyar","Bali","ID",,"","Tujuan Wisata",,,,,,,,,,"https://www.google.com/maps/search/?api=1&query=Aloja%20River%20Park&query_place_id=ChIJR_OYAAA_0i0RGgCszDHyyZI","Tujuan Wisata"
"The Grand Bali Park Hotel","4","510","Jl. Gatot Subroto VI C No.4","Kota Denpasar","Bali","ID",,"+62 361 416469","Hotel",,,,,,,,,,"https://www.google.com/maps/search/?api=1&query=The%20Grand%20Bali%20Park%20Hotel&query_place_id=ChIJ53M0pGg_0i0RrTL9VUGjzCY","Hotel"
"Bali Meat Park","4.3","7","76QX+23J, Jl. Pengembak","Kota Denpasar","Bali","ID","https://balimeatpark.com/","+62 821-4496-0335","Tempat barbekyu",,,,,,,,,,"https://www.google.com/maps/search/?api=1&query=Bali%20Meat%20Park&query_place_id=ChIJryY3YPJB0i0R-6PuznK5Atc","Tempat barbekyu"
"Keramas Aero Park","4.3","1248","Jl. Bay Pass Ida Bagus Mantra KM. 28 Keramas","Kabupaten Gianyar","Bali","ID","http://www.keramas-aeropark.com/","+62 878-6228-3008","Restoran",,,,,,,,,,"https://www.google.com/maps/search/?api=1&query=Keramas%20Aero%20Park&query_place_id=ChIJ8fU39lMU0i0RewDehsIthVk","Restoran"
"Parkir Area Puja Mandala","4.6","8","56X7+MHP, Jl. Kuruksetra","Kabupaten Badung","Bali","ID",,"","Tempat Parkir Umum",,,,,,,,,,"https://www.google.com/maps/search/?api=1&query=Parkir%20Area%20Puja%20Mandala&query_place_id=ChIJg0dwXU5D0i0RxTpsdox8OP0","Tempat Parkir Umum"
"Royal Park Nusa Dua","5","2","Jl. Maya Loka No.6","Kabupaten Badung","Bali","ID",,"+62 812-3601-2867","Pembangunan Perumahan",,,,,,,,,,"https://www.google.com/maps/search/?api=1&query=Royal%20Park%20Nusa%20Dua&query_place_id=ChIJr0wI9-VD0i0RFGZeD4KBp9k","Pembangunan Perumahan"
"The Bay Parking Lot","4.4","11","56XP+C34","Kabupaten Badung","Bali","ID",,"","Tempat Parkir Umum",,,,,,,,,,"https://www.google.com/maps/search/?api=1&query=The%20Bay%20Parking%20Lot&query_place_id=ChIJGQtNqK1D0i0RRzsd3ug-XEA","Tempat Parkir Umum"
"Mason Adventures","4.3","358","Adventure House, Jl. Bypass Ngurah Rai Jl. Pesanggaran","Kota Denpasar","Bali","ID","https://www.masonadventures.com/","+62 361 721480","Penyelenggara Perjalanan",,,,,,,,,,"https://www.google.com/maps/search/?api=1&query=Mason%20Adventures&query_place_id=ChIJbfogZxVB0i0RNBnXzmm2qX4","Penyelenggara Perjalanan"
"Keramas aero park",,,"C88J+HHM","Kabupaten Gianyar","Bali","ID",,"","Hostel",,,,,,,,,,"https://www.google.com/maps/search/?api=1&query=Keramas%20aero%20park&query_place_id=ChIJOV6oPgAV0i0RmpKxw4TYJ7w","Hostel"
"Lunar Park","5","1","C7X6+8QG, Jl. A.A. Gede Rai","Kabupaten Gianyar","Bali","ID",,"","Pembibitan Tanaman",,,,,,,,,,"https://www.google.com/maps/search/?api=1&query=Lunar%20Park&query_place_id=ChIJe6TgYwA90i0RbwDV2MbrUW0","Pembibitan Tanaman"
"Buggy park",,,"8CCW+9HF","Kabupaten Klungkung","Bali","ID",,"","Taman",,,,,,,,,,"https://www.google.com/maps/search/?api=1&query=Buggy%20park&query_place_id=ChIJ_RWlKQBt0i0RGLgim0o1U1k","Taman"
"Cabins By The Lake","3.7","3","76RP+RPM, Jl. Kertha Petasikan VII","Kota Denpasar","Bali","ID",,"",,,,,,,,,,,"https://www.google.com/maps/search/?api=1&query=Cabins%20By%20The%20Lake&query_place_id=ChIJe3hHc6BB0i0Rhtl-Je4RLhs",
"BlueLake Indonesia","5","2","Jl. Tukad Languan No.20","Kota Denpasar","Bali","ID",,"+62 361 4749962","Kantor Perusahaan",,,,,,,,,,"https://www.google.com/maps/search/?api=1&query=BlueLake%20Indonesia&query_place_id=ChIJMd2vjPxB0i0R8gAmskEbJqo","Kantor Perusahaan"
"Sedana Lake Villa",,,"85MJ+G45, Jl. Bikini","Kota Denpasar","Bali","ID",,"","Vila",,,,,,,,,,"https://www.google.com/maps/search/?api=1&query=Sedana%20Lake%20Villa&query_place_id=ChIJTXsVZABH0i0Rx9jzY7wdhVU","Vila"
"Rumah Yos Lake",,,"87W6+XF5","Kota Denpasar","Bali","ID",,"","Komplek perumahan",,,,,,,,,,"https://www.google.com/maps/search/?api=1&query=Rumah%20Yos%20Lake&query_place_id=ChIJzcmHVABB0i0RWmIc89HfaKE","Komplek perumahan"
"Rock at Pantai Batu Bolong","4.3","3","84RH+5WM, Gg. Bonton","Kabupaten Badung","Bali","ID",,"",,,,,,,,,,,"https://www.google.com/maps/search/?api=1&query=Rock%20at%20Pantai%20Batu%20Bolong&query_place_id=ChIJ-TNXcQBH0i0RVuDFJOaOHwg",
"Best Relaxation Place! 3BDR Villa with Jungle and small lake view in Canggu - Villa",,,,"Kabupaten Badung","Bali","ID","https://br.bluepillow.com/search/6811c6276178c7268f2e0517?dest=bkng&cat=Villa&lat=-8.66341&lng=115.16542&language=pt","","Vila","Persewaan liburan",,,,,,,,,"https://www.google.com/maps/search/?api=1&query=Best%20Relaxation%20Place!%203BDR%20Villa%20with%20Jungle%20and%20small%20lake%20view%20in%20Canggu%20-%20Villa&query_place_id=ChIJW9VJVF1H0i0RLIZLSucUaIc","Vila"
"Lake Lake Restaurantt",,,"Jl. Nyuh Bojog No.32","Kabupaten Gianyar","Bali","ID",,"+62 857-0772-9367","Restoran Bali",,,,,,,,,,"https://www.google.com/maps/search/?api=1&query=Lake%20Lake%20Restaurantt&query_place_id=ChIJY5GKZGs90i0R3JW22Svhsjg","Restoran Bali"
"Taman Griya","4.3","43","F5CJ+G5W, Jl. Soka","Kabupaten Badung","Bali","ID",,"+62 361 2773676","Danau Pemancingan","Pusat Hiburan","Hiburan","Taman",,,,,,,"https://www.google.com/maps/search/?api=1&query=Taman%20Griya&query_place_id=ChIJjyUKAnk70i0R12daLG59nIw","Danau Pemancingan"
"3 Bedroom Pool West Sanur - Lake House",,,,"Kota Denpasar","Bali","ID","https://www.vrbo.com/pdp/lo/126893598?MDPCID=VRBO-META.HPA.WEB-ORGANIC.VR","","Vila","Persewaan liburan",,,,,,,,,"https://www.google.com/maps/search/?api=1&query=3%20Bedroom%20Pool%20West%20Sanur%20-%20Lake%20House&query_place_id=ChIJCSmmr6ZB0i0RBrLn51QTxQ0","Vila"
"Mango lango lake","4.2","119","F8JC+H7V","Kabupaten Gianyar","Bali","ID",,"","Restoran Asia",,,,,,,,,,"https://www.google.com/maps/search/?api=1&query=Mango%20lango%20lake&query_place_id=ChIJ_aPXqbQX0i0R2zUHMzMqAOQ","Restoran Asia"
"Acro slack","4.8","13","54QJ+GQ6, Jl. Ktr. Pir Jl. Dahlia Raya","Kabupaten Badung","Bali","ID",,"","Taman",,,,,,,,,,"https://www.google.com/maps/search/?api=1&query=Acro%20slack&query_place_id=ChIJv7fLqZNF0i0RYn01ywrUhhg","Taman"
"Alster Lake Clinic","5","1","Jl. Inna Grand Bali Beach No.58","Kota Denpasar","Bali","ID",,"+62 361 9581555","Klinik Medis",,,,,,,,,,"https://www.google.com/maps/search/?api=1&query=Alster%20Lake%20Clinic&query_place_id=ChIJ7xnBVwBB0i0RzAa9RkdbI1A","Klinik Medis"
"2Roots Bali","4.7","214",,"Kabupaten Badung","Bali","ID","https://www.instagram.com/2rootsbali?igsh=NDVndWw0bHZhdjB0","+62 877-2601-4100","Kedai Sarapan & Makan Siang",,,,,,,,,,"https://www.google.com/maps/search/?api=1&query=2Roots%20Bali&query_place_id=ChIJlfvPPABF0i0RxZK70FMtcHM","Kedai Sarapan & Makan Siang"
"Car Park Hardy's","4.5","2","Hardy's, Jl. Danau Tamblingan No.136","Kota Denpasar","Bali","ID",,"","Tempat Parkir",,,,,,,,,,"https://www.google.com/maps/search/?api=1&query=Car%20Park%20Hardy's&query_place_id=ChIJC0Q7AclB0i0Ro7UI_KeXMOw","Tempat Parkir"
"Central Parking Sanur",,,"Jl. Danau Tamblingan No.139","Kota Denpasar","Bali","ID",,"","Tempat Parkir Umum",,,,,,,,,,"https://www.google.com/maps/search/?api=1&query=Central%20Parking%20Sanur&query_place_id=ChIJi1PYNgBB0i0RYH9bQ8_K_Ps","Tempat Parkir Umum"
"Supermarket Arys Mikro - Gianyar","4.5","628","Ary's Mikro Area, Jl. Raya Singapadu No.22","Kabupaten Gianyar","Bali","ID",,"+62 878-0545-4540","Toko Swalayan",,,,,,,,,,"https://www.google.com/maps/search/?api=1&query=Supermarket%20Arys%20Mikro%20-%20Gianyar&query_place_id=ChIJgxr-gzM_0i0Rc-ShohevEro","Toko Swalayan"
"Tukad Musi Park",,,"Jl. Tukad Musi No.10X","Kota Denpasar","Bali","ID",,"","Tempat Parkir",,,,,,,,,,"https://www.google.com/maps/search/?api=1&query=Tukad%20Musi%20Park&query_place_id=ChIJeR-vMABB0i0ROvDUpFtDMXw","Tempat Parkir"
"Sakura Park",,,"Jl. Raya Sukawati No.2","Kabupaten Gianyar","Bali","ID",,"","Tempat Parkir",,,,,,,,,,"https://www.google.com/maps/search/?api=1&query=Sakura%20Park&query_place_id=ChIJCZLJCSc_0i0RmfVFmDjcnGY","Tempat Parkir"
"Quicksilver Marine Park","5","6","8F9Q+W4V","Kabupaten Klungkung","Bali","ID","http://www.quicksilver-bali.com/","+62 361 721521","Taman bermain",,,,,,,,,,"https://www.google.com/maps/search/?api=1&query=Quicksilver%20Marine%20Park&query_place_id=ChIJqxg4ZBxz0i0Rbb_gXy-DF4E","Taman bermain"
"Westin Bali parking lot","5","1","663H+C9","Kabupaten Badung","Bali","ID",,"","Tempat Parkir",,,,,,,,,,"https://www.google.com/maps/search/?api=1&query=Westin%20Bali%20parking%20lot&query_place_id=ChIJL0nGbABD0i0RaFUocCbi_IU","Tempat Parkir"
"Pasek Car Park","4","1","97P5+8F9, Unnamed Road","Kabupaten Gianyar","Bali","ID",,"","Tempat Parkir",,,,,,,,,,"https://www.google.com/maps/search/?api=1&query=Pasek%20Car%20Park&query_place_id=ChIJf1IU9q0_0i0R2L79DWgK6Ug","Tempat Parkir"
"BSS Parking Surya Husadha","4.2","9","Jl. Pulau Serangan No.7","Kota Denpasar","Bali","ID",,"","Tempat Parkir Umum",,,,,,,,,,"https://www.google.com/maps/search/?api=1&query=BSS%20Parking%20Surya%20Husadha&query_place_id=ChIJyVjpWilB0i0RV04tfiPfcqE","Tempat Parkir Umum"
"Musholla Bali Safari Park",,,"Jl. By Pass Prof. Dr. Ida Bagus Mantra No.KM 19 8","Gianyar","Bali","ID",,"","Masjid",,,,,,,,,,"https://www.google.com/maps/search/?api=1&query=Musholla%20Bali%20Safari%20Park&query_place_id=ChIJYyUbJABB0i0RX5bjFwbQGKU","Masjid"
"Conrad Car park","3","2","669F+X88, JL. Pratama, Tenjung Benoa, Nusa Dua","Kabupaten Badung","Bali","ID",,"","Tempat Parkir",,,,,,,,,,"https://www.google.com/maps/search/?api=1&query=Conrad%20Car%20park&query_place_id=ChIJBV0ovrtD0i0REYeIYHM4hyQ","Tempat Parkir"
"Danau Yeh Malet","4","287","Unnamed Road","Kabupaten Karangasem","Bali","ID",,"","Tujuan Wisata",,,,,,,,,,"https://www.google.com/maps/search/?api=1&query=Danau%20Yeh%20Malet&query_place_id=ChIJX1XQQgUO0i0RkmMCRvCLXgQ","Tujuan Wisata"
"Waduk Tukad Badung","4.6","33","75CR+35M, Jl. Tanah Kilap","Kota Denpasar","Bali","ID",,"","Taman",,,,,,,,,,"https://www.google.com/maps/search/?api=1&query=Waduk%20Tukad%20Badung&query_place_id=ChIJlxTBlPpB0i0RejC7ZKQx-NU","Taman"
"Bhalance Hotel Retreat","4.6","129","Jl. Yeh Malet","Kabupaten Karangasem","Bali","ID","http://www.bhalancehotelretreat.com/","+62 821-4409-5034","Hotel Resor",,,,,,,,,,"https://www.google.com/maps/search/?api=1&query=Bhalance%20Hotel%20Retreat&query_place_id=ChIJe7KZo1wP0i0RVXSHrcRll40","Hotel Resor"
"Bali - Indonesia ( Ubud - Kintamani - Besakih - Sidemen - Uluwatu - Beratan lake - Tanah Lot - Ijen - Bromo - Tumpak Sewu )",,,"Jl. Muding Batu Sangian VII No.24","Kabupaten Badung","Bali","ID",,"+62 812-3789-6161","Agen Sewa Mobil","Jasa sewa kendaraan segala medan",,,,,,,,,"https://www.google.com/maps/search/?api=1&query=Bali%20-%20Indonesia%20(%20Ubud%20-%20Kintamani%20-%20Besakih%20-%20Sidemen%20-%20Uluwatu%20-%20Beratan%20lake%20-%20Tanah%20Lot%20-%20Ijen%20-%20Bromo%20-%20Tumpak%20Sewu%20)&query_place_id=ChIJhVWPnkk50i0R3F2b6ptfFZ8","Agen Sewa Mobil"
"Banyoo","4.4","369","Jl. Ktr. PIR","Kabupaten Badung","Bali","ID","https://banyoobali.com/","+62 851-8395-9553","Restoran",,,,,,,,,,"https://www.google.com/maps/search/?api=1&query=Banyoo&query_place_id=ChIJq-71EpBF0i0RufNxC5ZN6_k","Restoran"
"Suplier Ikan Mujair Danau Batur","4.5","2","9599+GGG","Kabupaten Badung","Bali","ID",,"+62 821-4468-0557","Toko Perlengkapan Rumah",,,,,,,,,,"https://www.google.com/maps/search/?api=1&query=Suplier%20Ikan%20Mujair%20Danau%20Batur&query_place_id=ChIJw882ESY50i0RIBnJ3lp0bnY","Toko Perlengkapan Rumah"
"Toko Cahaya Dewata","3.9","13","Jl. Danau Tempe","Kota Denpasar","Bali","ID",,"+62 812-3847-6264","Toko",,,,,,,,,,"https://www.google.com/maps/search/?api=1&query=Toko%20Cahaya%20Dewata&query_place_id=ChIJ6bfclKNB0i0R7TYjCUn-bL0","Toko"
"Villa Cabana","4.7","23","No., Indonesia, Jl. Bumbak Dauh No.9","Kabupaten Badung","Bali","ID",,"","Penginapan",,,,,,,,,,"https://www.google.com/maps/search/?api=1&query=Villa%20Cabana&query_place_id=ChIJCYwt43xH0i0R_etepBcIJKs","Penginapan"
"Catur Expediciones","4.4","38","Jl. Gunung Salak Utara No.68XX","Kabupaten Badung","Bali","ID","http://www.caturexpediciones.com/","+62 851-0010-7161","Biro Wisata",,,,,,,,,,"https://www.google.com/maps/search/?api=1&query=Catur%20Expediciones&query_place_id=ChIJo3wqDdBG0i0Ru8WK0-osB2E","Biro Wisata"
"Pantai Pemuteran","4.3","352",,"Kabupaten Buleleng","Bali","ID","http://www.funfundive.com/","","Pantai",,,,,,,,,,"https://www.google.com/maps/search/?api=1&query=Pantai%20Pemuteran&query_place_id=ChIJ3UsH5Ytu0S0RMh7ToHhE2h4","Pantai"
"Pantai Medewi","4.5","715","Jl. Pantai Medewi","Kabupaten Jembrana","Bali","ID","http://www.jembranakab.go.id/","","Pantai",,,,,,,,,,"https://www.google.com/maps/search/?api=1&query=Pantai%20Medewi&query_place_id=ChIJ1SYZN6HW0y0RTsSZh4dDH-E","Pantai"
"White Sand Beach","4.6","143","VH77+CCC","Kabupaten Buleleng","Bali","ID",,"","Lahan Piknik",,,,,,,,,,"https://www.google.com/maps/search/?api=1&query=White%20Sand%20Beach&query_place_id=ChIJa-yjBIVp0S0RDGMLmGXEmsI","Lahan Piknik"
"Prapat Agung Beach","4.3","101",,"Kabupaten Buleleng","Bali","ID",,"+62 821-4188-8442","Pantai",,,,,,,,,,"https://www.google.com/maps/search/?api=1&query=Prapat%20Agung%20Beach&query_place_id=ChIJ702GA-9D0S0R3jCQTitbWUc","Pantai"
"Romantic Beach Pemuteran","4.7","33","VJ7V+PG8","Kabupaten Buleleng","Bali","ID",,"","Paviliun Pantai",,,,,,,,,,"https://www.google.com/maps/search/?api=1&query=Romantic%20Beach%20Pemuteran&query_place_id=ChIJMdq8MpZu0S0RqwywHQGPgHI","Paviliun Pantai"
"Yeh Kuning Beach jembrana","4.5","73",,"Kabupaten Jembrana","Bali","ID",,"","Pantai Umum",,,,,,,,,,"https://www.google.com/maps/search/?api=1&query=Yeh%20Kuning%20Beach%20jembrana&query_place_id=ChIJzVz-SvzY0y0R_WSu94ZFmtQ","Pantai Umum"
"Kelapa Beach","5","38","HR7J+W8G, Jl. Ngurah Rai","Kabupaten Jembrana","Bali","ID",,"","Tujuan Wisata",,,,,,,,,,"https://www.google.com/maps/search/?api=1&query=Kelapa%20Beach&query_place_id=ChIJc-yHvIfT0y0R7v4yY7iJ5NE","Tujuan Wisata"
"Sumberkima Beach","4.4","17","VJG9+3FH","Kabupaten Buleleng","Bali","ID",,"","Tujuan Wisata",,,,,,,,,,"https://www.google.com/maps/search/?api=1&query=Sumberkima%20Beach&query_place_id=ChIJ66mdTMdp0S0R55eHqJkgiUY","Tujuan Wisata"
"Melaya Cabanas","4.9","39",,"Kabupaten Jembrana","Bali","ID",,"+62 858-4715-0503","Pantai",,,,,,,,,,"https://www.google.com/maps/search/?api=1&query=Melaya%20Cabanas&query_place_id=ChIJsY75WLJd0S0RpQfaOMYtATA","Pantai"
"TYM SEA FOOD CANGGU - Supplier and Restaurant","4.8","650","Jl. Raya Canggu No.363X","Kabupaten Badung","Bali","ID","https://www.facebook.com/TYM-Fresh-Fish-and-Grill-111781984469962/","+62 831-1957-9423","Restoran Seafood",,,,,,,,,,"https://www.google.com/maps/search/?api=1&query=TYM%20SEA%20FOOD%20CANGGU%20-%20Supplier%20and%20Restaurant&query_place_id=ChIJ0ZExbVQ50i0RHtp5IGyNSlU","Restoran Seafood"
"Bali Inspiration Tour","5","12","Gg. XXVI No.B 16","Kota Denpasar","Bali","ID","http://www.baliinspirationtour.com/","+62 818-0564-1988","Agensi wisata olahraga",,,,,,,,,,"https://www.google.com/maps/search/?api=1&query=Bali%20Inspiration%20Tour&query_place_id=ChIJoYmpBl050i0RXcd2XtmcGts","Agensi wisata olahraga"
"Pura Tirta Silakarang","4.5","72","C7M4+9GV, Jl. Raya Singapadu","Kabupaten Gianyar","Bali","ID",,"","Pura","Tujuan Wisata",,,,,,,,,"https://www.google.com/maps/search/?api=1&query=Pura%20Tirta%20Silakarang&query_place_id=ChIJKe6SiHU-0i0RC5Cp8-Mls48","Pura"
"Ceningan / Lembongan island Tour","5","1","8C2X+M49 Ceningan Island","Kabupaten Klungkung","Bali","ID",,"",,,,,,,,,,,"https://www.google.com/maps/search/?api=1&query=Ceningan%20%2F%20Lembongan%20island%20Tour&query_place_id=ChIJs2sS3W1t0i0RT3tCVwEZC7o",
"Wisata Konstruksi Galian C","4.5","24","CCGM+RHR, Unnamed Road","Kabupaten Klungkung","Bali","ID",,"","Tujuan Wisata",,,,,,,,,,"https://www.google.com/maps/search/?api=1&query=Wisata%20Konstruksi%20Galian%20C&query_place_id=ChIJe8j-zTUS0i0RUsqO42UIBao","Tujuan Wisata"
"Cedok bali tour",,,"Jl. Ulun Suwi 2 Gg. Sandat","Kabupaten Gianyar","Bali","ID","https://cedokbalitour.wordpress.com/","+62 812-3720-2365","Layanan Transportasi",,,,,,,,,,"https://www.google.com/maps/search/?api=1&query=Cedok%20bali%20tour&query_place_id=ChIJx-IN4Oo_0i0RGFcl9QrcqM8","Layanan Transportasi"
"MPB Money Changer (MPB Sanur)","4.8","82","Jln. Tamblingan Lake No. 50","Kota Denpasar","Bali","ID","http://mpbchanger.com/","+62 631 283111","Layanan Penukaran Mata Uang",,,,,,,,,,"https://www.google.com/maps/search/?api=1&query=MPB%20Money%20Changer%20(MPB%20Sanur)&query_place_id=ChIJIfVit8tB0i0RW-ThqjbZk3k","Layanan Penukaran Mata Uang"
"My Bali Trekking Tours","5","2",,"Kabupaten Badung","Bali","ID","http://www.mybalitrekkingtours.com/","+62 818-0551-5037","Biro Wisata",,,,,,,,,,"https://www.google.com/maps/search/?api=1&query=My%20Bali%20Trekking%20Tours&query_place_id=ChIJ_U9zImM50i0RPoL42i-oEaU","Biro Wisata"
"Water Sport Fun Activities Bali","5","7","Jl. Pratama No.35xy","Kabupaten Badung","Bali","ID","https://baliprotour.orderonline.id/page/baliprotourbp","+62 811-3995-857","Biro Perjalanan dan Wisata",,,,,,,,,,"https://www.google.com/maps/search/?api=1&query=Water%20Sport%20Fun%20Activities%20Bali&query_place_id=ChIJz7geBoZF0i0REATGIVvYr18","Biro Perjalanan dan Wisata"
"The Hidden Escapes Manggis","5","39","Jl. Yeh Malet","Kabupaten Karangasem","Bali","ID",,"+62 821-1943-1869","Vila",,,,,,,,,,"https://www.google.com/maps/search/?api=1&query=The%20Hidden%20Escapes%20Manggis&query_place_id=ChIJnZn13N4P0i0R9m9_8OlgoC8","Vila"
"Penarungan",,,,"Kabupaten Badung","Bali","ID",,"",,,,,,,,,,,"https://www.google.com/maps/search/?api=1&query=Penarungan&query_place_id=ChIJP1tSrxI80i0RyQL_rUhL_v8",
"Villa Hutan","5","4","Jl. Ngurah Beng No.24","Kabupaten Tabanan","Bali","ID",,"+62 817-241-316","Hotel",,,,,,,,,,"https://www.google.com/maps/search/?api=1&query=Villa%20Hutan&query_place_id=ChIJKUYVYNI50i0RWHdIiZAJV90","Hotel"
"Reagan Guest House","4.2","57","Jl. Bulakan Sari","Kabupaten Badung","Bali","ID",,"","Hotel",,,,,,,,,,"https://www.google.com/maps/search/?api=1&query=Reagan%20Guest%20House&query_place_id=ChIJRVs4EHBD0i0RxAeR8Lx3PHc","Hotel"
"BALITABI | バリ島カーチャーター","5","217","Jl. Danau Buyan Raya No.18","Kabupaten Badung","Bali","ID","https://balitabi.com/","+62 811-394-450","Penyelenggara Perjalanan",,,,,,,,,,"https://www.google.com/maps/search/?api=1&query=BALITABI%20%7C%20%E3%83%90%E3%83%AA%E5%B3%B6%E3%82%AB%E3%83%BC%E3%83%81%E3%83%A3%E3%83%BC%E3%82%BF%E3%83%BC&query_place_id=ChIJWTGdFJ5E0i0RIEXYiswIqPM","Penyelenggara Perjalanan"
"Bale Udang Kuta","4.8","24488","Jl. Nakula No.88","Kota Denpasar","Bali","ID","https://baleudang.com/","+62 817-6780-001","Restoran Seafood","Restoran Indonesia",,,,,,,,,"https://www.google.com/maps/search/?api=1&query=Bale%20Udang%20Kuta&query_place_id=ChIJ0WmmucVG0i0RiZS2WirGNww","Restoran Seafood"
"Bali Lovina Tours","4.4","59","Jl. Pratama Raya Jl. Nusa Dua No.99","Denpasar","Bali","ID",,"+62 817-561-454","Penyelenggara Perjalanan","Agen Tur Kapal","Penyelenggara aktivitas luar ruangan","Agen Tur Keliling Kota","Biro Perjalanan dan Wisata",,,,,,"https://www.google.com/maps/search/?api=1&query=Bali%20Lovina%20Tours&query_place_id=ChIJU9mrOeo_0i0RHx3dIwIFf5Y","Penyelenggara Perjalanan"
"Dewas Landing Cafe","5","17","Jl. Raya Uluwatu","Kabupaten Badung","Bali","ID",,"+62 811-381-333","Restoran",,,,,,,,,,"https://www.google.com/maps/search/?api=1&query=Dewas%20Landing%20Cafe&query_place_id=ChIJ-SBmBE1F0i0RuB0_44LTnn8","Restoran"
"ijen blue fire tour from Bali","5","4","Jl. Sempati Gg. Sadar No.8x","Kabupaten Badung","Bali","ID","https://www.instagram.com/revantransport?igsh=bTJ4a2lqbXYyMGll","+62 878-6095-4045","Layanan Transportasi",,,,,,,,,,"https://www.google.com/maps/search/?api=1&query=ijen%20blue%20fire%20tour%20from%20Bali&query_place_id=ChIJNybC8SxH0i0RlXUjoZM4uIk","Layanan Transportasi"
"Wanderlust Adventure","5","10","Jl canggu Raya No.688","Kabupaten Badung","Bali","ID","https://www.wanderlustsadventure.com/","+62 851-2190-5265","Biro Perjalanan dan Wisata",,,,,,,,,,"https://www.google.com/maps/search/?api=1&query=Wanderlust%20Adventure&query_place_id=ChIJT0G8bgf2t4ERmxPJI1Mpwdk","Biro Perjalanan dan Wisata"
"PARKING SPACE","5","1","Unnamed Road","Kota Denpasar","Bali","ID",,"","Gedung Parkir",,,,,,,,,,"https://www.google.com/maps/search/?api=1&query=PARKING%20SPACE&query_place_id=ChIJp9iALTRB0i0R9EneryWFTFQ","Gedung Parkir"
"Cliff Park Lembongan - Superior Cliff Front Bungalow","5","8",,"Kabupaten Klungkung","Bali","ID","https://www.freecancellations.com/search/F2giQ1NSGCcAXFIBVVhYTQ8KVxxjRQdE?lat=-8.68542&lng=115.42787&language=de","","Rental Akomodasi","Persewaan liburan",,,,,,,,,"https://www.google.com/maps/search/?api=1&query=Cliff%20Park%20Lembongan%20-%20Superior%20Cliff%20Front%20Bungalow&query_place_id=ChIJu2vOY61t0i0R0yog-LLVptI","Rental Akomodasi"
"Paradise Park Flat & Residence","4.5","2","No Jl. Danau Tempe No.99","Kota Denpasar","Bali","ID",,"+62 851-0157-2742","Kompleks Apartemen",,,,,,,,,,"https://www.google.com/maps/search/?api=1&query=Paradise%20Park%20Flat%20%26%20Residence&query_place_id=ChIJhdb-faFB0i0Rhgodu92CItc","Kompleks Apartemen"
"BSS Parking Cabang Bali","3.6","34","Jl. Diponegoro No.204 B","Kota Denpasar","Bali","ID","http://www.bssparking.com/","+62 821-4405-7125","Kantor Perusahaan",,,,,,,,,,"https://www.google.com/maps/search/?api=1&query=BSS%20Parking%20Cabang%20Bali&query_place_id=ChIJC9AHAuk_0i0RgDLBbKluq20","Kantor Perusahaan"
"Cliff Park Lembongan - One-Bedroom Bungalow","5","8",,"Kabupaten Klungkung","Bali","ID","https://br.bluepillow.com/search/594388e67c00cb0e6434a97d?dest=bkng&cat=Villa&lat=-8.68542&lng=115.42788&language=pt","","Vila","Persewaan liburan",,,,,,,,,"https://www.google.com/maps/search/?api=1&query=Cliff%20Park%20Lembongan%20-%20One-Bedroom%20Bungalow&query_place_id=ChIJBY7OY61t0i0R6XzcfyL785Q","Vila"
"Park View Heights Villa","3.25","2",,"Kabupaten Badung","Bali","ID","https://deals.vio.com/?sig=73aca13c7f952d2641c156f3e69125e1eb497c325f122828ee5aa8797168b9a12d32303331333438363233&turl=https%3A%2F%2Fwww.vio.com%2FHotel%2FSearch%3FhotelId%3D1539471%26utm_source%3Dgha-vr%26utm_campaign%3Dstatic%26openHotelDetails%3D1","","Apartemen","Persewaan liburan",,,,,,,,,"https://www.google.com/maps/search/?api=1&query=Park%20View%20Heights%20Villa&query_place_id=ChIJvaolTqtc0i0RJk2olld_wEI","Apartemen"
"Green Village Bali Parking & Main Entrance","4.3","4","C6G7+9H4, Jl. Tanah Ayu","Kabupaten Badung","Bali","ID","http://www.greenvillagebali.com/","+62 811-3922-254","Hotel Resor",,,,,,,,,,"https://www.google.com/maps/search/?api=1&query=Green%20Village%20Bali%20Parking%20%26%20Main%20Entrance&query_place_id=ChIJPYhd13Q_0i0R-JtANoHCAG8","Hotel Resor"
"PT. Segara Mas Dive & Watersport","4","1","Jl. Pratama No.65","Kabupaten Badung","Bali","ID",,"+62 857-3732-2373","Taman Rekreasi Air",,,,,,,,,,"https://www.google.com/maps/search/?api=1&query=PT.%20Segara%20Mas%20Dive%20%26%20Watersport&query_place_id=ChIJm_hntedD0i0RcKZufowTxeU","Taman Rekreasi Air"
"CASA VILLA Sanur - Double Room with Park View",,,,"Kota Denpasar","Bali","ID","https://br.bluepillow.com/search/61eefeba113b0ba9fb9426ef?dest=bkng&cat=House&lat=-8.69475&lng=115.25969&language=pt","","Rumah","Persewaan liburan",,,,,,,,,"https://www.google.com/maps/search/?api=1&query=CASA%20VILLA%20Sanur%20-%20Double%20Room%20with%20Park%20View&query_place_id=ChIJDzeKK7ZB0i0RkEUjVDao6jQ","Rumah"
"Cliff Park Lembongan - Deluxe Double Room","5","8",,"Kabupaten Klungkung","Bali","ID","https://br.bluepillow.com/search/594388e67c00cb0e6434a97d/175567608?dest=bkng&cat=Villa&lat=-8.68542&lng=115.42788&language=pt","","Vila","Persewaan liburan",,,,,,,,,"https://www.google.com/maps/search/?api=1&query=Cliff%20Park%20Lembongan%20-%20Deluxe%20Double%20Room&query_place_id=ChIJBY7OY61t0i0R5vuKm0bm_Jo","Vila"
"3BR Beach Front Villa In Pabean Beach! 9Min Drive To Bali Safari and Marine Park",,,,"Kabupaten Gianyar","Bali","ID",,"","Vila","Persewaan liburan",,,,,,,,,"https://www.google.com/maps/search/?api=1&query=3BR%20Beach%20Front%20Villa%20In%20Pabean%20Beach!%209Min%20Drive%20To%20Bali%20Safari%20and%20Marine%20Park&query_place_id=ChIJ-Q4So0MV0i0RnxTb_MdMSMk","Vila"
"BLAGO Entrance & Parking","5","1","C8Q4+465","Kabupaten Gianyar","Bali","ID",,"","Tempat Parkir",,,,,,,,,,"https://www.google.com/maps/search/?api=1&query=BLAGO%20Entrance%20%26%20Parking&query_place_id=ChIJrTJ7Kr0X0i0RX-TIWOpU9-0","Tempat Parkir"
"Kawasan Pariwisata Lot SW1 Parking","5","1","56VG+3GQ, Kawasan Pariwisata Lot SW1","Kabupaten Badung","Bali","ID",,"","Tempat Parkir",,,,,,,,,,"https://www.google.com/maps/search/?api=1&query=Kawasan%20Pariwisata%20Lot%20SW1%20Parking&query_place_id=ChIJhY_Uxi1D0i0Ro6rWEE4k9lQ","Tempat Parkir"
"Thai Me Up - Silicon Park","5","11","Jl. Siligita Jl. Raya Nusa Dua Selatan No.3 4","Kabupaten Badung","Bali","ID","https://sites.google.com/view/thaimeup/home?authuser=0","+62 823-3888-8784","Pujasera",,,,,,,,,,"https://www.google.com/maps/search/?api=1&query=Thai%20Me%20Up%20-%20Silicon%20Park&query_place_id=ChIJ50Hg3DpD0i0RG0c8aIs3OL4","Pujasera"
"Spectacular 4BR Villa In Sabah Beach! 6Min Drive To Bali Safari And Marine Park!",,,,"Kabupaten Gianyar","Bali","ID","https://www.decolar.com/hoteis/h-6220963","","Penginapan","Persewaan liburan",,,,,,,,,"https://www.google.com/maps/search/?api=1&query=Spectacular%204BR%20Villa%20In%20Sabah%20Beach!%206Min%20Drive%20To%20Bali%20Safari%20And%20Marine%20Park!&query_place_id=ChIJYRf1yhEV0i0Ro0nUtbJuqF8","Penginapan"
"Bali Illumination Park (Taman Lampu)",,,,"Kota Denpasar","Bali","ID","https://deals.vio.com/?sig=73aca13c7f952d2641c156f3e69125e1eb497c325f122828ee5aa8797168b9a12d32303331333438363233&turl=https%3A%2F%2Fwww.vio.com%2FHotel%2FSearch%3FhotelId%3D3045504%26utm_source%3Dgha-vr%26utm_campaign%3Dstatic%26openHotelDetails%3D1","","Penginapan","Persewaan liburan",,,,,,,,,"https://www.google.com/maps/search/?api=1&query=Bali%20Illumination%20Park%20(Taman%20Lampu)&query_place_id=ChIJkXnIVAxA0i0RiaFLhjT21G8","Penginapan"
"Tamagon Park Merch","5","1","Jl. Tukad Penet No.28A","Kota Denpasar","Bali","ID","https://shopee.co.id/tamagonpark_merch#product_list","+62 813-3870-9657","Toko Pakaian",,,,,,,,,,"https://www.google.com/maps/search/?api=1&query=Tamagon%20Park%20Merch&query_place_id=ChIJA5f3S_xB0i0RlVUzsQMhx68","Toko Pakaian"
"Bali Wake Park & Aqualand","4.4","1959","Jl. Raya Pelabuhan Benoa No.7X","Kota Denpasar","Bali","ID","https://www.baliwakepark.com/bookings/","+62 361 8468866","Taman Rekreasi Air","Kompleks Kolam Renang","Restoran","Klub Olahraga","Jasa Ski Air",,,,,,"https://www.google.com/maps/search/?api=1&query=Bali%20Wake%20Park%20%26%20Aqualand&query_place_id=ChIJq6HQF2dB0i0RG4g6CYqaKd0","Taman Rekreasi Air"
"Villa Sayang Sanur 111 Villa-type villa with large living room and parking space - Villa with Private Pool",,,,"Kota Denpasar","Bali","ID",,"","Penginapan","Persewaan liburan",,,,,,,,,"https://www.google.com/maps/search/?api=1&query=Villa%20Sayang%20Sanur%20111%20Villa-type%20villa%20with%20large%20living%20room%20and%20parking%20space%20-%20Villa%20with%20Private%20Pool&query_place_id=ChIJV61Kg8lB0i0R71fCDsIqckA","Penginapan"
"3-Bedroom house with pool near park 10min to beach - Three-Bedroom House",,,,"Kota Denpasar","Bali","ID",,"","Penginapan","Persewaan liburan",,,,,,,,,"https://www.google.com/maps/search/?api=1&query=3-Bedroom%20house%20with%20pool%20near%20park%2010min%20to%20beach%20-%20Three-Bedroom%20House&query_place_id=ChIJVcpV9mBA0i0RQTGFn2vXDf4","Penginapan"
"Zahra parking",,,"Jl. Teges Nunggal No.21","Kabupaten Badung","Bali","ID",,"","Tempat Parkir",,,,,,,,,,"https://www.google.com/maps/search/?api=1&query=Zahra%20parking&query_place_id=ChIJMaEk9q1D0i0RHdbmswGrW2A","Tempat Parkir"
"Extreme Park Bali","4.4","348","Unnamed Road","Kabupaten Klungkung","Bali","ID","https://instagram.com/Xparkbali","+62 823-4180-0125","Pusat Olahraga Petualangan",,,,,,,,,,"https://www.google.com/maps/search/?api=1&query=Extreme%20Park%20Bali&query_place_id=ChIJYcOfXmZv0i0RCsc44y6CKIg","Pusat Olahraga Petualangan"
"Dyatmika School's Car Park",,,"Jl. Pucuk Bang No.1","Kota Denpasar","Bali","ID",,"","Tempat Parkir",,,,,,,,,,"https://www.google.com/maps/search/?api=1&query=Dyatmika%20School's%20Car%20Park&query_place_id=ChIJYYkb0-1B0i0RYKBiJM9gEVE","Tempat Parkir"
"HIRBB Parking Area",,,"66CF+C8P","Kabupaten Badung","Bali","ID",,"","Tempat Parkir",,,,,,,,,,"https://www.google.com/maps/search/?api=1&query=HIRBB%20Parking%20Area&query_place_id=ChIJRxELkUFD0i0RmCvmQPE3OO0","Tempat Parkir"
"Parking Bay Krisna Shop","4.7","3","C7GR+3V8, Jl. Raya Blangsinga","Kabupaten Gianyar","Bali","ID",,"","Toko Pakaian",,,,,,,,,,"https://www.google.com/maps/search/?api=1&query=Parking%20Bay%20Krisna%20Shop&query_place_id=ChIJRSNUp90V0i0RBsrDGrF45s0","Toko Pakaian"
"Car parking entrance Living World mall",,,"Living World","Kota Denpasar","Bali","ID",,"","Gedung Parkir",,,,,,,,,,"https://www.google.com/maps/search/?api=1&query=Car%20parking%20entrance%20Living%20World%20mall&query_place_id=ChIJf3IUVwA_0i0RE1vhGx2WeNw","Gedung Parkir"
"Mara River Safari Lodge Bali - Twiga Deluxe Twin Room + Bali Safari Park Entrance Safari Journey",,,,"Kabupaten Gianyar","Bali","ID","https://br.bluepillow.com/search/594389227c00cb0e6434c3e1/17682119?dest=bkng&cat=House&lat=-8.58697&lng=115.34321&language=pt","","Penginapan","Persewaan liburan",,,,,,,,,"https://www.google.com/maps/search/?api=1&query=Mara%20River%20Safari%20Lodge%20Bali%20-%20Twiga%20Deluxe%20Twin%20Room%20%2B%20Bali%20Safari%20Park%20Entrance%20Safari%20Journey&query_place_id=ChIJeVeti0UU0i0REE78BsYlwmU","Penginapan"
"Gn. Musi","4.5","2",,"Kabupaten Buleleng","Bali","ID",,"","Puncak Gunung",,,,,,,,,,"https://www.google.com/maps/search/?api=1&query=Gn.%20Musi&query_place_id=ChIJJZjgpXFw0S0RM6RtrirJouk","Puncak Gunung"
"Gn. Mese",,,,"Kabupaten Jembrana","Bali","ID",,"","Puncak Gunung",,,,,,,,,,"https://www.google.com/maps/search/?api=1&query=Gn.%20Mese&query_place_id=ChIJy5MxN5Nk0S0RuqAo6QCa1jE","Puncak Gunung"
"Pegunungan Bakungan","3.7","11",,"Kabupaten Jembrana","Bali","ID",,"","Puncak Gunung",,,,,,,,,,"https://www.google.com/maps/search/?api=1&query=Pegunungan%20Bakungan&query_place_id=ChIJsaPFe8dC0S0RbbSKs12eFak","Puncak Gunung"
"Gn. Merebuk","3","2",,"Kabupaten Jembrana","Bali","ID",,"","Puncak Gunung",,,,,,,,,,"https://www.google.com/maps/search/?api=1&query=Gn.%20Merebuk&query_place_id=ChIJPTh9_Lxl0S0RHmMaSzotJaU","Puncak Gunung"
"Gn. Gondol","4.7","12",,"Kabupaten Buleleng","Bali","ID",,"","Puncak Gunung",,,,,,,,,,"https://www.google.com/maps/search/?api=1&query=Gn.%20Gondol&query_place_id=ChIJQX3CzNdx0S0Rmg_2AnSGGHA","Puncak Gunung"
"Gn. Tirta",,,,"Kabupaten Buleleng","Bali","ID",,"","Puncak Gunung",,,,,,,,,,"https://www.google.com/maps/search/?api=1&query=Gn.%20Tirta&query_place_id=ChIJz83yualv0S0RB4gZTy5Gu8o","Puncak Gunung"
"Trekking mountain","5","3","RMR2+JH","Kabupaten Buleleng","Bali","ID",,"","Area Mendaki",,,,,,,,,,"https://www.google.com/maps/search/?api=1&query=Trekking%20mountain&query_place_id=ChIJt0G3SQBv0S0RC_IDa3Gwh1E","Area Mendaki"
"Gn. Huluteluktrima",,,,"Kabupaten Buleleng","Bali","ID",,"","Puncak Gunung",,,,,,,,,,"https://www.google.com/maps/search/?api=1&query=Gn.%20Huluteluktrima&query_place_id=ChIJ7U_PAkFo0S0RDwK39tBDPYo","Puncak Gunung"
"Gn. Pengootan",,,,"Kabupaten Buleleng","Bali","ID",,"","Puncak Gunung",,,,,,,,,,"https://www.google.com/maps/search/?api=1&query=Gn.%20Pengootan&query_place_id=ChIJZ9BQinl50S0R0EQVre1S2cI","Puncak Gunung"
"Gn. Bratan","5","6",,"Kabupaten Buleleng","Bali","ID",,"","Puncak Gunung",,,,,,,,,,"https://www.google.com/maps/search/?api=1&query=Gn.%20Bratan&query_place_id=ChIJgyDqUpRu0S0RW69Bxx16mC0","Puncak Gunung"
"Gn. Kemong",,,,"Kabupaten Buleleng","Bali","ID",,"","Puncak Gunung",,,,,,,,,,"https://www.google.com/maps/search/?api=1&query=Gn.%20Kemong&query_place_id=ChIJn-yQXRZw0S0RXBsoqporDfY","Puncak Gunung"
"Gn. Patra","4","1",,"Kabupaten Jembrana","Bali","ID",,"","Puncak Gunung",,,,,,,,,,"https://www.google.com/maps/search/?api=1&query=Gn.%20Patra&query_place_id=ChIJzTEVpb5m0S0R0vnA4mrIQH0","Puncak Gunung"
"Gn. Salak",,,,"Kabupaten Jembrana","Bali","ID",,"","Puncak Gunung",,,,,,,,,,"https://www.google.com/maps/search/?api=1&query=Gn.%20Salak&query_place_id=ChIJ5fPO83580S0Rf3DPUBdTcSo","Puncak Gunung"
"Gn. Sari",,,,"Kabupaten Jembrana","Bali","ID",,"","Puncak Gunung",,,,,,,,,,"https://www.google.com/maps/search/?api=1&query=Gn.%20Sari&query_place_id=ChIJUfChJY5j0S0RQAmIJAbDSV0","Puncak Gunung"
"Gn. Prapatagung","5","2",,"Kabupaten Buleleng","Bali","ID",,"","Puncak Gunung",,,,,,,,,,"https://www.google.com/maps/search/?api=1&query=Gn.%20Prapatagung&query_place_id=ChIJc-tDXdVD0S0RQNE-sujFAB0","Puncak Gunung"
"Gn. Melaya","5","1",,"Kabupaten Jembrana","Bali","ID",,"","Puncak Gunung",,,,,,,,,,"https://www.google.com/maps/search/?api=1&query=Gn.%20Melaya&query_place_id=ChIJZYZLrttn0S0R1FXM7PP9AG8","Puncak Gunung"
"Gn. Bakungan",,,,"Kabupaten Buleleng","Bali","ID",,"","Puncak Gunung",,,,,,,,,,"https://www.google.com/maps/search/?api=1&query=Gn.%20Bakungan&query_place_id=ChIJU9dzN6NC0S0RSVaLW2z4WRc","Puncak Gunung"
"Waduk Palasari","4.4","5",,"Kabupaten Jembrana","Bali","ID",,"","Waduk",,,,,,,,,,"https://www.google.com/maps/search/?api=1&query=Waduk%20Palasari&query_place_id=ChIJo7HNxgln0S0RN4pbYfQii8o","Waduk"
"Alam Karangsewu","4.6","216","RCHR+3Q7, Jl. Jalak Putih","Kabupaten Jembrana","Bali","ID",,"","Area Rekreasi Alam",,,,,,,,,,"https://www.google.com/maps/search/?api=1&query=Alam%20Karangsewu&query_place_id=ChIJo5Ki_x1D0S0RsBUhQp0s8Ok","Area Rekreasi Alam"
"IQBAL GZ","5","2","JH2X+CGH","Kabupaten Jembrana","Bali","ID",,"","Danau untuk Berenang",,,,,,,,,,"https://www.google.com/maps/search/?api=1&query=IQBAL%20GZ&query_place_id=ChIJ6z2MAFHf0y0RXXLRuNYvKnI","Danau untuk Berenang"
"Taman Nasional Bali Barat","4.4","3141","VFCG+X44","Kabupaten Buleleng","Bali","ID","https://www.btnbalibarat.com/","+62 365 61060","Taman Nasional","Tujuan Wisata",,,,,,,,,"https://www.google.com/maps/search/?api=1&query=Taman%20Nasional%20Bali%20Barat&query_place_id=ChIJZ6RQfWVD0S0RstBUppm878Y","Taman Nasional"
"Nirwana Garden Bali","4.6","298","MJ9Q+FVJ, Jl. Sawe Rangsasa","Kabupaten Jembrana","Bali","ID",,"","Taman",,,,,,,,,,"https://www.google.com/maps/search/?api=1&query=Nirwana%20Garden%20Bali&query_place_id=ChIJVwHY8H1j0S0RJsUItCb11V4","Taman"
"Plataran L'Harmonie - West Bali National Park","4.7","30","West Bali National Park, Jl. Seririt-Gilimanuk","Singaraja","Bali","ID","https://plataran.com/property/plataran-lharmonie-west-bali/","+62 361 411388","Cagar Alam","Taman margasatwa",,,,,,,,,"https://www.google.com/maps/search/?api=1&query=Plataran%20L'Harmonie%20-%20West%20Bali%20National%20Park&query_place_id=ChIJl0N0m5pp0S0Rp4jQYcvmChg","Cagar Alam"
"Taman Pecangakan - Negara","4.5","1381","JJRP+QP3, Jl. Surapati","Kabupaten Jembrana","Bali","ID",,"+62 859-2578-9656","Taman","Tujuan Wisata",,,,,,,,,"https://www.google.com/maps/search/?api=1&query=Taman%20Pecangakan%20-%20Negara&query_place_id=ChIJnbIRfg5i0S0RPWWAoRtSroo","Taman"
"Kantor Taman Nasional Menjangan","4.6","252","WG33+M63","Kabupaten Buleleng","Bali","ID",,"","Taman",,,,,,,,,,"https://www.google.com/maps/search/?api=1&query=Kantor%20Taman%20Nasional%20Menjangan&query_place_id=ChIJFxZbMcpB0S0RuC5EmTwk_ug","Taman"
"Tuwed Mangrove Park","4.9","11",,"Kabupaten Jembrana","Bali","ID",,"","Taman",,,,,,,,,,"https://www.google.com/maps/search/?api=1&query=Tuwed%20Mangrove%20Park&query_place_id=ChIJR8G6Pile0S0RRfzEYiOMoag","Taman"
"Tropical Rainforest, Bali Barat National Park","4.2","15",,"Kabupaten Jembrana","Bali","ID","http://birdinginbali.blogspot.com/","","Taman Nasional",,,,,,,,,,"https://www.google.com/maps/search/?api=1&query=Tropical%20Rainforest%2C%20Bali%20Barat%20National%20Park&query_place_id=ChIJYTuR22Zd0S0R-PEzrujxAhY","Taman Nasional"
"Nyiur Melambai Family Park","4.2","139",,"Kabupaten Jembrana","Bali","ID",,"+62 819-0410-4266","Kolam Renang Umum","Taman Rekreasi Air",,,,,,,,,"https://www.google.com/maps/search/?api=1&query=Nyiur%20Melambai%20Family%20Park&query_place_id=ChIJ0T_26dpd0S0R8EpRq11szjA","Kolam Renang Umum"
"Tourist Information Centre.Bali Barat National Park","4.5","22","Jl. Raya Denpasar - Gilimanuk Cekik - Seririt","Kabupaten Jembrana","Bali","ID","https://whatsapp.com/channel/0029VaAPpte1NCrPnRf3Zt1M","+62 819-3167-5011","Pusat Pengunjung","Area Pengamatan Burung","Area Mendaki","Penyelenggara aktivitas luar ruangan","Penyelenggara Perjalanan","Tujuan Wisata","Pusat Informasi Pariwisata",,,,"https://www.google.com/maps/search/?api=1&query=Tourist%20Information%20Centre.Bali%20Barat%20National%20Park&query_place_id=ChIJxVgJfGVD0S0RidEO_GDwcN4","Pusat Pengunjung"
"Gilimanuk","4.6","36","RCQQ+343, Jl. Raya Denpasar - Gilimanuk","Kabupaten Jembrana","Bali","ID",,"","Hutan Nasional",,,,,,,,,,"https://www.google.com/maps/search/?api=1&query=Gilimanuk&query_place_id=ChIJmaaxXABD0S0RI5c2Nx9krD4","Hutan Nasional"
"Patung Duyung","4.3","38","JM2H+G2P, pantai","Kabupaten Jembrana","Bali","ID",,"","Taman",,,,,,,,,,"https://www.google.com/maps/search/?api=1&query=Patung%20Duyung&query_place_id=ChIJN51qsAbZ0y0RFuxtptLjUms","Taman"
"Batu Kursi View point","4.7","52","RMV6+HWJ","Kabupaten Buleleng","Bali","ID",,"","Tujuan Wisata",,,,,,,,,,"https://www.google.com/maps/search/?api=1&query=Batu%20Kursi%20View%20point&query_place_id=ChIJBSfpYStv0S0RDYrNdNSDosQ","Tujuan Wisata"
"PUNCAK TIRTA Manggis Sari","4.7","37","JVCP+23","Kabupaten Jembrana","Bali","ID",,"+62 812-8141-2784","Area Rekreasi Alam",,,,,,,,,,"https://www.google.com/maps/search/?api=1&query=PUNCAK%20TIRTA%20Manggis%20Sari&query_place_id=ChIJw2EpxVfV0y0RcXCIkLL3ssU","Area Rekreasi Alam"
"Taman Prasasti","4.1","165","MJ49+FX3","Kabupaten Jembrana","Bali","ID",,"+62 813-5768-1192","Taman Hiburan","Taman","Taman bermain","Tujuan Wisata",,,,,,,"https://www.google.com/maps/search/?api=1&query=Taman%20Prasasti&query_place_id=ChIJ9adshiBi0S0Rl9QJj7O75TQ","Taman Hiburan"
"Bumi Perkemahan Balai Taman Nasional Bali Barat","4.4","119","RC5R+RXG, Jl. Raya Denpasar - Gilimanuk","Kabupaten Jembrana","Bali","ID","https://florence-recomends-you.eu/campgrounds-hall-west-bali-national-park-indonesia","","Bumi perkemahan",,,,,,,,,,"https://www.google.com/maps/search/?api=1&query=Bumi%20Perkemahan%20Balai%20Taman%20Nasional%20Bali%20Barat&query_place_id=ChIJmzbUQG9D0S0RqOX9sIexv5s","Bumi perkemahan"
"Taman Sangkur","4.4","32","JJRC+VJJ","Kabupaten Jembrana","Bali","ID",,"","Taman Kota",,,,,,,,,,"https://www.google.com/maps/search/?api=1&query=Taman%20Sangkur&query_place_id=ChIJ1fItCv9j0S0RO47-4mcGGuM","Taman Kota"
"Waterfall Pengumbahan","4.4","15",,"Kabupaten Buleleng","Bali","ID",,"+62 812-3937-397","Tujuan Wisata",,,,,,,,,,"https://www.google.com/maps/search/?api=1&query=Waterfall%20Pengumbahan&query_place_id=ChIJ_RyVnjNv0S0RKeZTEQ4RPmw","Tujuan Wisata"
"ᬕ᭄ᬭᭀᬚᭀᬕᬦ᭄᭟ Grojogan waterfall","3.7","32",,"Kabupaten Jembrana","Bali","ID",,"","Tujuan Wisata",,,,,,,,,,"https://www.google.com/maps/search/?api=1&query=%E1%AC%95%E1%AD%84%E1%AC%AD%E1%AD%80%E1%AC%9A%E1%AD%80%E1%AC%95%E1%AC%A6%E1%AD%84%E1%AD%9F%20Grojogan%20waterfall&query_place_id=ChIJCwz_pkRd0S0RVBkZak6GIng","Tujuan Wisata"
"Nagasari Adventure","4.9","21","G2P3+HH6","Kabupaten Tabanan","Bali","ID",,"","Taman",,,,,,,,,,"https://www.google.com/maps/search/?api=1&query=Nagasari%20Adventure&query_place_id=ChIJsc7AAHQv0i0R-Qy5IwpQTsc","Taman"
"Ali snorkling Bali menjangan(West Bali) National Park office","4.3","31","Jl. Banyuwedang","Kabupaten Buleleng","Bali","ID","https://www.instagram.com/alicruzbali?igsh=NWx6cTRkdzYyZDVl","+62 878-4305-4819","Taman Nasional","Biro Wisata Bawah Laut",,,,,,,,,"https://www.google.com/maps/search/?api=1&query=Ali%20snorkling%20Bali%20menjangan(West%20Bali)%20National%20Park%20office&query_place_id=ChIJFdsr1Rdp0S0RSxvO-EeYzDE","Taman Nasional"
"MUNDUK JUUK","4.5","2",,"Kabupaten Tabanan","Bali","ID",,"","Taman pedesaan",,,,,,,,,,"https://www.google.com/maps/search/?api=1&query=MUNDUK%20JUUK&query_place_id=ChIJaeQehmAp0i0RLkQVuFikupw","Taman pedesaan"
"Pura Segara Rupek","4.7","617","WC3Q+2C3","Kabupaten Buleleng","Bali","ID",,"","Tujuan Wisata","Pura",,,,,,,,,"https://www.google.com/maps/search/?api=1&query=Pura%20Segara%20Rupek&query_place_id=ChIJeS7XM5BA0i0Ro-IaDytSMss","Tujuan Wisata"
"Teluk Terima Beach Sport","4.7","68",,"Kabupaten Buleleng","Bali","ID",,"+62 823-4018-5768","Wahana Taman Hiburan",,,,,,,,,,"https://www.google.com/maps/search/?api=1&query=Teluk%20Terima%20Beach%20Sport&query_place_id=ChIJmb_FiVhC0S0R1QbeTV-XSsc","Wahana Taman Hiburan"
"Taman Langgeng","4","23","P2R9+2FW","Kabupaten Buleleng","Bali","ID",,"+62 819-1674-9600","Taman",,,,,,,,,,"https://www.google.com/maps/search/?api=1&query=Taman%20Langgeng&query_place_id=ChIJeQFfnqCG0S0RgHrC-FeblY4","Taman"
"Turtle Hatchery Project","4.4","388","VM44+C8C","Kabupaten Buleleng","Bali","ID","http://www.reefseenbali.com/","+62 812-3894-051","Cagar Alam","Tujuan Wisata",,,,,,,,,"https://www.google.com/maps/search/?api=1&query=Turtle%20Hatchery%20Project&query_place_id=ChIJ_zCxk_Ju0S0R9QlfkZZ_Bak","Cagar Alam"
"West Bali National Park Tour","5","228","Jl. Anggur Dusun Goris Asri","Kabupaten Buleleng","Bali","ID","https://www.westbalinationalparktour.com/","+62 821-4625-2805","Penyelenggara aktivitas luar ruangan","Pusat Olahraga Petualangan","Area Pengamatan Burung","Biro Wisata Bawah Laut","Penyelenggara Perjalanan","Tujuan Wisata",,,,,"https://www.google.com/maps/search/?api=1&query=West%20Bali%20National%20Park%20Tour&query_place_id=ChIJEQyJSrVp0S0RQtnS1_zDUwA","Penyelenggara aktivitas luar ruangan"
"Gili Kisik Sumberkima","4.2","6","VJG5+RMW",,,"ID",,"","Area Rekreasi Alam",,,,,,,,,,"https://www.google.com/maps/search/?api=1&query=Gili%20Kisik%20Sumberkima&query_place_id=ChIJMSv0ithr0S0RenN5bMpJgyc","Area Rekreasi Alam"
"Air Terjun Bidadari, Jembrana","4.4","30","MJ4V+W75, Jl. Sawe Rangsasa","Kabupaten Jembrana","Bali","ID",,"","Taman Rekreasi Air","Tujuan Wisata",,,,,,,,,"https://www.google.com/maps/search/?api=1&query=Air%20Terjun%20Bidadari%2C%20Jembrana&query_place_id=ChIJq6qqf0Bi0S0R2lumMt7GEd8","Taman Rekreasi Air"
"Bumi Perkemahan Temon Jungle Park","4.7","3","QCQX+8QW, Jl. Raya Denpasar - Gilimanuk","Kabupaten Jembrana","Bali","ID",,"+62 896-9746-0180","Bumi perkemahan",,,,,,,,,,"https://www.google.com/maps/search/?api=1&query=Bumi%20Perkemahan%20Temon%20Jungle%20Park&query_place_id=ChIJGwMudUVD0S0Rn-QBkXwY2A8","Bumi perkemahan"
"Pantai Tangguwisia Bali","4.4","219","RW8W+GQQ, Perumahan Arta segara","Kabupaten Buleleng","Bali","ID",,"","Area Rekreasi Alam","Tujuan Wisata",,,,,,,,,"https://www.google.com/maps/search/?api=1&query=Pantai%20Tangguwisia%20Bali&query_place_id=ChIJy7-x3yqd0S0RzMSU3AqIjFU","Area Rekreasi Alam"
"Morgan water park","5","1","JJ66+Q73","Kabupaten Jembrana","Bali","ID",,"","Tujuan Wisata",,,,,,,,,,"https://www.google.com/maps/search/?api=1&query=Morgan%20water%20park&query_place_id=ChIJ7f7tHADf0y0Rh6JCUx-QR4o","Tujuan Wisata"
"Munduk Waterfall Trekking Point","4.4","31","P3WH+6P","Kabupaten Buleleng","Bali","ID",,"","Tujuan Wisata",,,,,,,,,,"https://www.google.com/maps/search/?api=1&query=Munduk%20Waterfall%20Trekking%20Point&query_place_id=ChIJFbqPZmiF0S0Rg5F1RebpEwg","Tujuan Wisata"
"Twin Waterfall Wanagiri","4.7","78","Q4P8+WV7, Jl. Bhuana Sari Jl. Mungsu","Kabupaten Buleleng","Bali","ID",,"","Tujuan Wisata",,,,,,,,,,"https://www.google.com/maps/search/?api=1&query=Twin%20Waterfall%20Wanagiri&query_place_id=ChIJI3Dex9uP0S0RZeXcYiULtss","Tujuan Wisata"
"Besikalung Waterfall","4.2","44",,"Kabupaten Tabanan","Bali","ID",,"+62 822-4747-1517","Tujuan Wisata",,,,,,,,,,"https://www.google.com/maps/search/?api=1&query=Besikalung%20Waterfall&query_place_id=ChIJDdtVAIcm0i0RUoHFhsqKOoQ","Tujuan Wisata"
"Yeh Aya Waterfall","4.3","14","JW6X+JQ6","Kabupaten Tabanan","Bali","ID",,"","Tujuan Wisata",,,,,,,,,,"https://www.google.com/maps/search/?api=1&query=Yeh%20Aya%20Waterfall&query_place_id=ChIJi7M1yx4r0i0RLJ8-Ddj2Iag","Tujuan Wisata"
"Waterfall Pupuan","4.7","12","M2JV+6QG, Unnamed Road","Kabupaten Tabanan","Bali","ID",,"","Tujuan Wisata",,,,,,,,,,"https://www.google.com/maps/search/?api=1&query=Waterfall%20Pupuan&query_place_id=ChIJS5mmPHWH0S0R7KCOGrioQuU","Tujuan Wisata"
"Air Terjun Jembong, Ambengan","4.5","855","R489+728","Kabupaten Buleleng","Bali","ID","https://www.jembongwaterfall.com/","","Tujuan Wisata",,,,,,,,,,"https://www.google.com/maps/search/?api=1&query=Air%20Terjun%20Jembong%2C%20Ambengan&query_place_id=ChIJxS4G4NqP0S0R19CSs3r7wYs","Tujuan Wisata"
"Air Terjun Munduk","4.5","1076","Jl. Kayu Putih - Munduk No.Desa","Kabupaten Buleleng","Bali","ID",,"","Tujuan Wisata",,,,,,,,,,"https://www.google.com/maps/search/?api=1&query=Air%20Terjun%20Munduk&query_place_id=ChIJ4WuUswqG0S0R0_F7ENm3htc","Tujuan Wisata"
"Wong Samar Waterfall","5","7","G574+PVP","Kabupaten Tabanan","Bali","ID",,"+62 813-3728-5446","Tujuan Wisata",,,,,,,,,,"https://www.google.com/maps/search/?api=1&query=Wong%20Samar%20Waterfall&query_place_id=ChIJx9armPkl0i0Rieum8IEP338","Tujuan Wisata"
"WITH BLI KADEK","5","8","Jl. Jalak Putih","Kabupaten Jembrana","Bali","ID","https://www.withblikadek.com/","+31 6 30450284","Pusat Informasi Pariwisata","Agen Tur Kapal","Pusat Menyelam","Penyewaan Sepeda Motor","Taman Nasional","Persewaan Skuter","Biro Wisata","Tujuan Wisata","Layanan Transportasi","Biro Perjalanan dan Wisata","https://www.google.com/maps/search/?api=1&query=WITH%20BLI%20KADEK&query_place_id=ChIJW2oflqxD0S0RDVUFXzx4nUo","Pusat Informasi Pariwisata"
"Puspa",,,"JHPG+W9P","Kabupaten Jembrana","Bali","ID",,"","Area Rekreasi Alam",,,,,,,,,,"https://www.google.com/maps/search/?api=1&query=Puspa&query_place_id=ChIJmTnoLgBh0S0R6fVKPSmpV44","Area Rekreasi Alam"
"Bali Myna Release Center","4.8","8","VG4Q+FP3","Kabupaten Buleleng","Bali","ID",,"","Cagar Alam",,,,,,,,,,"https://www.google.com/maps/search/?api=1&query=Bali%20Myna%20Release%20Center&query_place_id=ChIJka7Z3u5p0S0R2cfBScR69tA","Cagar Alam"
"Ceking shunsine","4.5","8","HXW3+VXF, Jl. Banjar Surabrata","Kabupaten Tabanan","Bali","ID",,"","Area Rekreasi Alam",,,,,,,,,,"https://www.google.com/maps/search/?api=1&query=Ceking%20shunsine&query_place_id=ChIJSzvP1zor0i0RazJnh_aW7M4","Area Rekreasi Alam"
"Tempat Parkir Pura Jaya Prana","4.3","63","RGXJ+26X, Jl. Singaraja-Gilimanuk","Kabupaten Buleleng","Bali","ID",,"","Tempat Parkir",,,,,,,,,,"https://www.google.com/maps/search/?api=1&query=Tempat%20Parkir%20Pura%20Jaya%20Prana&query_place_id=ChIJt4Sv0N1p0S0RzUtsc49G9-M","Tempat Parkir"
"Krisna Wisata Kuliner Temukus, Lovina - Bali","4.4","452","RX9W+339, Jl raya seririt","Kabupaten Buleleng","Bali","ID","http://www.krisnanorthbali.com/","+62 817-4747-566","Pujasera","Pusat Perbelanjaan",,,,,,,,,"https://www.google.com/maps/search/?api=1&query=Krisna%20Wisata%20Kuliner%20Temukus%2C%20Lovina%20-%20Bali&query_place_id=ChIJhzODR6uc0S0RaceJI9rPHT4","Pujasera"
"NusaBay Menjangan by WHM","4.7","566","Kotal Beach, West Bali National Park, Buleleng, Singaraja","Kabupaten Buleleng","Bali","ID","http://www.wakahotelsandresorts.com/nusabay-menjangan","+62 877-5786-2341","Hotel","Hotel Resor",,,,,,,,,"https://www.google.com/maps/search/?api=1&query=NusaBay%20Menjangan%20by%20WHM&query_place_id=ChIJT-TKV_pB0S0R9KHOyxdX4N8","Hotel"
"pondok dikubu",,,"Jl. Munduk Mengenu No.52","Kabupaten Buleleng","Bali","ID",,"","Area Rekreasi Alam",,,,,,,,,,"https://www.google.com/maps/search/?api=1&query=pondok%20dikubu&query_place_id=ChIJe6wyfQAr0i0RzOWXZO0Ko5Y","Area Rekreasi Alam"
"Gn. Abang","4.7","237",,"Kabupaten Bangli","Bali","ID",,"","Puncak Gunung",,,,,,,,,,"https://www.google.com/maps/search/?api=1&query=Gn.%20Abang&query_place_id=ChIJN-sorK330S0RS760U805An4","Puncak Gunung"
"Bukit Cemara","4.7","115",,"Kabupaten Karangasem","Bali","ID",,"","Puncak Gunung",,,,,,,,,,"https://www.google.com/maps/search/?api=1&query=Bukit%20Cemara&query_place_id=ChIJ33FnOPUE0i0RQyO2MtkFwtE","Puncak Gunung"
"Bella Kita Mountain Retreat Spa - Villa with Sea View",,,,"Kabupaten Klungkung","Bali","ID",,"","Penginapan","Persewaan liburan",,,,,,,,,"https://www.google.com/maps/search/?api=1&query=Bella%20Kita%20Mountain%20Retreat%20Spa%20-%20Villa%20with%20Sea%20View&query_place_id=ChIJX88PaNER0i0R2y4_-PQMWpk","Penginapan"
"Bukit Jambul","4.6","104",,"Kabupaten Karangasem","Bali","ID",,"","Puncak Gunung",,,,,,,,,,"https://www.google.com/maps/search/?api=1&query=Bukit%20Jambul&query_place_id=ChIJR_evXKEQ0i0RFrdQP9ep8aY","Puncak Gunung"
"Gn. Batur","4.5","4587",,"Kabupaten Bangli","Bali","ID",,"","Gunung berapi",,,,,,,,,,"https://www.google.com/maps/search/?api=1&query=Gn.%20Batur&query_place_id=ChIJP-7oyAP00S0RtHCGoa9FgNM","Gunung berapi"
"Mountain Adventure Guide (Kori Bali Trip)","5","39","Jl. Raya Pura Pasar Agung Sibetan","Kabupaten Karangasem","Bali","ID","http://www.koribalitrip.com/","+62 881-0372-82380","Pemandu pendakian",,,,,,,,,,"https://www.google.com/maps/search/?api=1&query=Mountain%20Adventure%20Guide%20(Kori%20Bali%20Trip)&query_place_id=ChIJ-XmXEGUF0i0Rmb0jXLjJNpw","Pemandu pendakian"
"Veluvana Mountain","5","166","Banjar Klungah","Kabupaten Karangasem","Bali","ID","https://veluvanabali.com/landing/","+62 823-4086-1486","Hotel",,,,,,,,,,"https://www.google.com/maps/search/?api=1&query=Veluvana%20Mountain&query_place_id=ChIJs4DBlqMR0i0RFAqYAWTlH8k","Hotel"
"View to mountain","4.1","7","HJF5+FGV","Kabupaten Karangasem","Bali","ID",,"","Tujuan Wisata",,,,,,,,,,"https://www.google.com/maps/search/?api=1&query=View%20to%20mountain&query_place_id=ChIJr1anbgQH0i0RcmvcETk2mVA","Tujuan Wisata"
"The Mountain House","5","8",,"Kabupaten Karangasem","Bali","ID",,"+62 811-3990-7105","Rumah berlibur",,,,,,,,,,"https://www.google.com/maps/search/?api=1&query=The%20Mountain%20House&query_place_id=ChIJmamRFGkd0i0RHR4QSFecnSU","Rumah berlibur"
"Mountain house","5","3","Jalan pasir putih 2 dusun perasi kauh","Kabupaten Karangasem","Bali","ID",,"","Rumah Kayu",,,,,,,,,,"https://www.google.com/maps/search/?api=1&query=Mountain%20house&query_place_id=ChIJW51awfkJ0i0RP-oamrVinXM","Rumah Kayu"
"Gn. Seraya","4.3","7",,"Kabupaten Karangasem","Bali","ID",,"","Puncak Gunung",,,,,,,,,,"https://www.google.com/maps/search/?api=1&query=Gn.%20Seraya&query_place_id=ChIJa-6oDGAH0i0RuBiLVdvdQNs","Puncak Gunung"
"Bukit Bangkungan","5","2",,"Kabupaten Klungkung","Bali","ID",,"","Puncak Gunung",,,,,,,,,,"https://www.google.com/maps/search/?api=1&query=Bukit%20Bangkungan&query_place_id=ChIJzeuid7UQ0i0RbebqHVPlQjI","Puncak Gunung"
"Alas Sidetapa","3","2","QXFX+2HF, Unnamed Road","Kabupaten Buleleng","Bali","ID",,"","Area Rekreasi Alam",,,,,,,,,,"https://www.google.com/maps/search/?api=1&query=Alas%20Sidetapa&query_place_id=ChIJCQOSNfGD0S0RcekQ33CR_Ng","Area Rekreasi Alam"
"Kolam Renang Bintang Bali","4.6","5","QXRH+R7M","Kabupaten Buleleng","Bali","ID",,"","Taman Rekreasi Air",,,,,,,,,,"https://www.google.com/maps/search/?api=1&query=Kolam%20Renang%20Bintang%20Bali&query_place_id=ChIJ6XAlJX2D0S0RVJu20KkRWVc","Taman Rekreasi Air"
"Dika Wisata Lumba-lumba",,,"Banjar dinas Banyualit, Desa","Kabupaten Buleleng","Bali","ID",,"+62 813-5334-5625","Area Rekreasi Alam",,,,,,,,,,"https://www.google.com/maps/search/?api=1&query=Dika%20Wisata%20Lumba-lumba&query_place_id=ChIJ5-EHIQKb0S0ROC259anxfLM","Area Rekreasi Alam"
"Ladang Krisna Mendoyo","3","1","JMRR+G35, Jl. Bima","Kabupaten Jembrana","Bali","ID",,"","Taman Anjing",,,,,,,,,,"https://www.google.com/maps/search/?api=1&query=Ladang%20Krisna%20Mendoyo&query_place_id=ChIJ3SJi4Kpj0S0REO2sLHtTYG4","Taman Anjing"
"Nabire legari","1","1","QWWH+FWG","Kabupaten Nabire","Papua","ID",,"+62 812-4016-5805","Hutan Nasional",,,,,,,,,,"https://www.google.com/maps/search/?api=1&query=Nabire%20legari&query_place_id=ChIJs6hxHpqD0S0R5_zixlrUdEc","Hutan Nasional"
"Pura Batu Kursi","4.7","520","Jalan Raya Pemuteran","Kabupaten Buleleng","Bali","ID",,"+62 811-3897-899","Tujuan Wisata","Pura",,,,,,,,,"https://www.google.com/maps/search/?api=1&query=Pura%20Batu%20Kursi&query_place_id=ChIJUwmkwf5u0S0RwP9ab37OW3c","Tujuan Wisata"
"Snorkeling","5","1","Jl. Mawar","Kabupaten Buleleng","Bali","ID","http://www.snorkelingmenjangan.com/","+62 852-3892-8647","Pusat Menyelam","Pusat Olahraga Petualangan","Area Pengamatan Burung","Agen Tur Kapal","Taman Nasional","Taman margasatwa",,,,,"https://www.google.com/maps/search/?api=1&query=Snorkeling&query_place_id=ChIJsZbNg3hp0S0RE7jXuQGgkhw","Pusat Menyelam"
"Mayung Coffee & Agrowisata Petik Duren","4.9","10","Jl. Raya Insakan Jl. Mayung","Kabupaten Buleleng","Bali","ID",,"+62 811-395-989","Area Rekreasi Alam",,,,,,,,,,"https://www.google.com/maps/search/?api=1&query=Mayung%20Coffee%20%26%20Agrowisata%20Petik%20Duren&query_place_id=ChIJ1VNA5LOF0S0RiYwjbv-77mM","Area Rekreasi Alam"
"Plataran Menjangan Resort & Spa","4.8","492","West Bali National Park, Jl. Raya Seririt – Gilimanuk, Gerokgak","Kabupaten Buleleng","Bali","ID","https://plataran.com/property/plataran-menjangan/","+62 811-1556-352","Hotel Resor","Spa",,,,,,,,,"https://www.google.com/maps/search/?api=1&query=Plataran%20Menjangan%20Resort%20%26%20Spa&query_place_id=ChIJeRNcl5pp0S0RV_u8set6Jjk","Hotel Resor"
"Parking and Guide for Singsing Waterfalls",,,"RX9X+38P, Jl. Singsing","Kabupaten Buleleng","Bali","ID",,"","Tujuan Wisata",,,,,,,,,,"https://www.google.com/maps/search/?api=1&query=Parking%20and%20Guide%20for%20Singsing%20Waterfalls&query_place_id=ChIJ_fH7FgCD0S0R-FDxGvSMF6o","Tujuan Wisata"
"Agus Sunset Dolphin Tour",,,"Jl. Laviana","Kabupaten Buleleng","Bali","ID","http://tiktok.com/@agus_sunset17","+62 813-5334-5625","Area Rekreasi Alam","Biro Wisata Bawah Laut",,,,,,,,,"https://www.google.com/maps/search/?api=1&query=Agus%20Sunset%20Dolphin%20Tour&query_place_id=ChIJeVBAX02b0S0RKQvaBhEw7v0","Area Rekreasi Alam"
"Wisata Alam Teras Pangkung Jangu",,,"8, Jl. Pangkung Jangu No.6850400 3326260, 114","Kabupaten Jembrana","Bali","ID",,"+62 819-1760-8148","Area Rekreasi Alam",,,,,,,,,,"https://www.google.com/maps/search/?api=1&query=Wisata%20Alam%20Teras%20Pangkung%20Jangu&query_place_id=ChIJWV-3pGbZ0y0RbNSFOX8yuSw","Area Rekreasi Alam"
"Goa Raksasa Dusun Kerta","5","2","H26P+P2M","Kabupaten Tabanan","Bali","ID",,"","Area Rekreasi Alam",,,,,,,,,,"https://www.google.com/maps/search/?api=1&query=Goa%20Raksasa%20Dusun%20Kerta&query_place_id=ChIJB_G05sMv0i0RYfuaoMujv5Y","Area Rekreasi Alam"
"The Octagon Ocean Club","4.6","457","West Bali National Park, Jl. Raya Seririt - Gilimanuk, Desa Pejarakan","Singaraja","Bali","ID","https://plataran.com/property/the-octagon-ocean-club/","+62 882-1950-7378","Restoran",,,,,,,,,,"https://www.google.com/maps/search/?api=1&query=The%20Octagon%20Ocean%20Club&query_place_id=ChIJjcwhGYlp0S0RBw56pRNYGHc","Restoran"
"Naya Gawana Resort and Spa","4.6","581","VH79+3X6, Jl. Banyuwedang","Kabupaten Buleleng","Bali","ID",,"+62 362 94598","Hotel Resor",,,,,,,,,,"https://www.google.com/maps/search/?api=1&query=Naya%20Gawana%20Resort%20and%20Spa&query_place_id=ChIJK_SObHBH0i0R6LJ2BpN68Vg","Hotel Resor"
"Gedung Kesenian Dr. Ir. Soekarno","4.4","1311","Jl. Jenderal Sudirman","Kabupaten Jembrana","Bali","ID",,"+62 365 41010","Tujuan Wisata","Tempat acara",,,,,,,,,"https://www.google.com/maps/search/?api=1&query=Gedung%20Kesenian%20Dr.%20Ir.%20Soekarno&query_place_id=ChIJfRCqog5i0S0R4HTQ76IBaZQ","Tujuan Wisata"
"pantai kelapa satu",,,"VJ8M+PP","Kabupaten Buleleng","Bali","ID",,"","Area Rekreasi Alam",,,,,,,,,,"https://www.google.com/maps/search/?api=1&query=pantai%20kelapa%20satu&query_place_id=ChIJeacl5vZv0S0R5fzg7u4jr6g","Area Rekreasi Alam"
"Progy menjangan) National Park office",,,"VH69+VRJ","Kabupaten Buleleng","Bali","ID",,"","Layanan Pendamping & Transportasi",,,,,,,,,,"https://www.google.com/maps/search/?api=1&query=Progy%20menjangan)%20National%20Park%20office&query_place_id=ChIJdeHaBWVp0S0R_wDuQ2vUJpA","Layanan Pendamping & Transportasi"
"Starling Bali Tours","5","58","RGP6+PJ","Kabupaten Buleleng","Bali","ID","https://starlingbali.com/","+62 831-4103-5239","Penyelenggara Perjalanan",,,,,,,,,,"https://www.google.com/maps/search/?api=1&query=Starling%20Bali%20Tours&query_place_id=ChIJW9SQ9k5D0S0RU82mRypYwiU","Penyelenggara Perjalanan"
"POS KTH WANA MERTHA DESA BUDENG",,,"JJ8G+FMX, Jl. Pulau Jawa","Kabupaten Jembrana","Bali","ID",,"+62 812-3911-0973","Taman Ekologi",,,,,,,,,,"https://www.google.com/maps/search/?api=1&query=POS%20KTH%20WANA%20MERTHA%20DESA%20BUDENG&query_place_id=ChIJU60bbbPZ0y0R4zBusasZby0","Taman Ekologi"
"Gran Surya Waterpark","4.1","238","Jl. Seririt- Singaraja No.96","Kabupaten Buleleng","Bali","ID",,"+62 362 93000","Taman Rekreasi Air","Tujuan Wisata",,,,,,,,,"https://www.google.com/maps/search/?api=1&query=Gran%20Surya%20Waterpark&query_place_id=ChIJm3HX39CC0S0RUis6cpIIbqQ","Taman Rekreasi Air"
"Luciole Mountain House with Jungle & Volcano Views",,,,"Kabupaten Tabanan","Bali","ID","https://www.booking.com/hotel/id/jungle-hideaway-outdoor-bath-amp-volcano-views.en-gb.html?aid=2068758&utm_source=seogooglelocal&utm_medium=description&utm_term=hotel-14413973&utm_campaign=en-gb&label=seogooglelocal-link-imagesaow-hotel-14413973_grp-1_gendate-20260426","","Penginapan","Persewaan liburan",,,,,,,,,"https://www.google.com/maps/search/?api=1&query=Luciole%20Mountain%20House%20with%20Jungle%20%26%20Volcano%20Views&query_place_id=ChIJYVe2O58o0i0RS5AFuehjgHU","Penginapan"
"Tanggo Mountain View’s",,,"H242+82","Kabupaten Tabanan","Bali","ID",,"","Taman",,,,,,,,,,"https://www.google.com/maps/search/?api=1&query=Tanggo%20Mountain%20View%E2%80%99s&query_place_id=ChIJY4QxWwAv0i0RjO4de7-_yqQ","Taman"
"mountain homestay","5","10","Jl. Penatahan - Wongayagede No.65","Kabupaten Tabanan","Bali","ID","https://innid.cyou/mountain-homestay-l7mm3q","+62 857-3853-3446","Rumah wisata",,,,,,,,,,"https://www.google.com/maps/search/?api=1&query=mountain%20homestay&query_place_id=ChIJwSx6PwAn0i0RaRtgDZyoAwI","Rumah wisata"
"Bali mountain forest cabins","4.2","5","J36Q+C2","Kabupaten Tabanan","Bali","ID","https://www.booking.com/Share-FDs2ff","+62 857-9246-7707","Kabin perkemahan",,,,,,,,,,"https://www.google.com/maps/search/?api=1&query=Bali%20mountain%20forest%20cabins&query_place_id=ChIJ84vuN4Qp0i0RwyM0RQYW9wc","Kabin perkemahan"
"Sekumpul waterfall","4.3","2264","Jl. Air Terjun","Kabupaten Buleleng","Bali","ID",,"","Tujuan Wisata",,,,,,,,,,"https://www.google.com/maps/search/?api=1&query=Sekumpul%20waterfall&query_place_id=ChIJNyp2FiCP0S0RNamdBru46Bg","Tujuan Wisata"
"Air Terjun Sing Sing Angin","4.5","370",,"Kabupaten Tabanan","Bali","ID",,"","Tujuan Wisata",,,,,,,,,,"https://www.google.com/maps/search/?api=1&query=Air%20Terjun%20Sing%20Sing%20Angin&query_place_id=ChIJG-5JswQv0i0RuIuePaYZe4M","Tujuan Wisata"
"Air Terjun Candikuning","4.8","115",,"Kabupaten Buleleng","Bali","ID",,"+62 812-3960-3006","Tujuan Wisata",,,,,,,,,,"https://www.google.com/maps/search/?api=1&query=Air%20Terjun%20Candikuning&query_place_id=ChIJC4_9VjCO0S0RWBZzyqUZeIw","Tujuan Wisata"
"Santhipala Spring Waterfall","4.1","69","P27F+HHH","Kabupaten Buleleng","Bali","ID",,"","Tujuan Wisata",,,,,,,,,,"https://www.google.com/maps/search/?api=1&query=Santhipala%20Spring%20Waterfall&query_place_id=ChIJJ1ZgwemG0S0REZ7tG82pRo4","Tujuan Wisata"
"Langkeng Waterfall","4.5","19","R223+3RC, Unnamed Road","Kabupaten Buleleng","Bali","ID",,"","Tujuan Wisata",,,,,,,,,,"https://www.google.com/maps/search/?api=1&query=Langkeng%20Waterfall&query_place_id=ChIJv1ZV-qGE0S0RB8OlbPwFX-E","Tujuan Wisata"
"Bali Waterfall Trekking","5","10","Panji Ecotourism Village Banjar Mandul","Kabupaten Buleleng","Bali","ID",,"","Area Mendaki","Layanan Transportasi",,,,,,,,,"https://www.google.com/maps/search/?api=1&query=Bali%20Waterfall%20Trekking&query_place_id=ChIJv8W79_uR0S0R25dBpv11VO0","Area Mendaki"
"Dedari Waterfall sambangan","4.6","16","Q4W4+3MX","Kabupaten Buleleng","Bali","ID",,"","Tujuan Wisata",,,,,,,,,,"https://www.google.com/maps/search/?api=1&query=Dedari%20Waterfall%20sambangan&query_place_id=ChIJq5U4uJqP0S0RxgK782A_Q2A","Tujuan Wisata"
"Gitgit dukuh waterfall","4.4","32",,"Kabupaten Buleleng","Bali","ID",,"+62 813-3785-6404","Tujuan Wisata","Pondok",,,,,,,,,"https://www.google.com/maps/search/?api=1&query=Gitgit%20dukuh%20waterfall&query_place_id=ChIJEVXphVKP0S0RRj15SlSnBKc","Tujuan Wisata"
"To bembengan waterfall","5","2","Q5MC+CM8 Mandha Scene Camping Ground","Kabupaten Buleleng","Bali","ID",,"","Tujuan Wisata",,,,,,,,,,"https://www.google.com/maps/search/?api=1&query=To%20bembengan%20waterfall&query_place_id=ChIJGVlw8HWP0S0R-M73Z45zJxw","Tujuan Wisata"
"Bukit Lemba","5","1",,"Kabupaten Klungkung","Bali","ID",,"","Puncak Gunung",,,,,,,,,,"https://www.google.com/maps/search/?api=1&query=Bukit%20Lemba&query_place_id=ChIJeaHhW9tx0i0RQ6Co23ANJAc","Puncak Gunung"
"Munduk Buluh","4.2","6",,"Kabupaten Klungkung","Bali","ID",,"","Puncak Gunung",,,,,,,,,,"https://www.google.com/maps/search/?api=1&query=Munduk%20Buluh&query_place_id=ChIJGxAbQ4UR0i0RHCbBnCMrvUY","Puncak Gunung"
"Bukit Pangkung","5","1",,"Kabupaten Klungkung","Bali","ID",,"","Puncak Gunung",,,,,,,,,,"https://www.google.com/maps/search/?api=1&query=Bukit%20Pangkung&query_place_id=ChIJbUJvg5xt0i0RcEm8IGpXxfY","Puncak Gunung"
"Bukit Panda",,,,"Kabupaten Klungkung","Bali","ID",,"","Puncak Gunung",,,,,,,,,,"https://www.google.com/maps/search/?api=1&query=Bukit%20Panda&query_place_id=ChIJX_Lvndd20i0RgKvsDVJexQM","Puncak Gunung"
"Bukit Pendem","5","2",,"Kabupaten Klungkung","Bali","ID",,"","Puncak Gunung",,,,,,,,,,"https://www.google.com/maps/search/?api=1&query=Bukit%20Pendem&query_place_id=ChIJ5yQWcDJy0i0RsTzyDOtqAvA","Puncak Gunung"
"Bukit Mendaksari",,,,"Kabupaten Klungkung","Bali","ID",,"","Puncak Gunung",,,,,,,,,,"https://www.google.com/maps/search/?api=1&query=Bukit%20Mendaksari&query_place_id=ChIJHTOznqNx0i0R-ausu8CgBFo","Puncak Gunung"
"The mountain cottage","4.5","38","7FRX+79Q","Kabupaten Klungkung","Bali","ID","https://travellingpedro.com/the-mountain-cottage-klungkung-regency-indonesia","","Hotel",,,,,,,,,,"https://www.google.com/maps/search/?api=1&query=The%20mountain%20cottage&query_place_id=ChIJx5sOSGJx0i0RlPsxUReraT8","Hotel"
"Bukit Dehan",,,,"Kabupaten Klungkung","Bali","ID",,"","Puncak Gunung",,,,,,,,,,"https://www.google.com/maps/search/?api=1&query=Bukit%20Dehan&query_place_id=ChIJqW29X_9w0i0RSZi2P6EVrq8","Puncak Gunung"
"Bukit Gede",,,,"Kabupaten Klungkung","Bali","ID",,"","Puncak Gunung",,,,,,,,,,"https://www.google.com/maps/search/?api=1&query=Bukit%20Gede&query_place_id=ChIJvUItC0h30i0RtVG8obCoKdo","Puncak Gunung"
"Bukit Maung",,,,"Kabupaten Klungkung","Bali","ID",,"","Puncak Gunung",,,,,,,,,,"https://www.google.com/maps/search/?api=1&query=Bukit%20Maung&query_place_id=ChIJsxzurMRw0i0RLoHgNelv0IA","Puncak Gunung"
"Bukit Melangit",,,,"Kabupaten Klungkung","Bali","ID",,"","Puncak Gunung",,,,,,,,,,"https://www.google.com/maps/search/?api=1&query=Bukit%20Melangit&query_place_id=ChIJz16DjjR30i0RpSeLhCfWHCk","Puncak Gunung"
"Bukit Emas",,,,"Kabupaten Klungkung","Bali","ID",,"","Puncak Gunung",,,,,,,,,,"https://www.google.com/maps/search/?api=1&query=Bukit%20Emas&query_place_id=ChIJQcLt1xRx0i0R2yh8QdTYNpA","Puncak Gunung"
