"title","totalScore","reviewsCount","street","city","state","countryCode","website","phone","categories/0","categories/1","categories/2","categories/3","categories/4","categories/5","categories/6","categories/7","categories/8","categories/9","url","categoryName"
"Amarta Beach Retreat by Nakula","4.5","486","Banjar Pasut","Kabupaten Tabanan","Bali","ID","http://www.amartaretreat.com/","+62 811-3855-855","Hotel",,,,,,,,,,"https://www.google.com/maps/search/?api=1&query=Amarta%20Beach%20Retreat%20by%20Nakula&query_place_id=ChIJO8DBBRgx0i0RhuhkbL4OOTQ","Hotel"
"Villa Ketapang","4.8","41","Banjar Klecung Kelod, Tegalmengkeb, Selemadeg","Kabupaten Tabanan","Bali","ID",,"+62 859-7177-1977","Hotel Resor","Spa",,,,,,,,,"https://www.google.com/maps/search/?api=1&query=Villa%20Ketapang&query_place_id=ChIJBZyXYHIx0i0R9l6tMZh6lPU","Hotel Resor"
"Pantai Pasut","4.5","1107","Jalan Raya Pasut","Kabupaten Tabanan","Bali","ID","http://www.tabanankab.go.id/","","Pantai",,,,,,,,,,"https://www.google.com/maps/search/?api=1&query=Pantai%20Pasut&query_place_id=ChIJmwQt5CIx0i0Rw4rwskRHZLg","Pantai"
"Nyuh Lengkong Living & Dining","5","53","C2QP+9M9","Kabupaten Tabanan","Bali","ID",,"+62 821-3441-665","Hotel Resor","Restoran",,,,,,,,,"https://www.google.com/maps/search/?api=1&query=Nyuh%20Lengkong%20Living%20%26%20Dining&query_place_id=ChIJ-_2LLAAx0i0RPsUwoaTtX8g","Hotel Resor"
"Kive's Resort",,,"C2VQ+2RM","Kabupaten Tabanan","Bali","ID",,"","Hotel",,,,,,,,,,"https://www.google.com/maps/search/?api=1&query=Kive's%20Resort&query_place_id=ChIJjVHOJs4x0i0Rblps7ZcPWjU","Hotel"
"Lumbini Luxury Villas and Spa","4.4","889","Jl. Raya Uluwatu No.38","Kabupaten Badung","Bali","ID","https://lumbinivillas.reserveonline.id/book/608","+62 361 704338","Vila","Spa",,,,,,,,,"https://www.google.com/maps/search/?api=1&query=Lumbini%20Luxury%20Villas%20and%20Spa&query_place_id=ChIJUaWr4olE0i0RZ_VJNwZKKJY","Vila"
"Nau villa ubud","4.7","736",,"Kabupaten Gianyar","Bali","ID","http://nauvillaubud.com/","+62 361 9080274","Vila","Hotel","Hotel Resor",,,,,,,,"https://www.google.com/maps/search/?api=1&query=Nau%20villa%20ubud&query_place_id=ChIJT9FX4LEY0i0R95FN0bETsrg","Vila"
"Ayona Villa Canggu by iNi Vie Hospitality","4.8","579","Gg. Anggrek VI No.8A","Kabupaten Badung","Bali","ID","http://inivie.com/ayonavillacanggu/?utm_source=google&utm_medium=organic&utm_campaign=google_business_profile","+62 823-2289-3908","Vila",,,,,,,,,,"https://www.google.com/maps/search/?api=1&query=Ayona%20Villa%20Canggu%20by%20iNi%20Vie%20Hospitality&query_place_id=ChIJaY83pM1H0i0RjwNBCocIQ1c","Vila"
"The Mavila Sanur","4.8","309","Sanur Kaja, Jl. Tirta Nadi No. 20 Sanur","Kota Denpasar","Bali","ID","http://themavilasanur.com/","+62 812-4692-6958","Vila",,,,,,,,,,"https://www.google.com/maps/search/?api=1&query=The%20Mavila%20Sanur&query_place_id=ChIJp-Av-dVB0i0R4Wlbps89oMw","Vila"
"Bidadari Private Villas & Retreat","4.7","380","Jl. Raya Kelabang Moding","Kabupaten Gianyar","Bali","ID","http://www.bidadarivillasubudbali.com/","+62 361 9000401","Hotel Resor",,,,,,,,,,"https://www.google.com/maps/search/?api=1&query=Bidadari%20Private%20Villas%20%26%20Retreat&query_place_id=ChIJy6pXSLki0i0R8JtrBFpjSLE","Hotel Resor"
"Aria Exclusive Villas and Spa","4.6","359","Jl. Cendrawasih","Kabupaten Badung","Bali","ID","http://www.ariaexclusivevillas.com/","+62 361 4732588","Hotel Resor","Pondok",,,,,,,,,"https://www.google.com/maps/search/?api=1&query=Aria%20Exclusive%20Villas%20and%20Spa&query_place_id=ChIJ9VkG5QxH0i0Rbw-ZWVqhom8","Hotel Resor"
"Aeera Villa Canggu by iNi Vie Hospitality","4.7","462","Gg. Semar No.8","Kabupaten Badung","Bali","ID","http://inivie.com/aeeravilla/?utm_source=google&utm_medium=organic&utm_campaign=google_business_profile","+62 811-3960-7338","Vila",,,,,,,,,,"https://www.google.com/maps/search/?api=1&query=Aeera%20Villa%20Canggu%20by%20iNi%20Vie%20Hospitality&query_place_id=ChIJmSrO5Rc50i0RqHumj3Z9q9o","Vila"
"Berry Amour Romantic Villas","4.7","656","Seminyak, Jl. Batu Belig","Kabupaten Badung","Bali","ID","http://www.berryamourvillas.com/","+62 361 4737405","Vila",,,,,,,,,,"https://www.google.com/maps/search/?api=1&query=Berry%20Amour%20Romantic%20Villas&query_place_id=ChIJKW_DnGtH0i0REym0jMVfGFM","Vila"
"Balicosy Villa","4.5","299","Jl. Pandawa No.3","Kabupaten Badung","Bali","ID","https://balicosy.com/","+62 813-3338-2301","Vila",,,,,,,,,,"https://www.google.com/maps/search/?api=1&query=Balicosy%20Villa&query_place_id=ChIJH8wmC-BG0i0R3qBByRYDQRw","Vila"
"The Wolas Villa and Spa","4.5","443","Jl. Yudistira No.18","Kabupaten Badung","Bali","ID","http://www.thewolasvillas.com/","","Vila",,,,,,,,,,"https://www.google.com/maps/search/?api=1&query=The%20Wolas%20Villa%20and%20Spa&query_place_id=ChIJ7cTl-SJH0i0RWa_UXjp0RIA","Vila"
"Impiana Private Villas Seminyak","4.7","627","Jl. Kunti I No.118X","Kabupaten Badung","Bali","ID","https://www.impianaseminyak.com/","+62 361 730840","Vila","Hotel","Restoran","Spa",,,,,,,"https://www.google.com/maps/search/?api=1&query=Impiana%20Private%20Villas%20Seminyak&query_place_id=ChIJvXA6XyFH0i0RDaof_bE-QAs","Vila"
"Villa Finder","4.9","581","Jl. Dewi Sri No.14","Kabupaten Badung","Bali","ID","https://www.villa-finder.com/","+65 3105 1190","Biro Perjalanan dan Wisata","Agen Persewaan Rumah Peristirahatan",,,,,,,,,"https://www.google.com/maps/search/?api=1&query=Villa%20Finder&query_place_id=ChIJR_o-Pd1G0i0RGFQ2fueUvmM","Biro Perjalanan dan Wisata"
"Villa Vilah","4.9","57","8G7R+4MW, Jl. Sentalkangin","Kabupaten Klungkung","Bali","ID","http://kesumaexperience.com/","+62 812-3798-0989","Hotel",,,,,,,,,,"https://www.google.com/maps/search/?api=1&query=Villa%20Vilah&query_place_id=ChIJRVHO_tFz0i0R0KiGFUIT8A8","Hotel"
"Papillon Umalas Villas","4.2","156","Jl. Raya Bumbak 100 Anyar Kelod, Jl. Umalas","Kabupaten Badung","Bali","ID",,"+62 815-5852-5650","Vila","Penginapan Dalam Ruangan",,,,,,,,,"https://www.google.com/maps/search/?api=1&query=Papillon%20Umalas%20Villas&query_place_id=ChIJU-KX1nxH0i0Rwy9tageW0Tg","Vila"
"Villa Paradise Beach",,,,"Kabupaten Tabanan","Bali","ID","https://www.decolar.com/hoteis/h-924933","","Vila","Persewaan liburan",,,,,,,,,"https://www.google.com/maps/search/?api=1&query=Villa%20Paradise%20Beach&query_place_id=ChIJVdr59Rcx0i0RctBHXl6BgZE","Vila"
"Villa Lux Tibubiu",,,,"Kabupaten Tabanan","Bali","ID","https://luxvilla.lodgify.com/listing/en/346900","","Vila","Persewaan liburan",,,,,,,,,"https://www.google.com/maps/search/?api=1&query=Villa%20Lux%20Tibubiu&query_place_id=ChIJJ4eilyIx0i0RarASjGw6gmo","Vila"
"Black Beach Villa by X2 Lifestyle","4.8","49",,"Kabupaten Tabanan","Bali","ID","https://x2lifestyle.com/","+62 878-8989-8000","Vila",,,,,,,,,,"https://www.google.com/maps/search/?api=1&query=Black%20Beach%20Villa%20by%20X2%20Lifestyle&query_place_id=ChIJhyrh-xcx0i0Rcm2NeFRxTkU","Vila"
"Bali Beach Mansion","4.6","56","Banjar Pasut","Kabupaten Tabanan","Bali","ID",,"+62 858-8580-8508","Vila",,,,,,,,,,"https://www.google.com/maps/search/?api=1&query=Bali%20Beach%20Mansion&query_place_id=ChIJ2Qva9K8x0i0RtyPMg4Vcm78","Vila"
"Spacious Luxury Villa Bali",,,,"Kabupaten Tabanan","Bali","ID",,"","Vila","Persewaan liburan",,,,,,,,,"https://www.google.com/maps/search/?api=1&query=Spacious%20Luxury%20Villa%20Bali&query_place_id=ChIJk0zb4Bkx0i0RAvjleFfATcM","Vila"
"Black Beach Villa - Absolute Beachfront Escape - Villa - Beach Front","4.45","8",,"Kabupaten Tabanan","Bali","ID",,"","Vila","Persewaan liburan",,,,,,,,,"https://www.google.com/maps/search/?api=1&query=Black%20Beach%20Villa%20-%20Absolute%20Beachfront%20Escape%20-%20Villa%20-%20Beach%20Front&query_place_id=ChIJObwe_Bcx0i0R45G0DO9NdIg","Vila"
"Villa abian kapas beach house","4.8","4","Tim. 82162, Jalan Pantai Abian Kapas","Kabupaten Tabanan","Bali","ID","https://baligiga.com/","+62 812-2236-8566","Vila",,,,,,,,,,"https://www.google.com/maps/search/?api=1&query=Villa%20abian%20kapas%20beach%20house&query_place_id=ChIJ5zbtOwAx0i0Rmv62rDPf7GY","Vila"
"Boutique Villas Breeze","5","9","Jalan Beraban Kauh","Kabupaten Tabanan","Bali","ID","https://www.villasbreeze.com/","+34 655 91 19 21","Hotel",,,,,,,,,,"https://www.google.com/maps/search/?api=1&query=Boutique%20Villas%20Breeze&query_place_id=ChIJ5xgVgE0x0i0Ru8smBZX0K1U","Hotel"
"Beachfront Villa Nixie and the Sea","3.9","16","Br.Pasut","Kabupaten Tabanan","Bali","ID","http://nixie.tilda.ws/","+62 821-2207-7240","Vila","Rumah berlibur","Hotel","Motel",,,,,,,"https://www.google.com/maps/search/?api=1&query=Beachfront%20Villa%20Nixie%20and%20the%20Sea&query_place_id=ChIJ0RyERoYx0i0RUGjJWfFpxvQ","Vila"
"Primavera villa with 7 bedrooms",,,,"Kabupaten Tabanan","Bali","ID","https://deals.vio.com/?sig=73aca13c7f952d2641c156f3e69125e1eb497c325f122828ee5aa8797168b9a12d32303331333438363233&turl=https%3A%2F%2Fwww.vio.com%2FHotel%2FSearch%3FhotelId%3D22408414%26utm_source%3Dgha-vr%26utm_campaign%3Dstatic%26openHotelDetails%3D1","","Vila","Persewaan liburan",,,,,,,,,"https://www.google.com/maps/search/?api=1&query=Primavera%20villa%20with%207%20bedrooms&query_place_id=ChIJGWHEUREx0i0RFMEgjId2-mg","Vila"
"Villa Keong","5","7",,"Kabupaten Tabanan","Bali","ID","https://www.villa-finder.com/en/tabanan/villa-keong","","Vila","Persewaan liburan",,,,,,,,,"https://www.google.com/maps/search/?api=1&query=Villa%20Keong&query_place_id=ChIJ00evrSMx0i0RaMFPESQSSwk","Vila"
"Villa Babar - Villa - Beach Front","4.55","7",,"Kabupaten Tabanan","Bali","ID","https://br.bluepillow.com/search/63989df6c551970d3c720553/35677305?dest=bkng&cat=Villa&lat=-8.55465&lng=115.02668&language=pt","","Vila","Persewaan liburan",,,,,,,,,"https://www.google.com/maps/search/?api=1&query=Villa%20Babar%20-%20Villa%20-%20Beach%20Front&query_place_id=ChIJC3M-shMx0i0RY2OE64bd86I","Vila"
"Most Exotic Beachfront Villa Keong","4.8","22",,"Kabupaten Tabanan","Bali","ID",,"","Vila","Persewaan liburan",,,,,,,,,"https://www.google.com/maps/search/?api=1&query=Most%20Exotic%20Beachfront%20Villa%20Keong&query_place_id=ChIJgQ22rSMx0i0R7VgZ-l80d9Q","Vila"
"Villa Maya Pasut","5","2","Banjar Pasut","Kabupaten Tabanan","Bali","ID","https://villamayapasut.com/","+62 811-3855-855","Vila",,,,,,,,,,"https://www.google.com/maps/search/?api=1&query=Villa%20Maya%20Pasut&query_place_id=ChIJaYfnvVAx0i0R7X3q9xUQoYQ","Vila"
"The Cloud Bali Villa",,,,"Kabupaten Tabanan","Bali","ID","https://www.zenhotels.com/go/rooms/10125680/?partner_slug=google.affiliate.d21a&utm_medium=cpc-metasearch&utm_source=google_vr","","Vila","Persewaan liburan",,,,,,,,,"https://www.google.com/maps/search/?api=1&query=The%20Cloud%20Bali%20Villa&query_place_id=ChIJE2CeTCIx0i0RJ73yAiidOYA","Vila"
"Beraban Beach House - Five Bedroom Villa with Private Pool - Beach Front","4.85","7",,"Kabupaten Tabanan","Bali","ID","https://br.bluepillow.com/search/5b2db4237c00cb1cd4690a08?dest=bkng&cat=Villa&lat=-8.55349&lng=115.02306&language=pt","","Vila","Persewaan liburan",,,,,,,,,"https://www.google.com/maps/search/?api=1&query=Beraban%20Beach%20House%20-%20Five%20Bedroom%20Villa%20with%20Private%20Pool%20-%20Beach%20Front&query_place_id=ChIJ9WZYyhIx0i0RPCosyWmChvk","Vila"
"Villa Leona by Nakula","5","1",,"Kabupaten Tabanan","Bali","ID",,"","Vila","Persewaan liburan",,,,,,,,,"https://www.google.com/maps/search/?api=1&query=Villa%20Leona%20by%20Nakula&query_place_id=ChIJc18IX3Ix0i0RSpi96C2Y7as","Vila"
"Beraban Beach House","4.2","45",,"Kabupaten Tabanan","Bali","ID",,"","Vila",,,,,,,,,,"https://www.google.com/maps/search/?api=1&query=Beraban%20Beach%20House&query_place_id=ChIJ8eOFKAAx0i0RkLj055XPpxU","Vila"
"Original Villa Pryaniki",,,,"Kabupaten Tabanan","Bali","ID",,"","Vila","Persewaan liburan",,,,,,,,,"https://www.google.com/maps/search/?api=1&query=Original%20Villa%20Pryaniki&query_place_id=ChIJF7HrTyIx0i0R6VCT-dXkZJQ","Vila"
"The Cloud Beachfront Villa Tabanan - Three-Bedroom Villa","5","4",,"Kabupaten Tabanan","Bali","ID","https://br.bluepillow.com/search/62df125bba454484938a5b8a?dest=bkng&cat=Villa&lat=-8.56339&lng=115.03867&language=pt","","Vila","Persewaan liburan",,,,,,,,,"https://www.google.com/maps/search/?api=1&query=The%20Cloud%20Beachfront%20Villa%20Tabanan%20-%20Three-Bedroom%20Villa&query_place_id=ChIJEVEvTCIx0i0RAQy-QnxALw0","Vila"
"Most Exotic Villa Keong Tabanan - Deluxe Villa","5","15",,"Kabupaten Tabanan","Bali","ID",,"","Vila","Persewaan liburan",,,,,,,,,"https://www.google.com/maps/search/?api=1&query=Most%20Exotic%20Villa%20Keong%20Tabanan%20-%20Deluxe%20Villa&query_place_id=ChIJN3C6rSMx0i0Rew4B0_OIsZk","Vila"
"Villa Swarna Pasut Beach","4.3","3","C2QP+823","Kabupaten Tabanan","Bali","ID",,"","Vila",,,,,,,,,,"https://www.google.com/maps/search/?api=1&query=Villa%20Swarna%20Pasut%20Beach&query_place_id=ChIJG36vXVgx0i0R1vtberAGuro","Vila"
"Most Exotic Villa Keong Tabanan - Villa with Private Pool","5","7",,"Kabupaten Tabanan","Bali","ID","https://br.bluepillow.com/search/61ef0af3113b0ba9fb94a200/707297306?dest=bkng&cat=Villa&lat=-8.56392&lng=115.03831&language=pt","","Vila","Persewaan liburan",,,,,,,,,"https://www.google.com/maps/search/?api=1&query=Most%20Exotic%20Villa%20Keong%20Tabanan%20-%20Villa%20with%20Private%20Pool&query_place_id=ChIJN3C6rSMx0i0RW_EMqsBJhzg","Vila"
"WIWILA Rumah Pribadi","5","8","Jl. Bimasena No.1","Kabupaten Tabanan","Bali","ID",,"+62 818-0532-4914","Vila",,,,,,,,,,"https://www.google.com/maps/search/?api=1&query=WIWILA%20Rumah%20Pribadi&query_place_id=ChIJ2R6lAr8x0i0Rbt44tmZ2axM","Vila"
"Villa Tin Jalib Alhazi - Villa",,,,"Kabupaten Tabanan","Bali","ID","https://www.freecancellations.com/search/F2cjQQEGHHsHV1BVXlkEEggLD09oFwEU?lat=-8.5577&lng=115.03881&language=de","","Vila","Persewaan liburan",,,,,,,,,"https://www.google.com/maps/search/?api=1&query=Villa%20Tin%20Jalib%20Alhazi%20-%20Villa&query_place_id=ChIJ99hSERkx0i0R7DT_zTX_oGI","Vila"
"Most Exotic Villa Keong Tabanan - Three-Bedroom Villa","5","14",,"Kabupaten Tabanan","Bali","ID",,"","Vila","Persewaan liburan",,,,,,,,,"https://www.google.com/maps/search/?api=1&query=Most%20Exotic%20Villa%20Keong%20Tabanan%20-%20Three-Bedroom%20Villa&query_place_id=ChIJN3C6rSMx0i0Rsg81y6uXhyM","Vila"
"Villa Parisol",,,"C2XG+4CH","Kabupaten Tabanan","Bali","ID",,"","Vila",,,,,,,,,,"https://www.google.com/maps/search/?api=1&query=Villa%20Parisol&query_place_id=ChIJpYqwIFcx0i0RQ-1NhxWewCI","Vila"
"Villa Babar - Six-Bedroom Villa with Private Pool","4.55","7",,"Kabupaten Tabanan","Bali","ID","https://br.bluepillow.com/search/63989df6c551970d3c720553?dest=bkng&cat=Villa&lat=-8.55465&lng=115.02668&language=pt","","Vila","Persewaan liburan",,,,,,,,,"https://www.google.com/maps/search/?api=1&query=Villa%20Babar%20-%20Six-Bedroom%20Villa%20with%20Private%20Pool&query_place_id=ChIJCy1RthMx0i0RtVGVhqpBu5U","Vila"
"Indah Pancing",,,"C2PP+JP3, Jalan Raya Pasut","Kabupaten Tabanan","Bali","ID",,"+62 878-6253-3507","Pusat Perbelanjaan",,,,,,,,,,"https://www.google.com/maps/search/?api=1&query=Indah%20Pancing&query_place_id=ChIJH4-nHAAx0i0RHlVQh3rRPq8","Pusat Perbelanjaan"
"Surf & Party - Hostel Somewhere Else","4.9","305","Jalan di tempat lain No.6","Kabupaten Badung","Bali","ID","http://www.elsewheresurfcamps.com/","+62 821-4409-2589","Hostel",,,,,,,,,,"https://www.google.com/maps/search/?api=1&query=Surf%20%26%20Party%20-%20Hostel%20Somewhere%20Else&query_place_id=ChIJtQS0RHk40i0Rg_BDXNPar48","Hostel"
"The Lazy Lama Hostel Uluwatu","4.9","150","Gg. Sari Artha No.12","Kabupaten Badung","Bali","ID",,"+62 813-5914-690","Hostel",,,,,,,,,,"https://www.google.com/maps/search/?api=1&query=The%20Lazy%20Lama%20Hostel%20Uluwatu&query_place_id=ChIJSVOIWwBF0i0RU13IEm9UWa4","Hostel"
"Best Canggu Hostel","4.8","585","Jl. Kayu Tulang Perum Puri Sambandha No.A12","Kabupaten Badung","Bali","ID","http://bestcangguhostel.com/","+62 877-3552-0032","Hostel",,,,,,,,,,"https://www.google.com/maps/search/?api=1&query=Best%20Canggu%20Hostel&query_place_id=ChIJq6oeku040i0Rxw-ueoe2LT4","Hostel"
"Lushy Hostel - Canggu","4.4","404","Jl. Munduk Tengah Br. Pengembungan No.11B","Kabupaten Badung","Bali","ID","https://lushyhostels.com/","+62 821-4572-1085","Hostel",,,,,,,,,,"https://www.google.com/maps/search/?api=1&query=Lushy%20Hostel%20-%20Canggu&query_place_id=ChIJ1XuENnA40i0RmGPRXGMS1Ks","Hostel"
"Nyaman Hostel","4.7","446","Jl. Canggu Padang Linjong No.69","Kabupaten Badung","Bali","ID",,"+62 813-3857-0869","Hostel",,,,,,,,,,"https://www.google.com/maps/search/?api=1&query=Nyaman%20Hostel&query_place_id=ChIJo7SZ4XE50i0RqbtQpDQ8eTw","Hostel"
"Lay Day Surf Hostel","4.8","1114","Jl. Pantai Batu Mejan Jl. Canggu Padang Linjong No.14B","Kabupaten Badung","Bali","ID","https://www.staylayday.com/home","+62 812-3874-3411","Hostel",,,,,,,,,,"https://www.google.com/maps/search/?api=1&query=Lay%20Day%20Surf%20Hostel&query_place_id=ChIJj-DiXmI40i0RiImmw9yjHjU","Hostel"
"Vasudha Hostel Canggu Bali","4.8","111","Jl. Kayu Tulang Gg. Ebony","Kabupaten Badung","Bali","ID","https://vasudhahostelcanggubali.com/","+62 881-0375-04834","Hostel",,,,,,,,,,"https://www.google.com/maps/search/?api=1&query=Vasudha%20Hostel%20Canggu%20Bali&query_place_id=ChIJDWLIJAw50i0RdH8JziLZ9P0","Hostel"
"The Hostel Canggu","4.6","170","Gg. Tunjung No.46E","Kabupaten Badung","Bali","ID",,"+62 821-7784-9331","Hostel",,,,,,,,,,"https://www.google.com/maps/search/?api=1&query=The%20Hostel%20Canggu&query_place_id=ChIJJTBAndA50i0ROSi7r9yODc4","Hostel"
"The Farm Hostel","4.4","439","Jl. Pantai Batu Bolong No.29","Kabupaten Badung","Bali","ID","http://thefarmhostel.com/","+62 813-5391-4948","Hostel",,,,,,,,,,"https://www.google.com/maps/search/?api=1&query=The%20Farm%20Hostel&query_place_id=ChIJLZnScn040i0Re1qcio46z8A","Hostel"
"Interconnection Kuta Hostel","4.5","448","Jl. Kartika Plaza No.17X","Kabupaten Badung","Bali","ID","https://www.interconnectionbalikuta.com/","+62 811-3958-222","Hostel",,,,,,,,,,"https://www.google.com/maps/search/?api=1&query=Interconnection%20Kuta%20Hostel&query_place_id=ChIJrWXJ9pNF0i0RGm2Yg9s7KKk","Hostel"
"Kosone Hostel","4.8","331","Jl. Pantai Batu Bolong Gg. Canggu No.78","Kabupaten Badung","Bali","ID","https://www.kosonehostel.com/","+62 361 9069622","Hostel",,,,,,,,,,"https://www.google.com/maps/search/?api=1&query=Kosone%20Hostel&query_place_id=ChIJVVVOVHg40i0RWk-hxkpnsn8","Hostel"
"The Tipsy Gypsy Hostel","4.7","205","Jl. Nelayan No.9B","Kabupaten Badung","Bali","ID","http://www.thetipsygypsyhostel.com/","+62 813-3903-8903","Hostel",,,,,,,,,,"https://www.google.com/maps/search/?api=1&query=The%20Tipsy%20Gypsy%20Hostel&query_place_id=ChIJo4Z5zHg40i0Rymt53_Xb8zM","Hostel"
"Roomates Beach Hostel Canggu by Ini Vie Hospitality","4.7","703","Jl. Pantai Batu Bolong Gg. Bonton No.8A","Kabupaten Badung","Bali","ID","http://inivie.com/roomatescanggu/?utm_source=google&utm_medium=organic&utm_campaign=google_business_profile","+62 812-3513-7889","Hostel","Hotel",,,,,,,,,"https://www.google.com/maps/search/?api=1&query=Roomates%20Beach%20Hostel%20Canggu%20by%20Ini%20Vie%20Hospitality&query_place_id=ChIJbyscyDw50i0R6RfMu1TavZE","Hostel"
"The Hide Hostel @ Canggu","4","264","Gg. Bima Jl. Pantai Batu Mejan No.9","Kabupaten Badung","Bali","ID","https://www.instagram.com/thehidehostel?igsh=NHExaHNwZWtvMmM3","+62 812-3481-1920","Hostel",,,,,,,,,,"https://www.google.com/maps/search/?api=1&query=The%20Hide%20Hostel%20%40%20Canggu&query_place_id=ChIJH3L1Z2M40i0R47bsbVOb6sc","Hostel"
"MADEWITH hostel","5","40","Yeh Sumbul, Mendoyo","Kabupaten Jembrana","Bali","ID","https://www.booking.com/Share-YgAurY","+62 813-2580-0404","Hostel",,,,,,,,,,"https://www.google.com/maps/search/?api=1&query=MADEWITH%20hostel&query_place_id=ChIJk1WIX5XX0y0RXFWhhnlBRiM","Hostel"
"Pondok Taman Sari","5","21","F249+QG7","Kabupaten Tabanan","Bali","ID",,"+62 812-3984-330","Hostel",,,,,,,,,,"https://www.google.com/maps/search/?api=1&query=Pondok%20Taman%20Sari&query_place_id=ChIJX0qcyn0x0i0RLCuj2W2a_ig","Hostel"
"Rumah nya nya",,,"F24H+JF8, Jl. Nyoman Kobot","Kabupaten Tabanan","Bali","ID",,"","Hostel",,,,,,,,,,"https://www.google.com/maps/search/?api=1&query=Rumah%20nya%20nya&query_place_id=ChIJ0wMvfQAx0i0RcrsS_RlOlsk","Hostel"
"Pasar Seni Kuta","4.1","2112","Jl. Kartika Plaza No.18","Kabupaten Badung","Bali","ID","https://www.facebook.com/khoirurrahman45/","+62 819-9949-8239","Pasar tradisional",,,,,,,,,,"https://www.google.com/maps/search/?api=1&query=Pasar%20Seni%20Kuta&query_place_id=ChIJHzh4J6VG0i0R2zM8nmnVGG8","Pasar tradisional"
"Pasar Seni Sukawati (Sukawati Art Market)","4.4","11731","Jl. Raya Sukawati","Kabupaten Gianyar","Bali","ID",,"","Pasar","Tujuan Wisata",,,,,,,,,"https://www.google.com/maps/search/?api=1&query=Pasar%20Seni%20Sukawati%20(Sukawati%20Art%20Market)&query_place_id=ChIJDUFsYSg-0i0RPD5Un_6vDpY","Pasar"
"Pasar Seni Ubud","4","3289","F7R7+W9X, Jl. Raya Ubud No.35","Kabupaten Gianyar","Bali","ID",,"","Pasar",,,,,,,,,,"https://www.google.com/maps/search/?api=1&query=Pasar%20Seni%20Ubud&query_place_id=ChIJoQpF2-I90i0R7Q2a3ncHnUA","Pasar"
"PASAR SENI LEGIAN/LEGIAN ART MARKET","4.3","61","Jl. Melasti No.29B Blok B","Kabupaten Badung","Bali","ID",,"","Pasar",,,,,,,,,,"https://www.google.com/maps/search/?api=1&query=PASAR%20SENI%20LEGIAN%2FLEGIAN%20ART%20MARKET&query_place_id=ChIJd0wlkrZH0i0Ru7HPY1oS5JQ","Pasar"
"Kencana Art Market","4.6","124","Jl. Raya Legian No.357","Kabupaten Badung","Bali","ID",,"","Toko Suvenir","Toko Album Tempel",,,,,,,,,"https://www.google.com/maps/search/?api=1&query=Kencana%20Art%20Market&query_place_id=ChIJjyjDwcZG0i0RB31F0nU4KFU","Toko Suvenir"
"Wake Bali Art Market","4","159","Jl. Kartika Plaza No.9","Kabupaten Badung","Bali","ID",,"+62 361 752750","Toko Suvenir","Toko",,,,,,,,,"https://www.google.com/maps/search/?api=1&query=Wake%20Bali%20Art%20Market&query_place_id=ChIJmY-5nqNG0i0RJW9GqBYxtUM","Toko Suvenir"
"Arjuna Art Market","4.6","18","F7V6+2JR, Jl. Arjuna","Kabupaten Gianyar","Bali","ID",,"","Toko Suvenir",,,,,,,,,,"https://www.google.com/maps/search/?api=1&query=Arjuna%20Art%20Market&query_place_id=ChIJXct18Vw90i0RdrHERXKKPgI","Toko Suvenir"
"PRIANKA UBUD ART MARKET","3.7","50","F7V6+FJQ, Jl. Kajeng","Kabupaten Gianyar","Bali","ID",,"","Pasar",,,,,,,,,,"https://www.google.com/maps/search/?api=1&query=PRIANKA%20UBUD%20ART%20MARKET&query_place_id=ChIJlQNzX9090i0RIjTKzxpUssk","Pasar"
"Ubud Art Market","5","1","Jl. Goutama No.1","Kabupaten Gianyar","Bali","ID",,"","Pasar",,,,,,,,,,"https://www.google.com/maps/search/?api=1&query=Ubud%20Art%20Market&query_place_id=ChIJz6VGcwA90i0RciHBbu6Qp20","Pasar"
"HB Art Market Camden Uluwatu","2.9","48","Jl. Labuansait","Kabupaten Badung","Bali","ID",,"","Pasar",,,,,,,,,,"https://www.google.com/maps/search/?api=1&query=HB%20Art%20Market%20Camden%20Uluwatu&query_place_id=ChIJl52DMgBF0i0R8tV7SLHn8GM","Pasar"
"Drupadi art Market","4.6","51","Jl. Drupadi No.3","Kabupaten Badung","Bali","ID",,"","Pusat Perbelanjaan",,,,,,,,,,"https://www.google.com/maps/search/?api=1&query=Drupadi%20art%20Market&query_place_id=ChIJ5eX6AABH0i0RnnAWBpAZye8","Pusat Perbelanjaan"
"Adi Mart Art Market","4.8","34","56VG+M2J, Jl. Pantai Mengiat","Kabupaten Badung","Bali","ID",,"","Toko Suvenir",,,,,,,,,,"https://www.google.com/maps/search/?api=1&query=Adi%20Mart%20Art%20Market&query_place_id=ChIJX-r7BC5D0i0RgpODME1EaCU","Toko Suvenir"
"Bali Niki Art Market Canggu","3.7","75",,"Kabupaten Badung","Bali","ID",,"","Pusat Perbelanjaan",,,,,,,,,,"https://www.google.com/maps/search/?api=1&query=Bali%20Niki%20Art%20Market%20Canggu&query_place_id=ChIJWeeTjB450i0RC4I2cM-mAPg","Pusat Perbelanjaan"
"PADANG-PADANG ART MARKET","4.7","41","Jl. Labuansait No.72","Kabupaten Badung","Bali","ID",,"+62 822-3040-6091","Toko Suvenir",,,,,,,,,,"https://www.google.com/maps/search/?api=1&query=PADANG-PADANG%20ART%20MARKET&query_place_id=ChIJJTZc9uBF0i0R5Z6_WWlhoIs","Toko Suvenir"
"HB ART MARKET CANGGU","3.5","43","Jl. Munduk Catu","Kabupaten Badung","Bali","ID",,"+62 857-4822-1013","Toko Pakaian","Pusat Perbelanjaan",,,,,,,,,"https://www.google.com/maps/search/?api=1&query=HB%20ART%20MARKET%20CANGGU&query_place_id=ChIJnZL5QwA50i0RPf2sB4OiO50","Toko Pakaian"
"Tegallalang art market","5","2","H78H+9CC, Jl. Pakudui","Kabupaten Gianyar","Bali","ID",,"","Pasar",,,,,,,,,,"https://www.google.com/maps/search/?api=1&query=Tegallalang%20art%20market&query_place_id=ChIJQS227m0j0i0RY7xvArS0AUk","Pasar"
"Beraban Art Market","4.7","3","Jl. Pangkung Sari No.2","Kabupaten Badung","Bali","ID",,"+62 812-3811-5752","Taman Komunitas",,,,,,,,,,"https://www.google.com/maps/search/?api=1&query=Beraban%20Art%20Market&query_place_id=ChIJgzY7bR9H0i0RMG5jl3d7UdA","Taman Komunitas"
"BALI art MARKET","4.4","5","8593+P6H, Jl. Raya Seminyak","Kabupaten Badung","Bali","ID",,"","Toko",,,,,,,,,,"https://www.google.com/maps/search/?api=1&query=BALI%20art%20MARKET&query_place_id=ChIJ5X5dawBH0i0R-8Gf5h8c26E","Toko"
"Uluwatu Temple Bali View Point","4.6","281",,"Kabupaten Badung","Bali","ID","https://www.uluwatubali.com/","","Dek Observasi",,,,,,,,,,"https://www.google.com/maps/search/?api=1&query=Uluwatu%20Temple%20Bali%20View%20Point&query_place_id=ChIJKXYw47U90i0RiOB1e_QtI5c","Dek Observasi"
"Puspayasa Homestay","4.6","37","I Wayan Madera, Jl. Kelecung Kelod No.33","Kabupaten Tabanan","Bali","ID",,"+62 852-3255-6752","Rumah wisata",,,,,,,,,,"https://www.google.com/maps/search/?api=1&query=Puspayasa%20Homestay&query_place_id=ChIJ9wdo3J8x0i0RwKCnMR2qnRI","Rumah wisata"
"Pantai Pasut","4.8","69","C2PP+JMH Pantai Pasut, Jalan Raya Pasut","Kabupaten Tabanan","Bali","ID",,"","Tujuan Wisata",,,,,,,,,,"https://www.google.com/maps/search/?api=1&query=Pantai%20Pasut&query_place_id=ChIJOd1ADRox0i0RT13BfixKTuE","Tujuan Wisata"
"Goldcoast ATV & UTV Bali","4.9","322","Jalan Raya Pasut","Kabupaten Tabanan","Bali","ID","http://goldcoastatvbali.com/","+62 811-2222-1882","Tujuan Wisata",,,,,,,,,,"https://www.google.com/maps/search/?api=1&query=Goldcoast%20ATV%20%26%20UTV%20Bali&query_place_id=ChIJC2uhmqgx0i0RvHt7LuWk_T4","Tujuan Wisata"
"Pantai Kelecung","4.7","314","Jl. Pantai Kelating","Kabupaten Tabanan","Bali","ID",,"+62 361 811602","Tujuan Wisata",,,,,,,,,,"https://www.google.com/maps/search/?api=1&query=Pantai%20Kelecung&query_place_id=ChIJz0q2IXcx0i0R3j7d7kyErCg","Tujuan Wisata"
"Pantai Abian Kapas","4.4","187","Tim. 82162","Kabupaten Tabanan","Bali","ID",,"+62 361 811602","Tujuan Wisata",,,,,,,,,,"https://www.google.com/maps/search/?api=1&query=Pantai%20Abian%20Kapas&query_place_id=ChIJj1Du_hYx0i0RnqqJat7QFbg","Tujuan Wisata"
"Bali Beach Mansion - Villa with Sea View",,,,"Kabupaten Tabanan","Bali","ID","https://br.bluepillow.com/search/6398fb81c551970d3c75f139?dest=bkng&cat=Villa&lat=-8.5604&lng=115.03318&language=pt","","Penginapan","Persewaan liburan",,,,,,,,,"https://www.google.com/maps/search/?api=1&query=Bali%20Beach%20Mansion%20-%20Villa%20with%20Sea%20View&query_place_id=ChIJFds2wBcx0i0R9ESR0WugG_E","Penginapan"
"Abian Kapas Beach House - Villa with Sea View",,,,"Kabupaten Tabanan","Bali","ID","https://br.bluepillow.com/search/662643244338d48a8fc73581?dest=bkng&cat=Villa&lat=-8.55613&lng=115.02788&language=pt","","Penginapan","Persewaan liburan",,,,,,,,,"https://www.google.com/maps/search/?api=1&query=Abian%20Kapas%20Beach%20House%20-%20Villa%20with%20Sea%20View&query_place_id=ChIJE1U17hMx0i0Rl6RXLfqIn0I","Penginapan"
"Abian Kapas Beach House - Villa with Sea View",,,,"Kabupaten Tabanan","Bali","ID","https://www.freecancellations.com/search/F2l0RFFWHHdVXVBdCFhZFVEJDRliQF1D?lat=-8.55613&lng=115.02788&language=de","","Penginapan","Persewaan liburan",,,,,,,,,"https://www.google.com/maps/search/?api=1&query=Abian%20Kapas%20Beach%20House%20-%20Villa%20with%20Sea%20View&query_place_id=ChIJE1U17hMx0i0R-S_Sz343J4Q","Penginapan"
"gebang gading seaside","5","3","C2WH+JM","Kabupaten Tabanan","Bali","ID",,"","Kompleks Apartemen",,,,,,,,,,"https://www.google.com/maps/search/?api=1&query=gebang%20gading%20seaside&query_place_id=ChIJ4d5fTgAx0i0R59HVSFu3t40","Kompleks Apartemen"
"Sunnary resto","5","292","Jl. Kelecung kelecung Kelod No.Br","Kabupaten Tabanan","Bali","ID","http://www.sunnary-bali.com/","+62 877-8384-3201","Restoran","Bar","Tempat acara","Restoran Keluarga","Restoran Panekuk",,,,,,"https://www.google.com/maps/search/?api=1&query=Sunnary%20resto&query_place_id=ChIJQVbp9oUv0i0RBGeUooU1loU","Restoran"
"LOA Beach","4.8","18",,,"Bali","ID",,"","Pantai",,,,,,,,,,"https://www.google.com/maps/search/?api=1&query=LOA%20Beach&query_place_id=ChIJJfRhWHpt0i0RAEA9OIneCpY","Pantai"
"Nusa Penida Tour - Atuh Beach","4.6","3887",,"Kabupaten Klungkung","Bali","ID",,"+62 818-793-913","Pantai",,,,,,,,,,"https://www.google.com/maps/search/?api=1&query=Nusa%20Penida%20Tour%20-%20Atuh%20Beach&query_place_id=ChIJhYE8QJt30i0Rs8qDtRiE1iU","Pantai"
"Secret beach","4.2","942","7CVR+5XF, Jalan secret beach, nusa ceningan, Jl. Sarang Burung","Kabupaten Klungkung","Bali","ID",,"","Tujuan Wisata","Restoran Bali","Bar","Klub","Vila","Hotel","Titik Pemandangan",,,,"https://www.google.com/maps/search/?api=1&query=Secret%20beach&query_place_id=ChIJFeWaGtxt0i0RSn0OkQbEguk","Tujuan Wisata"
"Sandy Bay Beach","4.3","146","印尼倫邦岸島, Jungutbatu, Nusapenida","Kabupaten Klungkung","Bali","ID",,"","Pantai",,,,,,,,,,"https://www.google.com/maps/search/?api=1&query=Sandy%20Bay%20Beach&query_place_id=ChIJsyLnurNt0i0REe7Y28yS1wA","Pantai"
"Pandan Beach","4.7","414","Sakti Nusapenida","Kabupaten Klungkung","Bali","ID",,"","Pantai",,,,,,,,,,"https://www.google.com/maps/search/?api=1&query=Pandan%20Beach&query_place_id=ChIJ8dk4pg5u0i0R80rnQthbaP4","Pantai"
"Suwehan Beach","4.4","504",,"Kabupaten Klungkung","Bali","ID","http://lovenusapenida.com/","+62 822-3617-6345","Pantai",,,,,,,,,,"https://www.google.com/maps/search/?api=1&query=Suwehan%20Beach&query_place_id=ChIJk1eBx8950i0R9egCRvj5YiA","Pantai"
"Kutampi Beach","4.4","108","Jl. Pantai","Kabupaten Klungkung","Bali","ID","http://www.nusapenidatraveling.com/","","Pantai",,,,,,,,,,"https://www.google.com/maps/search/?api=1&query=Kutampi%20Beach&query_place_id=ChIJt4P1kZtz0i0RYIKsGK93o14","Pantai"
"Pantai Mushroom Bay","4.2","615",,,"Bali","ID",,"","Pantai",,,,,,,,,,"https://www.google.com/maps/search/?api=1&query=Pantai%20Mushroom%20Bay&query_place_id=ChIJv053665t0i0RxxoPPu7PAGo","Pantai"
"Broken Beach","4.6","7615","7F82+R4","Kabupaten Klungkung","Bali","ID",,"","Tujuan Wisata",,,,,,,,,,"https://www.google.com/maps/search/?api=1&query=Broken%20Beach&query_place_id=ChIJyy2nId9v0i0RpUc5EjA_2y8","Tujuan Wisata"
"Dream Beach","4.4","727","Lembongan island","Kabupaten Klungkung","Bali","ID",,"","Pantai",,,,,,,,,,"https://www.google.com/maps/search/?api=1&query=Dream%20Beach&query_place_id=ChIJY7_I3adt0i0R-uL1um1y0_8","Pantai"
"secret beach","4.5","99","Unnamed Road","Kabupaten Klungkung","Bali","ID",,"","Pantai",,,,,,,,,,"https://www.google.com/maps/search/?api=1&query=secret%20beach&query_place_id=ChIJ_c3AfK9t0i0RmllH6l3vWyc","Pantai"
"TOYA PAKEH BEACH","4.3","179",,,"Bali","ID",,"","Pantai",,,,,,,,,,"https://www.google.com/maps/search/?api=1&query=TOYA%20PAKEH%20BEACH&query_place_id=ChIJMbWGeGRy0i0RgwZCdRo71Ok","Pantai"
"Pengalon Beach","4","54","Unnamed Road","Kabupaten Karangasem","Bali","ID",,"","Pantai",,,,,,,,,,"https://www.google.com/maps/search/?api=1&query=Pengalon%20Beach&query_place_id=ChIJGcNOVgsO0i0R7sl5YhLvtX0","Pantai"
"Bakung Beach","3.2","5","Gang Kuda Laut","Kota Denpasar","Bali","ID",,"+62 821-4615-1288","Pantai",,,,,,,,,,"https://www.google.com/maps/search/?api=1&query=Bakung%20Beach&query_place_id=ChIJXbBUhhp00i0RyTht6lEd6Wc","Pantai"
"Tembeling Beach and Forest","4.5","1942","6FHW+PQG","Kabupaten Klungkung","Bali","ID",,"","Tujuan Wisata",,,,,,,,,,"https://www.google.com/maps/search/?api=1&query=Tembeling%20Beach%20and%20Forest&query_place_id=ChIJR1f4xHh60i0Rl0PrKWj6JFo","Tujuan Wisata"
"Tamarind Beach","4.2","32",,"Kabupaten Klungkung","Bali","ID",,"","Pantai",,,,,,,,,,"https://www.google.com/maps/search/?api=1&query=Tamarind%20Beach&query_place_id=ChIJQVfD6JR20i0RJUtAy2BwBp0","Pantai"
"DIAMOND BEACH NUSA PENIDA","4.7","9132",,"Kabupaten Klungkung","Bali","ID","https://www.instagram.com/diamond_beach.nusapenida/","+62 857-3933-2950","Tujuan Wisata",,,,,,,,,,"https://www.google.com/maps/search/?api=1&query=DIAMOND%20BEACH%20NUSA%20PENIDA&query_place_id=ChIJMa53HxZ30i0RjT02sEeHrQ0","Tujuan Wisata"
"Lumangan Beach","4.5","131",,"Kabupaten Klungkung","Bali","ID",,"","Tujuan Wisata",,,,,,,,,,"https://www.google.com/maps/search/?api=1&query=Lumangan%20Beach&query_place_id=ChIJHXdLQzlu0i0RpxOPhwHdqi8","Tujuan Wisata"
"Jungutbatu Beach","4.4","308","Gg. Nusa Indah","Kabupaten Klungkung","Bali","ID",,"","Pantai",,,,,,,,,,"https://www.google.com/maps/search/?api=1&query=Jungutbatu%20Beach&query_place_id=ChIJi753Ggtt0i0RgYsuzFwgqTQ","Pantai"
"Song Lambung Beach","4.6","230","pantai song lambung","Kabupaten Klungkung","Bali","ID",,"","Tujuan Wisata",,,,,,,,,,"https://www.google.com/maps/search/?api=1&query=Song%20Lambung%20Beach&query_place_id=ChIJkyVhI6Rt0i0R5ZC4E1m2F2M","Tujuan Wisata"
"Air Terjun Guyangan","4.3","1191","6G99+FRR","Kabupaten Klungkung","Bali","ID",,"","Tujuan Wisata",,,,,,,,,,"https://www.google.com/maps/search/?api=1&query=Air%20Terjun%20Guyangan&query_place_id=ChIJVS_QJn960i0R3Pt_ZCHo0Eo","Tujuan Wisata"
"Seganing Waterfall","4","478","6FQP+JP9","Kabupaten Klungkung","Bali","ID","http://lovenusapenida.com/","+62 822-3617-6345","Tujuan Wisata",,,,,,,,,,"https://www.google.com/maps/search/?api=1&query=Seganing%20Waterfall&query_place_id=ChIJyRJbPTBw0i0RWHRzP86eIv4","Tujuan Wisata"
"Tegenungan Waterfall","4.4","37341",,"Kabupaten Gianyar","Bali","ID",,"","Titik Pemandangan","Tujuan Wisata",,,,,,,,,"https://www.google.com/maps/search/?api=1&query=Tegenungan%20Waterfall&query_place_id=ChIJYQy97hsW0i0RXgxBuN15rsE","Titik Pemandangan"
"Gembleng Waterfall","4.7","2238","Unnamed Road","Kabupaten Karangasem","Bali","ID","https://www.gemblengwaterfall.com/photo","+62 878-6625-2512","Tujuan Wisata",,,,,,,,,,"https://www.google.com/maps/search/?api=1&query=Gembleng%20Waterfall&query_place_id=ChIJf30I3WER0i0RIXTOmfe8O-E","Tujuan Wisata"
"Aan secret waterfall","4.7","485",,"Kabupaten Klungkung","Bali","ID",,"+62 857-9282-1748","Tujuan Wisata",,,,,,,,,,"https://www.google.com/maps/search/?api=1&query=Aan%20secret%20waterfall&query_place_id=ChIJGwy2RkwR0i0REpVO8_XJUNI","Tujuan Wisata"
"Sumampan Waterfall","4.5","1420",,"Kabupaten Gianyar","Bali","ID",,"","Tujuan Wisata","Penyelenggara aktivitas luar ruangan",,,,,,,,,"https://www.google.com/maps/search/?api=1&query=Sumampan%20Waterfall&query_place_id=ChIJ93viDd0X0i0RokCC4Z_TgDo","Tujuan Wisata"
"Peguyangan waterfall inn","4.9","7","7G5W+9WM","Kabupaten Klungkung","Bali","ID",,"+62 823-4183-5473","Penginapan",,,,,,,,,,"https://www.google.com/maps/search/?api=1&query=Peguyangan%20waterfall%20inn&query_place_id=ChIJPxC-JB5x0i0RHe2_NwHT5Us","Penginapan"
"Kanto Lampo Waterfall","4.3","6942","Jl. Kanto Lampo Waterfall","Kabupaten Gianyar","Bali","ID","https://kantolampo.com/","+62 823-4180-5579","Tujuan Wisata",,,,,,,,,,"https://www.google.com/maps/search/?api=1&query=Kanto%20Lampo%20Waterfall&query_place_id=ChIJoQHcmv8X0i0RI6vXSuiyCOo","Tujuan Wisata"
"Guyangan Waterfall Nusa Penida",,,,"Kabupaten Klungkung","Bali","ID",,"","Penginapan","Persewaan liburan",,,,,,,,,"https://www.google.com/maps/search/?api=1&query=Guyangan%20Waterfall%20Nusa%20Penida&query_place_id=ChIJg1ncgH1w0i0RbtKXH_LbZZY","Penginapan"
"Tukad cepung waterfall","4.6","5087","Jl. Tembuku","Kabupaten Bangli","Bali","ID","https://linktr.ee/tukadcepungwaterfall","+62 878-6322-0041","Tujuan Wisata",,,,,,,,,,"https://www.google.com/maps/search/?api=1&query=Tukad%20cepung%20waterfall&query_place_id=ChIJQ6ocSKAb0i0RP1CIrkak0ws","Tujuan Wisata"
"Suwat Waterfall","4.6","1911","Jl. Pura Dalem No.Desa","Kabupaten Gianyar","Bali","ID","https://suwatwaterfall.com/","+62 857-3904-6295","Tujuan Wisata",,,,,,,,,,"https://www.google.com/maps/search/?api=1&query=Suwat%20Waterfall&query_place_id=ChIJgxNvhqEX0i0R-6U9ogQJ_-k","Tujuan Wisata"
"Tegehan waterfall","4.5","6","Jl. Watu Renggong No.26","Kabupaten Klungkung","Bali","ID",,"","Tujuan Wisata",,,,,,,,,,"https://www.google.com/maps/search/?api=1&query=Tegehan%20waterfall&query_place_id=ChIJFejEIVAR0i0Rr2rDIT3o2cE","Tujuan Wisata"
"Bandung Waterfall","4.3","620","Jl. Raya Siangan Jl. Mundeh","Kabupaten Gianyar","Bali","ID","https://sites.google.com/view/bandungwaterfall/home","+62 811-394-684","Tujuan Wisata",,,,,,,,,,"https://www.google.com/maps/search/?api=1&query=Bandung%20Waterfall&query_place_id=ChIJ79oiX9oX0i0RLtG8sYRZpXo","Tujuan Wisata"
"Goa Rang Reng Waterfall","4.7","1434","Jl. Goa Jl. Rang Reng","Kabupaten Gianyar","Bali","ID",,"+62 877-4401-3566","Tujuan Wisata",,,,,,,,,,"https://www.google.com/maps/search/?api=1&query=Goa%20Rang%20Reng%20Waterfall&query_place_id=ChIJv_tYCBIX0i0Rn_MGS2i_Kpc","Tujuan Wisata"
"Waterfall Inn","4.4","37","Jl. Tirta Bhuana Sari","Kabupaten Klungkung","Bali","ID",,"+62 823-3924-7202","Hotel",,,,,,,,,,"https://www.google.com/maps/search/?api=1&query=Waterfall%20Inn&query_place_id=ChIJi4TcB0Bx0i0RtKpBoI2jSt0","Hotel"
"Temesi Waterfall","4.9","557","Jalan Subak Pengliklikan","Kabupaten Gianyar","Bali","ID","http://www.temesiwaterfall.com/","+62 857-3908-0706","Tujuan Wisata",,,,,,,,,,"https://www.google.com/maps/search/?api=1&query=Temesi%20Waterfall&query_place_id=ChIJp6fBwvIX0i0RuSO3qP1oIhs","Tujuan Wisata"
"Tibumana Waterfall","4.6","2753","Jl. Setra Agung","Kabupaten Bangli","Bali","ID","https://tibumana.wordpress.com/","+62 878-2605-4230","Tujuan Wisata",,,,,,,,,,"https://www.google.com/maps/search/?api=1&query=Tibumana%20Waterfall&query_place_id=ChIJ3Q2bdlkX0i0R_eYgl2LfIf0","Tujuan Wisata"
"Air Terjun Dedari","4.7","292","Br Jelekungkang","Kabupaten Bangli","Bali","ID","http://www.adpadabali.co.id/","","Tujuan Wisata",,,,,,,,,,"https://www.google.com/maps/search/?api=1&query=Air%20Terjun%20Dedari&query_place_id=ChIJdZWCjD8X0i0Rxw5cVR_zi-0","Tujuan Wisata"
"Taman Sari Waterfall & Natural Pool","4.7","1670","Jl. Ngenjung Sari","Kabupaten Gianyar","Bali","ID","https://www.facebook.com/tamansari.waterfall","+62 812-3831-0808","Tujuan Wisata",,,,,,,,,,"https://www.google.com/maps/search/?api=1&query=Taman%20Sari%20Waterfall%20%26%20Natural%20Pool&query_place_id=ChIJQQrhbjUX0i0ReTctOJsyMLo","Tujuan Wisata"
"Cegeng waterfall",,,"FCFW+7HM, Jl. Dawan Kaler","Kabupaten Klungkung","Bali","ID",,"","Tujuan Wisata",,,,,,,,,,"https://www.google.com/maps/search/?api=1&query=Cegeng%20waterfall&query_place_id=ChIJ1680awAR0i0RawXqwRw_was","Tujuan Wisata"
"Poh Gading Waterfall","4.4","174","C7VQ+XX9 LOKASI PROYEK, Dekat","Kabupaten Gianyar","Bali","ID",,"+62 877-5106-1534","Tujuan Wisata",,,,,,,,,,"https://www.google.com/maps/search/?api=1&query=Poh%20Gading%20Waterfall&query_place_id=ChIJexylZAAX0i0Rdn72sDJWyeg","Tujuan Wisata"
"Blangsinga Waterfall","4.6","729","Banjar Blangsinga, Jl. Raya Blangsinga","Kabupaten Gianyar","Bali","ID","http://blangsingawaterfall.com/","+62 819-1720-3557","Tujuan Wisata",,,,,,,,,,"https://www.google.com/maps/search/?api=1&query=Blangsinga%20Waterfall&query_place_id=ChIJo2FjEYYV0i0R4qbcjGtpSVU","Tujuan Wisata"
"Uma Anyar Waterfall","4.8","1019","Jl. Gading Wani","Kabupaten Gianyar","Bali","ID",,"","Tujuan Wisata",,,,,,,,,,"https://www.google.com/maps/search/?api=1&query=Uma%20Anyar%20Waterfall&query_place_id=ChIJvZMjvgkX0i0RsioucYHnf4M","Tujuan Wisata"
"Beji Hill Waterfall","3.6","12",,"Kabupaten Gianyar","Bali","ID",,"","Tujuan Wisata",,,,,,,,,,"https://www.google.com/maps/search/?api=1&query=Beji%20Hill%20Waterfall&query_place_id=ChIJA5wOuto90i0Rrou3TcLO3VM","Tujuan Wisata"
"Tegenungan Waterfalls","4","1","C7FQ+VG3, Jl. Ir. Sutami","Kabupaten Gianyar","Bali","ID",,"","Tujuan Wisata",,,,,,,,,,"https://www.google.com/maps/search/?api=1&query=Tegenungan%20Waterfalls&query_place_id=ChIJoXqkOQAV0i0R71v5p-a_Q_c","Tujuan Wisata"
"Waterfall Park","4.4","125","Jl. Raya Pengosekan Ubud No.108","Kabupaten Gianyar","Bali","ID",,"","Tujuan Wisata",,,,,,,,,,"https://www.google.com/maps/search/?api=1&query=Waterfall%20Park&query_place_id=ChIJyT5ATnQ90i0RQW2aNDCc_Ro","Tujuan Wisata"
"ATV Waterfall Bali","5","1","Jl. Raya Silakarang Singapadu Kaler","Kabupaten Gianyar","Bali","ID","https://baliatvrafting.com/","+62 812-4687-517","Tujuan Wisata",,,,,,,,,,"https://www.google.com/maps/search/?api=1&query=ATV%20Waterfall%20Bali&query_place_id=ChIJS5O8XwA90i0RDfatxj8Fxts","Tujuan Wisata"
"Beng beng waterfall","3.3","8","C76C+GFX, Jl. Uma Aya","Kabupaten Gianyar","Bali","ID",,"","Tujuan Wisata",,,,,,,,,,"https://www.google.com/maps/search/?api=1&query=Beng%20beng%20waterfall&query_place_id=ChIJae_qRsk_0i0RiaKy94KpOb4","Tujuan Wisata"
"Jembatan kaca Bali Tegenungan /Bali Glass Bridge Main entrance","4.9","7217","Jl. Ir. Sutami No.6","Kabupaten Gianyar","Bali","ID",,"+62 822-8289-8888","Tujuan Wisata",,,,,,,,,,"https://www.google.com/maps/search/?api=1&query=Jembatan%20kaca%20Bali%20Tegenungan%20%2FBali%20Glass%20Bridge%20Main%20entrance&query_place_id=ChIJ0bxnRxwV0i0R8nSLn-cbD74","Tujuan Wisata"
"Sumampan Waterfall Parking Area","4.1","41","Br. Sumampan","Kabupaten Gianyar","Bali","ID",,"+62 361 943554","Tujuan Wisata","Kafe",,,,,,,,,"https://www.google.com/maps/search/?api=1&query=Sumampan%20Waterfall%20Parking%20Area&query_place_id=ChIJD0byurgX0i0R4Clst1oIVXU","Tujuan Wisata"
"Kemenuh Butterfly Park, Bali","4.5","1554","C7GP+WMJ, Jl. Ir. Sutami","Kabupaten Gianyar","Bali","ID","http://linkttr.ee/kemenuhtourismobject","+62 811-3801-2266","Tujuan Wisata",,,,,,,,,,"https://www.google.com/maps/search/?api=1&query=Kemenuh%20Butterfly%20Park%2C%20Bali&query_place_id=ChIJ8yjEyTUX0i0RvzawGaLG6eU","Tujuan Wisata"
"Bukit Lemba","5","1",,"Kabupaten Klungkung","Bali","ID",,"","Puncak Gunung",,,,,,,,,,"https://www.google.com/maps/search/?api=1&query=Bukit%20Lemba&query_place_id=ChIJeaHhW9tx0i0RQ6Co23ANJAc","Puncak Gunung"
"Munduk Buluh","4.2","6",,"Kabupaten Klungkung","Bali","ID",,"","Puncak Gunung",,,,,,,,,,"https://www.google.com/maps/search/?api=1&query=Munduk%20Buluh&query_place_id=ChIJGxAbQ4UR0i0RHCbBnCMrvUY","Puncak Gunung"
"Bukit Pangkung","5","1",,"Kabupaten Klungkung","Bali","ID",,"","Puncak Gunung",,,,,,,,,,"https://www.google.com/maps/search/?api=1&query=Bukit%20Pangkung&query_place_id=ChIJbUJvg5xt0i0RcEm8IGpXxfY","Puncak Gunung"
"Bukit Panda",,,,"Kabupaten Klungkung","Bali","ID",,"","Puncak Gunung",,,,,,,,,,"https://www.google.com/maps/search/?api=1&query=Bukit%20Panda&query_place_id=ChIJX_Lvndd20i0RgKvsDVJexQM","Puncak Gunung"
"Bukit Pendem","5","2",,"Kabupaten Klungkung","Bali","ID",,"","Puncak Gunung",,,,,,,,,,"https://www.google.com/maps/search/?api=1&query=Bukit%20Pendem&query_place_id=ChIJ5yQWcDJy0i0RsTzyDOtqAvA","Puncak Gunung"
"Bukit Mendaksari",,,,"Kabupaten Klungkung","Bali","ID",,"","Puncak Gunung",,,,,,,,,,"https://www.google.com/maps/search/?api=1&query=Bukit%20Mendaksari&query_place_id=ChIJHTOznqNx0i0R-ausu8CgBFo","Puncak Gunung"
"Bukit Dehan",,,,"Kabupaten Klungkung","Bali","ID",,"","Puncak Gunung",,,,,,,,,,"https://www.google.com/maps/search/?api=1&query=Bukit%20Dehan&query_place_id=ChIJqW29X_9w0i0RSZi2P6EVrq8","Puncak Gunung"
"The mountain cottage","4.5","38","7FRX+79Q","Kabupaten Klungkung","Bali","ID","https://travellingpedro.com/the-mountain-cottage-klungkung-regency-indonesia","","Hotel",,,,,,,,,,"https://www.google.com/maps/search/?api=1&query=The%20mountain%20cottage&query_place_id=ChIJx5sOSGJx0i0RlPsxUReraT8","Hotel"
"Bukit Gede",,,,"Kabupaten Klungkung","Bali","ID",,"","Puncak Gunung",,,,,,,,,,"https://www.google.com/maps/search/?api=1&query=Bukit%20Gede&query_place_id=ChIJvUItC0h30i0RtVG8obCoKdo","Puncak Gunung"
"Bukit Maung",,,,"Kabupaten Klungkung","Bali","ID",,"","Puncak Gunung",,,,,,,,,,"https://www.google.com/maps/search/?api=1&query=Bukit%20Maung&query_place_id=ChIJsxzurMRw0i0RLoHgNelv0IA","Puncak Gunung"
"Bukit Melangit",,,,"Kabupaten Klungkung","Bali","ID",,"","Puncak Gunung",,,,,,,,,,"https://www.google.com/maps/search/?api=1&query=Bukit%20Melangit&query_place_id=ChIJz16DjjR30i0RpSeLhCfWHCk","Puncak Gunung"
"Bukit Menasah",,,,"Kabupaten Klungkung","Bali","ID",,"","Puncak Gunung",,,,,,,,,,"https://www.google.com/maps/search/?api=1&query=Bukit%20Menasah&query_place_id=ChIJ8_0j3nF30i0Ruvd1wqwET7c","Puncak Gunung"
"Bukit Emas",,,,"Kabupaten Klungkung","Bali","ID",,"","Puncak Gunung",,,,,,,,,,"https://www.google.com/maps/search/?api=1&query=Bukit%20Emas&query_place_id=ChIJQcLt1xRx0i0R2yh8QdTYNpA","Puncak Gunung"
"Bukit Pendem","5","1",,"Kabupaten Klungkung","Bali","ID",,"","Puncak Gunung",,,,,,,,,,"https://www.google.com/maps/search/?api=1&query=Bukit%20Pendem&query_place_id=ChIJRW6ixmp30i0RwH1YYKogKXA","Puncak Gunung"
"Bukit Beme",,,,"Kabupaten Klungkung","Bali","ID",,"","Puncak Gunung",,,,,,,,,,"https://www.google.com/maps/search/?api=1&query=Bukit%20Beme&query_place_id=ChIJuZOgtjJw0i0Rs4VYJYMLrZ4","Puncak Gunung"
"Waterfall Restaurant","2","4","Kawasan Wisata Nusa Dua, Kerobokan","Kota Denpasar","Bali","ID",,"+62 361 771102","Restoran",,,,,,,,,,"https://www.google.com/maps/search/?api=1&query=Waterfall%20Restaurant&query_place_id=ChIJuTpPJ55A0i0R2N6gOccxwO4","Restoran"
"Ubud Waterfalls Tubing","4.6","10","Jl. Wisma Gajah Mada No.101","Kabupaten Gianyar","Bali","ID",,"+62 877-9170-2250","Operator Wisata Rafting",,,,,,,,,,"https://www.google.com/maps/search/?api=1&query=Ubud%20Waterfalls%20Tubing&query_place_id=ChIJjaeTvA0V0i0Rv_v5BBE3ydE","Operator Wisata Rafting"
"Pura Gunung Cemeng","4.9","28","Banjar Cacah, Desa Adat Sebuluh","Kabupaten Klungkung","Bali","ID","https://instagram.com/puragunungcemeng?igshid=YmMyMTA2M2Y=","","Pura","Tujuan Wisata",,,,,,,,,"https://www.google.com/maps/search/?api=1&query=Pura%20Gunung%20Cemeng&query_place_id=ChIJTylZSS5w0i0RGYrMn5biP00","Pura"
"Kemenuh Monkey River","4.5","413","Jl. Ir. Sutami Jl. Pura Dalem No.Br","Kabupaten Gianyar","Bali","ID","https://kemenuhmonkeyriver.com/","+62 811-3990-9102","Tujuan Wisata",,,,,,,,,,"https://www.google.com/maps/search/?api=1&query=Kemenuh%20Monkey%20River&query_place_id=ChIJoSS3jsQV0i0RYspYapHg-FY","Tujuan Wisata"
"Omma Dayclub Bali","4.8","7214","C7FQ+MV6","Kabupaten Gianyar","Bali","ID","http://ommabali.com/","+62 812-9999-1245","Bar","Restoran",,,,,,,,,"https://www.google.com/maps/search/?api=1&query=Omma%20Dayclub%20Bali&query_place_id=ChIJ49kn4n0V0i0RjtqUIkEdXBw","Bar"
"Wos Tubing Adventure","4.8","98","Jl. Raya Singapadu No.10","Kabupaten Gianyar","Bali","ID","https://wostubingadventure.com/","+62 812-2233-3559","Rafting","Tujuan Wisata",,,,,,,,,"https://www.google.com/maps/search/?api=1&query=Wos%20Tubing%20Adventure&query_place_id=ChIJqTGYGAA90i0RR00jfUEg8kU","Rafting"
"Waterfall Indonesian & Balinese Restaurant","4.8","543","Ayodya Resort Bali, Jl. Pantai Mengiat No.4","Kabupaten Badung","Bali","ID","http://www.ayodyaresortbali.com/restaurant/waterfall-restaurant","+62 361 771102","Restoran Indonesia","Restoran",,,,,,,,,"https://www.google.com/maps/search/?api=1&query=Waterfall%20Indonesian%20%26%20Balinese%20Restaurant&query_place_id=ChIJVbb5WyxD0i0RPeD2JJSaf9A","Restoran Indonesia"
"Waterfall Guest House","3.9","8","C7FQ+Q7J Tempat Wisata Air Terjun Tegenungan, Jl. Ir. Sutami","Kabupaten Gianyar","Bali","ID",,"+62 819-1614-8306","Pondok",,,,,,,,,,"https://www.google.com/maps/search/?api=1&query=Waterfall%20Guest%20House&query_place_id=ChIJf21RFfcV0i0RtTMgpYRXlGQ","Pondok"
"Cafe with waterfall view","4.3","19","C7FQ+MV6","Kabupaten Gianyar","Bali","ID",,"","Kedai Kopi",,,,,,,,,,"https://www.google.com/maps/search/?api=1&query=Cafe%20with%20waterfall%20view&query_place_id=ChIJOxGgrm8V0i0RH8Ip13Ppie8","Kedai Kopi"
"cassa.tours","5","4","F62W+W5H rumah timur rumah, Jl raya samu(belak gang masuk sebelah","Kabupaten Gianyar","Bali","ID","https://www.instagram.com/cassa.tour?igsh=MTZ5aGxucWlhdzJwbw==","+62 812-1599-6857","Tujuan Wisata",,,,,,,,,,"https://www.google.com/maps/search/?api=1&query=cassa.tours&query_place_id=ChIJaVlmCgA90i0R-ll-iRpq5HU","Tujuan Wisata"
"Párking Temesi Waterfall","4","1","C8WX+H74","Kabupaten Gianyar","Bali","ID",,"","Tempat Parkir Gratis",,,,,,,,,,"https://www.google.com/maps/search/?api=1&query=P%C3%A1rking%20Temesi%20Waterfall&query_place_id=ChIJzf-sFgAX0i0Rt5cFFGS2Xgw","Tempat Parkir Gratis"
"Forest Jati Batumadeg","3.8","11","7G22+H27, Unnamed Road, Bunga Mekar, Nusapenida","Kabupaten Klungkung","Bali","ID",,"+62 852-5253-9612","Hutan Nasional",,,,,,,,,,"https://www.google.com/maps/search/?api=1&query=Forest%20Jati%20Batumadeg&query_place_id=ChIJg_c3VbRx0i0RKYIiWVWteZQ","Hutan Nasional"
"EVEUSS River Waterfall Retreat - Double Room",,,,"Kabupaten Gianyar","Bali","ID","https://br.bluepillow.com/search/69499e665c042e01baccce58/1408221702?dest=bkng&cat=Villa&lat=-8.5428&lng=115.25117&language=pt","","Penginapan","Persewaan liburan",,,,,,,,,"https://www.google.com/maps/search/?api=1&query=EVEUSS%20River%20Waterfall%20Retreat%20-%20Double%20Room&query_place_id=ChIJFdudCrk90i0R7FC2ekpmiYA","Penginapan"
"pura puseh penataran batusepih","5","5","Jl. Ir. Sutami No.br","Kabupaten Gianyar","Bali","ID",,"","Pura",,,,,,,,,,"https://www.google.com/maps/search/?api=1&query=pura%20puseh%20penataran%20batusepih&query_place_id=ChIJmY7WYx0W0i0R3tjuVDzbB1g","Pura"
"bali walking hiking","3.7","6","Jl. Tukad Badung IX No.9","Kota Denpasar","Bali","ID","http://www.baliwalkinghiking.com/","+62 878-6055-7000","Penyelenggara Perjalanan",,,,,,,,,,"https://www.google.com/maps/search/?api=1&query=bali%20walking%20hiking&query_place_id=ChIJF3krWCdB0i0Rl3qix6g3U7c","Penyelenggara Perjalanan"
"EVEUSS River Waterfall Retreat - Twin Room with Private Bathroom",,,,"Kabupaten Gianyar","Bali","ID","https://br.bluepillow.com/search/69499e665c042e01baccce58?dest=bkng&cat=Villa&lat=-8.5428&lng=115.25117&language=pt","","Penginapan","Persewaan liburan",,,,,,,,,"https://www.google.com/maps/search/?api=1&query=EVEUSS%20River%20Waterfall%20Retreat%20-%20Twin%20Room%20with%20Private%20Bathroom&query_place_id=ChIJFdudCrk90i0ReoR8C3bhLhA","Penginapan"
"Uluwatu Canyon","5","1","539P+R27, Jl. Raya Uluwatu Pecatu","Kabupaten Badung","Bali","ID",,"","Titik Pemandangan",,,,,,,,,,"https://www.google.com/maps/search/?api=1&query=Uluwatu%20Canyon&query_place_id=ChIJ189HVgBR0i0R0G4NdVRQYuU","Titik Pemandangan"
"Sunset Point (Bukit Tumpeng View)","4.8","32","GWRV+8FC Br. Bukit Tumpeng","Kabupaten Tabanan","Bali","ID",,"","Titik Pemandangan",,,,,,,,,,"https://www.google.com/maps/search/?api=1&query=Sunset%20Point%20(Bukit%20Tumpeng%20View)&query_place_id=ChIJl29qceMt0i0Rd0P6kwWiMuA","Titik Pemandangan"
"The Hidden Waterfall of Pangkung Bengkel","4.7","70","KTH AMERTA SARI Banjar","Kabupaten Tabanan","Bali","ID",,"+62 831-1670-3999","Titik Pemandangan","Area Mendaki","Tujuan Wisata","Pusat Informasi Pariwisata",,,,,,,"https://www.google.com/maps/search/?api=1&query=The%20Hidden%20Waterfall%20of%20Pangkung%20Bengkel&query_place_id=ChIJ7UJQ6Kot0i0R67SjwvZ8QMw","Titik Pemandangan"
"Pantai Petangahan Cove",,,"GW3R+QH","Kabupaten Tabanan","Bali","ID",,"","Titik Pemandangan",,,,,,,,,,"https://www.google.com/maps/search/?api=1&query=Pantai%20Petangahan%20Cove&query_place_id=ChIJrYA0TAAt0i0R03dH-xecVhM","Titik Pemandangan"
"Kelapa Beach Cove",,,"HR6J+M7","Kabupaten Jembrana","Bali","ID",,"","Titik Pemandangan",,,,,,,,,,"https://www.google.com/maps/search/?api=1&query=Kelapa%20Beach%20Cove&query_place_id=ChIJbSR_VgDT0y0R-qoDyOa-Fzw","Titik Pemandangan"
"Sunset Point, Coffee shop (KAK OMAN)","4.9","31",,"Kabupaten Tabanan","Bali","ID",,"","Titik Pemandangan","Kafe","Kafetaria","Restoran","Tujuan Wisata","Perkumpulan kaum muda",,,,,"https://www.google.com/maps/search/?api=1&query=Sunset%20Point%2C%20Coffee%20shop%20(KAK%20OMAN)&query_place_id=ChIJ4S_H_68t0i0RvBTsxxo8bPQ","Titik Pemandangan"
"Pantai Bonian Cove","1","1","FXJH+3H","Kabupaten Tabanan","Bali","ID",,"","Titik Pemandangan",,,,,,,,,,"https://www.google.com/maps/search/?api=1&query=Pantai%20Bonian%20Cove&query_place_id=ChIJ10HrfAAz0i0RsYyYGjB2SOc","Titik Pemandangan"
"Kelapa Beach","5","38","HR7J+W8G, Jl. Ngurah Rai","Kabupaten Jembrana","Bali","ID",,"","Tujuan Wisata",,,,,,,,,,"https://www.google.com/maps/search/?api=1&query=Kelapa%20Beach&query_place_id=ChIJc-yHvIfT0y0R7v4yY7iJ5NE","Tujuan Wisata"
"Heart viewpoint","4.6","40","539P+3M5, Unnamed Road","Kabupaten Badung","Bali","ID",,"","Titik Pemandangan",,,,,,,,,,"https://www.google.com/maps/search/?api=1&query=Heart%20viewpoint&query_place_id=ChIJIRMfYI1R0i0RpuATSq7EvMo","Titik Pemandangan"
"Balian Beach Cove",,,"FXV7+72","Kabupaten Tabanan","Bali","ID",,"","Titik Pemandangan",,,,,,,,,,"https://www.google.com/maps/search/?api=1&query=Balian%20Beach%20Cove&query_place_id=ChIJAczjQAAz0i0R91wdMSYOIFI","Titik Pemandangan"
"Singing Sade Waterfall","4.6","93",,"Kabupaten Tabanan","Bali","ID",,"","Titik Pemandangan","Tujuan Wisata",,,,,,,,,"https://www.google.com/maps/search/?api=1&query=Singing%20Sade%20Waterfall&query_place_id=ChIJTzWrrT4p0i0RDbqZTimKsfE","Titik Pemandangan"
"Pantai Soan Galuh Cove",,,"FXQC+MM","Kabupaten Tabanan","Bali","ID",,"","Titik Pemandangan",,,,,,,,,,"https://www.google.com/maps/search/?api=1&query=Pantai%20Soan%20Galuh%20Cove&query_place_id=ChIJLXBLEgAz0i0Rrs6_opBOMo0","Titik Pemandangan"
"Tiying Gading Terraced Rice Fields","4.5","31","G2PF+288 Bar","Kabupaten Tabanan","Bali","ID",,"","Titik Pemandangan",,,,,,,,,,"https://www.google.com/maps/search/?api=1&query=Tiying%20Gading%20Terraced%20Rice%20Fields&query_place_id=ChIJyag9Gl4u0i0R5qSPAxN3hvQ","Titik Pemandangan"
"Pondok tengah sawah","5","1","F2Q6+5FJ Br. Dinas Bade Gede","Kabupaten Tabanan","Bali","ID",,"","Titik Pemandangan",,,,,,,,,,"https://www.google.com/maps/search/?api=1&query=Pondok%20tengah%20sawah&query_place_id=ChIJWRmAHwAx0i0RkWE82lzKFIM","Titik Pemandangan"
"Tegallalang Rice Terrace","4.4","53012","Jl. Raya Tegallalang","Kabupaten Gianyar","Bali","ID",,"","Titik Pemandangan","Tujuan Wisata",,,,,,,,,"https://www.google.com/maps/search/?api=1&query=Tegallalang%20Rice%20Terrace&query_place_id=ChIJ4wD5Iwsi0i0R7QRsOGmJGo0","Titik Pemandangan"
"Air terjun singsing tenget","5","1","HX4X+MJ4, Unnamed Road","Kabupaten Tabanan","Bali","ID",,"+62 819-9932-2355","Titik Pemandangan",,,,,,,,,,"https://www.google.com/maps/search/?api=1&query=Air%20terjun%20singsing%20tenget&query_place_id=ChIJPdoxiy4t0i0RJeoeB-SKBW8","Titik Pemandangan"
"Bhalance Hotel Retreat","4.6","129","Jl. Yeh Malet","Kabupaten Karangasem","Bali","ID","http://www.bhalancehotelretreat.com/","+62 821-4409-5034","Hotel Resor",,,,,,,,,,"https://www.google.com/maps/search/?api=1&query=Bhalance%20Hotel%20Retreat&query_place_id=ChIJe7KZo1wP0i0RVXSHrcRll40","Hotel Resor"
"Pantai Antap Cove",,,"FX4W+FC","Kabupaten Tabanan","Bali","ID",,"","Titik Pemandangan",,,,,,,,,,"https://www.google.com/maps/search/?api=1&query=Pantai%20Antap%20Cove&query_place_id=ChIJkzGjMwAz0i0RPwaG5EncpJc","Titik Pemandangan"
"Pantai Kelecung Cove","4","4","C2W5+WW","Kabupaten Tabanan","Bali","ID",,"","Titik Pemandangan",,,,,,,,,,"https://www.google.com/maps/search/?api=1&query=Pantai%20Kelecung%20Cove&query_place_id=ChIJMQy5bAAx0i0RGKXsEHXnbFA","Titik Pemandangan"
"Pantai Abian Kapas Cove","5","1","C2PG+QR","Kabupaten Tabanan","Bali","ID",,"","Titik Pemandangan",,,,,,,,,,"https://www.google.com/maps/search/?api=1&query=Pantai%20Abian%20Kapas%20Cove&query_place_id=ChIJyX2bVQAx0i0R33g2K5L8jCE","Titik Pemandangan"
"Hutan KHDTK Nusa Penida","3.2","6","7H5R+9WP, Suana-Pajukutan Road","Kabupaten Klungkung","Bali","ID",,"","Hutan Nasional",,,,,,,,,,"https://www.google.com/maps/search/?api=1&query=Hutan%20KHDTK%20Nusa%20Penida&query_place_id=ChIJs_tKFRN30i0R8nLkt30HoTI","Hutan Nasional"
"Friends of the National Parks Foundation","4.9","30","8G89+CGW","Kabupaten Klungkung","Bali","ID","http://www.fnpf.org/","","Organisasi Nonprofit","Tujuan Wisata",,,,,,,,,"https://www.google.com/maps/search/?api=1&query=Friends%20of%20the%20National%20Parks%20Foundation&query_place_id=ChIJFWdbmExy0i0RSKPLpmvHpr8","Organisasi Nonprofit"
"Klicung","5","1","6FVQ+CVV, Desa Pakraman Sebuluh","Kabupaten Klungkung","Bali","ID",,"","Hutan Nasional",,,,,,,,,,"https://www.google.com/maps/search/?api=1&query=Klicung&query_place_id=ChIJV1vnCA1x0i0RFNf_yXc1HVE","Hutan Nasional"
"Newman Snorkeling Trip","5","23","Banjar Kelod","Denpasar","Bali","ID","http://www.newmansnorklingtrip.com/","+62 812-4653-2638","Area Rekreasi Alam",,,,,,,,,,"https://www.google.com/maps/search/?api=1&query=Newman%20Snorkeling%20Trip&query_place_id=ChIJj8TYzXZt0i0Rt3-PqZ4yAHk","Area Rekreasi Alam"
"Bukit Buah (BB)","5","1","7GP8+36V","Kabupaten Klungkung","Bali","ID",,"","Area Rekreasi Alam",,,,,,,,,,"https://www.google.com/maps/search/?api=1&query=Bukit%20Buah%20(BB)&query_place_id=ChIJDaVGoolx0i0RKcPgd-Klv60","Area Rekreasi Alam"
"Pantai Sental Nusa Penida","4.5","26","Jln","Kabupaten Klungkung","Bali","ID",,"","Area Rekreasi Alam",,,,,,,,,,"https://www.google.com/maps/search/?api=1&query=Pantai%20Sental%20Nusa%20Penida&query_place_id=ChIJvc2bAZxz0i0RfGB21pJnuqY","Area Rekreasi Alam"
"Lebah",,,,"Kabupaten Klungkung","Bali","ID",,"","Hutan Nasional",,,,,,,,,,"https://www.google.com/maps/search/?api=1&query=Lebah&query_place_id=ChIJXd-A_Ylx0i0RukZ6ZqLNSUo","Hutan Nasional"
"Tukad Suara",,,"7HH8+F2P","Kabupaten Klungkung","Bali","ID",,"","Area Rekreasi Alam",,,,,,,,,,"https://www.google.com/maps/search/?api=1&query=Tukad%20Suara&query_place_id=ChIJEfwUMABx0i0RDEp5ZJftpp0","Area Rekreasi Alam"
"Gunung Sari, Babung","5","1",,"Kabupaten Klungkung","Bali","ID",,"","Hutan Nasional",,,,,,,,,,"https://www.google.com/maps/search/?api=1&query=Gunung%20Sari%2C%20Babung&query_place_id=ChIJo__AulYR0i0RFyXkIEbXl-o","Hutan Nasional"
"Abian Babung",,,"FC6M+JF, Jl. Babung Kangin","Kabupaten Klungkung","Bali","ID",,"","Hutan Nasional",,,,,,,,,,"https://www.google.com/maps/search/?api=1&query=Abian%20Babung&query_place_id=ChIJWWbmSAAR0i0RoqV09sMVVSo","Hutan Nasional"
"Area Dilarang Berburu","5","1","F7FQ+69M","Kabupaten Gianyar","Bali","ID",,"+62 878-6263-4471","Area Rekreasi Alam",,,,,,,,,,"https://www.google.com/maps/search/?api=1&query=Area%20Dilarang%20Berburu&query_place_id=ChIJJ4rV3ysX0i0RuV8poH9fQXA","Area Rekreasi Alam"
"Pura Goa Lawah","4.6","6306","CFX9+9GG, Jl. Raya Goa Lawah","Kabupaten Klungkung","Bali","ID",,"","Tujuan Wisata","Pura",,,,,,,,,"https://www.google.com/maps/search/?api=1&query=Pura%20Goa%20Lawah&query_place_id=ChIJqbgnKwAS0i0RrRoZYjFw2WQ","Tujuan Wisata"
"Mr,Nobody Snorkling trips and Activities","5","21","Dusun kaja desa","Kabupaten Klungkung","Bali","ID",,"+62 812-3895-0084","Tujuan Wisata",,,,,,,,,,"https://www.google.com/maps/search/?api=1&query=Mr%2CNobody%20Snorkling%20trips%20and%20Activities&query_place_id=ChIJO6rJk1dt0i0Rh5FeQ3l50Bw","Tujuan Wisata"
"Tarpon Fly Fishing","4.4","61","76JJ+X5Q, jl.segara Jl. Pemelisan","Kota Denpasar","Bali","ID",,"","Area Rekreasi Alam",,,,,,,,,,"https://www.google.com/maps/search/?api=1&query=Tarpon%20Fly%20Fishing&query_place_id=ChIJdcNDK3dB0i0RyrlcU4Qd21Q","Area Rekreasi Alam"
"Nusa Gede","4.7","1348","56XP+3CF, Pulau Peninsula Nusa Dua, Nusa Dua, Jl. Pantai Mengiat","Kabupaten Badung","Bali","ID",,"","Tujuan Wisata",,,,,,,,,,"https://www.google.com/maps/search/?api=1&query=Nusa%20Gede&query_place_id=ChIJM51wq9dC0i0RktOawQYW3jk","Tujuan Wisata"
"Kawasan Hutan Tahura Ngurah Rai","4.2","30","66H9+Q33","Kabupaten Badung","Bali","ID",,"+62 361 224517","Hutan Nasional",,,,,,,,,,"https://www.google.com/maps/search/?api=1&query=Kawasan%20Hutan%20Tahura%20Ngurah%20Rai&query_place_id=ChIJkQfluqBD0i0RzXYo_39RY9c","Hutan Nasional"
"Taman Laut Tanjung Benoa","4.2","5","66VG+6VV",,"Bali","ID",,"","Area Rekreasi Alam",,,,,,,,,,"https://www.google.com/maps/search/?api=1&query=Taman%20Laut%20Tanjung%20Benoa&query_place_id=ChIJ0b--W5FD0i0RfELY7Gw2n1w","Area Rekreasi Alam"
"Keramba Wayan Apel","4.3","179","76JR+Q7W, Gg. Kuda Laut","Kota Denpasar","Bali","ID",,"+62 813-5319-8916","Area Rekreasi Alam",,,,,,,,,,"https://www.google.com/maps/search/?api=1&query=Keramba%20Wayan%20Apel&query_place_id=ChIJ1fCSwJxB0i0RicbVkuPcdk0","Area Rekreasi Alam"
"Rove Garden","4.9","17","Jl. Bali Eksotik No.9","Kota Denpasar","Bali","ID","http://linktr.ee/rovegarden.id","+62 812-2525-3949","Area Rekreasi Alam",,,,,,,,,,"https://www.google.com/maps/search/?api=1&query=Rove%20Garden&query_place_id=ChIJJSBNqD1B0i0RwELR-KiPoxs","Area Rekreasi Alam"
"Bali Fantasi Benoa Bay (Turtle park)","4.1","703","Gg. Setra Ganda Mayu 3","Kabupaten Badung","Bali","ID",,"","Tujuan Wisata","Pusat Rekreasi","Kebun Binatang",,,,,,,,"https://www.google.com/maps/search/?api=1&query=Bali%20Fantasi%20Benoa%20Bay%20(Turtle%20park)&query_place_id=ChIJ9w3MsqND0i0RgM-3fKpK9oE","Tujuan Wisata"
"Sungai Mandi","5","1","Jl. Tjampuhan Timur IV Perumahan Taman Nuansa Tjampuhan No.5","Kabupaten Gianyar","Bali","ID",,"","Area Rekreasi Alam",,,,,,,,,,"https://www.google.com/maps/search/?api=1&query=Sungai%20Mandi&query_place_id=ChIJe1lUmwMV0i0R6Jx7OSJf3OY","Area Rekreasi Alam"
"Monumen Bajra Sandhi","4.6","15722","86HJ+9X5, Jl. Raya Puputan No.142","Kota Denpasar","Bali","ID",,"+62 361 264517","Tujuan Wisata","Monumen",,,,,,,,,"https://www.google.com/maps/search/?api=1&query=Monumen%20Bajra%20Sandhi&query_place_id=ChIJL626sPVA0i0RLJoATqtQcfY","Tujuan Wisata"
"Peresak sidekaryr",,,"76VM+69C","Kota Denpasar","Bali","ID",,"","Area Rekreasi Alam",,,,,,,,,,"https://www.google.com/maps/search/?api=1&query=Peresak%20sidekaryr&query_place_id=ChIJ5d6kYZpB0i0RQC5c8kcaVcU","Area Rekreasi Alam"
"Penangkaran Penyu Bali Fantasi Benoa Bay","4.5","28","Jalan Setragandamayu, lll nomer No.4","Kabupaten Badung","Bali","ID",,"+62 838-6969-4131","Area Rekreasi Alam",,,,,,,,,,"https://www.google.com/maps/search/?api=1&query=Penangkaran%20Penyu%20Bali%20Fantasi%20Benoa%20Bay&query_place_id=ChIJEx9JoIRD0i0RMwDgIyxSmCQ","Area Rekreasi Alam"
"Sawah Dauh Pekandelan Subak Intaran Barat",,,,"Kota Denpasar","Bali","ID",,"","Area Rekreasi Alam",,,,,,,,,,"https://www.google.com/maps/search/?api=1&query=Sawah%20Dauh%20Pekandelan%20Subak%20Intaran%20Barat&query_place_id=ChIJzfya9ZhB0i0RycbIwQdzSi8","Area Rekreasi Alam"
"TRIPS BALI","4.9","31","Jl. Tukad Pancoran IV H No.23a","Kota Denpasar","Bali","ID","https://tripsbali.com/","+62 822-6955-0202","Pusat Informasi Pariwisata","Area Rekreasi Alam","Rafting","Pusat Rekreasi",,,,,,,"https://www.google.com/maps/search/?api=1&query=TRIPS%20BALI&query_place_id=ChIJWW89pduD0S0R0lYEWzPyjIE","Pusat Informasi Pariwisata"
"Istana Taman Jepun | Bali Frangipani Palace","4.6","1022","Jl. Hayam Wuruk Tanjung Bungkak No.104H","Kota Denpasar","Bali","ID","http://www.istanatamanjepun.com/","+62 361 4745534","Tempat acara","Taman","Area Rekreasi Alam","Restoran",,,,,,,"https://www.google.com/maps/search/?api=1&query=Istana%20Taman%20Jepun%20%7C%20Bali%20Frangipani%20Palace&query_place_id=ChIJMx3oTmdA0i0RTV-ppfo1r7Y","Tempat acara"
"Sungai Asik",,,"Jl. Tjampuhan Timur IV Perumahan Taman Nuansa Tjampuhan No.5","Kabupaten Gianyar","Bali","ID",,"","Area Rekreasi Alam",,,,,,,,,,"https://www.google.com/maps/search/?api=1&query=Sungai%20Asik&query_place_id=ChIJNRPEdPoV0i0Rpx7MVDipL1E","Area Rekreasi Alam"
"Wisata blumbungan","3","7","C6P7+RFV","Kabupaten Badung","Bali","ID",,"","Area Rekreasi Alam",,,,,,,,,,"https://www.google.com/maps/search/?api=1&query=Wisata%20blumbungan&query_place_id=ChIJK5_kOak90i0RPqCGDhLmKLQ","Area Rekreasi Alam"
"Bharajaya Water Sport","4.8","400","Jl. Segara Kerthi No.01","Kabupaten Badung","Bali","ID",,"+62 878-6594-4566","Tujuan Wisata",,,,,,,,,,"https://www.google.com/maps/search/?api=1&query=Bharajaya%20Water%20Sport&query_place_id=ChIJTVjQAwFD0i0RAmqodtl_b28","Tujuan Wisata"
"Monumen Tonggak Sejarah Perjuangan","5","1","FF64+5FH, Jl. Banjar Pangi","Kabupaten Klungkung","Bali","ID",,"","Bangunan Bersejarah",,,,,,,,,,"https://www.google.com/maps/search/?api=1&query=Monumen%20Tonggak%20Sejarah%20Perjuangan&query_place_id=ChIJMUS2ScYR0i0R6IzTQWppDkU","Bangunan Bersejarah"
"Big Tree","4.9","23","8C5R+X3J, Unnamed Road","Kabupaten Klungkung","Bali","ID",,"","Bangunan Bersejarah",,,,,,,,,,"https://www.google.com/maps/search/?api=1&query=Big%20Tree&query_place_id=ChIJv-fcKoBt0i0ReSKukjbjYcE","Bangunan Bersejarah"
"Jeroan Kanginan",,,"Jl. Yudistira No.4","Kabupaten Klungkung","Bali","ID",,"","Bangunan Bersejarah",,,,,,,,,,"https://www.google.com/maps/search/?api=1&query=Jeroan%20Kanginan&query_place_id=ChIJG1nVOgAR0i0R-taIhDrhdN0","Bangunan Bersejarah"
"Fishing Bay","5","6","7CQR+H7","Kabupaten Klungkung","Bali","ID",,"","Bangunan Bersejarah",,,,,,,,,,"https://www.google.com/maps/search/?api=1&query=Fishing%20Bay&query_place_id=ChIJvYuuCABt0i0R5PPIjlrEAVs","Bangunan Bersejarah"
"Bali Banana Garden","5","3","C9H7+7WJ, Jl. Prof. Dr. Ida Bagus Mantra","Kabupaten Gianyar","Bali","ID",,"","Tujuan Wisata",,,,,,,,,,"https://www.google.com/maps/search/?api=1&query=Bali%20Banana%20Garden&query_place_id=ChIJ44cj0p4V0i0RmF3e4BBO5bg","Tujuan Wisata"
"Bali ATV Explore Ubud","5","5","IV, Blok H No, Jl. Tukad Pancoran No.23a","Kota Denpasar","Bali","ID","https://bali-atv.com/","+62 895-2999-1154","Pusat Olahraga Petualangan","Area Rekreasi Alam","Pusat Rekreasi","Layanan Transportasi",,,,,,,"https://www.google.com/maps/search/?api=1&query=Bali%20ATV%20Explore%20Ubud&query_place_id=ChIJs_diXGJB0i0RjIFu7F2t7GA","Pusat Olahraga Petualangan"
"Pantai Sanur","4.6","2430","Jalan Cemara","Kota Denpasar","Bali","ID",,"","Tujuan Wisata",,,,,,,,,,"https://www.google.com/maps/search/?api=1&query=Pantai%20Sanur&query_place_id=ChIJkxyL4dhB0i0RQ23bDDD-rus","Tujuan Wisata"
"Taman Agung Proklamasi","5","1199","Jl. Tantular Barat No.81","Kota Denpasar","Bali","ID",,"","Taman Peringatan",,,,,,,,,,"https://www.google.com/maps/search/?api=1&query=Taman%20Agung%20Proklamasi&query_place_id=ChIJ-dtiTe1A0i0R2y0UYcmKBi4","Taman Peringatan"
"Ketut surfboard rental",,,"Jl. Sarang Burung","Kabupaten Klungkung","Bali","ID",,"+62 813-3853-4461","Area Rekreasi Alam",,,,,,,,,,"https://www.google.com/maps/search/?api=1&query=Ketut%20surfboard%20rental&query_place_id=ChIJQ4eMSK9t0i0RtASSHkgFk3s","Area Rekreasi Alam"
"Museum Bali","4.3","3249","Jl. Mayor Wisnu No.1","Kota Denpasar","Bali","ID","https://www.instagram.com/sahabatmuseumbali","+62 361 222680","Tujuan Wisata","Museum",,,,,,,,,"https://www.google.com/maps/search/?api=1&query=Museum%20Bali&query_place_id=ChIJQ608L5pA0i0R2of-ez9pLfM","Tujuan Wisata"
"Taman Makam Pahlawan Kreta Kirttya Mandala","4.3","153","F82C+44V, Jl. Astina Sel.","Kabupaten Gianyar","Bali","ID",,"","Taman","Pemakaman Militer",,,,,,,,,"https://www.google.com/maps/search/?api=1&query=Taman%20Makam%20Pahlawan%20Kreta%20Kirttya%20Mandala&query_place_id=ChIJcSzpe2UW0i0RUemnPFein3Y","Taman"
"LAPANGAN PEGOK","4.5","44","Jl. Raya Sesetan No.73-A","Kota Denpasar","Bali","ID",,"","Lapangan Atletik","Taman",,,,,,,,,"https://www.google.com/maps/search/?api=1&query=LAPANGAN%20PEGOK&query_place_id=ChIJm7n2BOFB0i0R54xH-rkX72w","Lapangan Atletik"
"Devil's Tear","4.6","6848","Nusa Lembongan","Kabupaten Klungkung","Bali","ID",,"","Tujuan Wisata",,,,,,,,,,"https://www.google.com/maps/search/?api=1&query=Devil's%20Tear&query_place_id=ChIJNXQYfLRt0i0RALc3MIMT6QA","Tujuan Wisata"
"Paluang Cliff","4.6","1619",,"Kabupaten Klungkung","Bali","ID",,"","Tujuan Wisata",,,,,,,,,,"https://www.google.com/maps/search/?api=1&query=Paluang%20Cliff&query_place_id=ChIJEXpDKtVx0i0R5pwEc4IcYU4","Tujuan Wisata"
"Mangrove Point","4.3","1269","Nusa Penida","Kabupaten Klungkung","Bali","ID","https://www.instagram.com/reel/C4hAyrSrGtF/","+62 813-5339-2851","Tujuan Wisata",,,,,,,,,,"https://www.google.com/maps/search/?api=1&query=Mangrove%20Point&query_place_id=ChIJufCSjHtt0i0RUDZ6RUZpJ9c","Tujuan Wisata"
"Saren Cliff Point","4.6","221","Jl. Saren 1","Kabupaten Klungkung","Bali","ID",,"+62 853-3841-7232","Tujuan Wisata",,,,,,,,,,"https://www.google.com/maps/search/?api=1&query=Saren%20Cliff%20Point&query_place_id=ChIJSZGd2mtw0i0RUm5xTZ4F_0g","Tujuan Wisata"
"Raja Lima/Rumah Pohon Molenteng Nusa Penida","4.5","2464","6JC8+FQM","Kabupaten Klungkung","Bali","ID","https://www.ubudian.id/page/nusa-penida.html","","Tujuan Wisata",,,,,,,,,,"https://www.google.com/maps/search/?api=1&query=Raja%20Lima%2FRumah%20Pohon%20Molenteng%20Nusa%20Penida&query_place_id=ChIJ419QjYF30i0R_Bn1jT5cVlo","Tujuan Wisata"
"Banah Cliff Point","4.6","494","6FMP+5QC, Unnamed Road","Kabupaten Klungkung","Bali","ID",,"","Tujuan Wisata",,,,,,,,,,"https://www.google.com/maps/search/?api=1&query=Banah%20Cliff%20Point&query_place_id=ChIJi2aSnjxw0i0RKCBNk92j_es","Tujuan Wisata"
"Amazing penida trip","4.9","11","Jl. Kec","Kabupaten Klungkung","Bali","ID","https://www.instagram.com/amazingpenidatrip?igsh=MWJpM2w5d285YjczYQ==","+62 853-3800-7676","Tujuan Wisata",,,,,,,,,,"https://www.google.com/maps/search/?api=1&query=Amazing%20penida%20trip&query_place_id=ChIJhZYROQBx0i0RUnMGDjNfMhY","Tujuan Wisata"
"Rumah Pohon ""Tree House""","3.9","1650","6JC8+HPW","Kabupaten Klungkung","Bali","ID",,"","Tujuan Wisata",,,,,,,,,,"https://www.google.com/maps/search/?api=1&query=Rumah%20Pohon%20%22Tree%20House%22&query_place_id=ChIJLXtm84F30i0RqP1JA2IQyTY","Tujuan Wisata"
"Nusa Penida Exploring Tour","5","2","Jalan Raya","Kabupaten Klungkung","Bali","ID",,"","Tujuan Wisata",,,,,,,,,,"https://www.google.com/maps/search/?api=1&query=Nusa%20Penida%20Exploring%20Tour&query_place_id=ChIJ2_7LvzJz0i0RwnusAurMYVE","Tujuan Wisata"
"THE MANTA POINT","4.7","432","Jl. Pura Segara Suwehan Hughug","Kabupaten Klungkung","Bali","ID",,"","Tujuan Wisata",,,,,,,,,,"https://www.google.com/maps/search/?api=1&query=THE%20MANTA%20POINT&query_place_id=ChIJbyzgRnV70i0RCi7IEe5kses","Tujuan Wisata"
"Penida Explore (Tour & Activity)","5","2","Pantai Kelingking, Dusun Pandek, Desa Adat","Kabupaten Klungkung","Bali","ID","https://www.penidaexplore.com/","+62 812-4644-2871","Tujuan Wisata",,,,,,,,,,"https://www.google.com/maps/search/?api=1&query=Penida%20Explore%20(Tour%20%26%20Activity)&query_place_id=ChIJ7zbDArpv0i0RH2hxsR2skds","Tujuan Wisata"
"Turtle Point","3.9","9","7HMV+W63, Jalan Br. Angkal",,,"ID",,"","Tujuan Wisata",,,,,,,,,,"https://www.google.com/maps/search/?api=1&query=Turtle%20Point&query_place_id=ChIJiZzjZwB30i0R98RMVmHVYKI","Tujuan Wisata"
"Sea&land activity","5","2","8FGR+62P, Jl. Bias Muntig","Kabupaten Klungkung","Bali","ID",,"+62 812-4638-7723","Tujuan Wisata",,,,,,,,,,"https://www.google.com/maps/search/?api=1&query=Sea%26land%20activity&query_place_id=ChIJ2TFCfgBz0i0Rjcd7AFV1zCM","Tujuan Wisata"
"Tembeling beach","4.4","153","6GV4+7JX, batumadeg Kelod, Desa","Kabupaten Klungkung","Bali","ID",,"","Tujuan Wisata",,,,,,,,,,"https://www.google.com/maps/search/?api=1&query=Tembeling%20beach&query_place_id=ChIJTWs4FoJx0i0RfgPBLyVdhns","Tujuan Wisata"
"Manta snorkling","5","1","8F8P+RWW","Kabupaten Klungkung","Bali","ID","https://mantatripsnorkling.com/","+62 859-3368-7624","Tujuan Wisata",,,,,,,,,,"https://www.google.com/maps/search/?api=1&query=Manta%20snorkling&query_place_id=ChIJ_waMKgBz0i0R1sP2lII6J8c","Tujuan Wisata"
"Kelingking sunset view point","4.6","42","6FWG+WPV","Kabupaten Klungkung","Bali","ID",,"","Tujuan Wisata",,,,,,,,,,"https://www.google.com/maps/search/?api=1&query=Kelingking%20sunset%20view%20point&query_place_id=ChIJyw02VQBx0i0R1AxS4U41_Bg","Tujuan Wisata"
"Snorkeling day","5","2","Jl. Jungutbatu","Kabupaten Klungkung","Bali","ID","http://www.kawansinnlembongan.com/","+62 822-3538-2674","Tujuan Wisata",,,,,,,,,,"https://www.google.com/maps/search/?api=1&query=Snorkeling%20day&query_place_id=ChIJBy_vrx1t0i0RMqBJ-If05ho","Tujuan Wisata"
"Snorkeling Spot Toya Pakeh","3","8","8F7M+X7Q","Kabupaten Klungkung","Bali","ID",,"","Tujuan Wisata",,,,,,,,,,"https://www.google.com/maps/search/?api=1&query=Snorkeling%20Spot%20Toya%20Pakeh&query_place_id=ChIJv5pKHldz0i0R9yIfL15dVN8","Tujuan Wisata"
"Lembongan watersport","4.6","498","Mangrove Beach, Jungutbatu village, Nusa Lembongan, Kecamatan:","Kabupaten Klungkung","Bali","ID","http://www.lembonganwatersport.com/","+62 811-3943-399","Tujuan Wisata","Agen Tur Kano & Kayak","Pusat Menyelam","Restoran","Biro Wisata","Penyelenggara Perjalanan","Pusat Informasi Pariwisata",,,,"https://www.google.com/maps/search/?api=1&query=Lembongan%20watersport&query_place_id=ChIJZWTjCnxt0i0RtUonNqarvcQ","Tujuan Wisata"
"Bali Exotic Marine Park","4.5","1212","Jl. Bali Eksotik No.8","Kota Denpasar","Bali","ID","http://www.balidolphinmarinepark.com/","+62 853-3883-3678","Tujuan Wisata","Layanan Penyelamatan Hewan","Kebun Binatang",,,,,,,,"https://www.google.com/maps/search/?api=1&query=Bali%20Exotic%20Marine%20Park&query_place_id=ChIJf9ehV5pB0i0RNwxjWAJ05kU","Tujuan Wisata"
"Waterblow","4.4","9826",,"Kabupaten Badung","Bali","ID",,"","Tujuan Wisata","Taman",,,,,,,,,"https://www.google.com/maps/search/?api=1&query=Waterblow&query_place_id=ChIJmRTfT9ZC0i0RRB_NXwb5P2k","Tujuan Wisata"
"Angel's Billabong","4.5","5563","7C8X+HHX","Kabupaten Klungkung","Bali","ID",,"","Tujuan Wisata",,,,,,,,,,"https://www.google.com/maps/search/?api=1&query=Angel's%20Billabong&query_place_id=ChIJC7KcfoFv0i0ReRXz2tOmixY","Tujuan Wisata"
"Kawasan Pariwisata Nusa Dua","4.6","212","Kawasan BTDC Area, Jl. Nusa Dua","Kabupaten Badung","Bali","ID",,"+62 361 771010","Tujuan Wisata",,,,,,,,,,"https://www.google.com/maps/search/?api=1&query=Kawasan%20Pariwisata%20Nusa%20Dua&query_place_id=ChIJ4_8LOiZD0i0Rs6MSGkwcuv0","Tujuan Wisata"
"Bali Bravo Trips and Attractions (Tours, Travels, Trips, Activities, Attractions, Excursions, Tickets, SimCard)","4.9","61","Jl. Pantai Mengiat No.3","Kabupaten Badung","Bali","ID","https://balibravotrips.com/","+62 823-4069-3389","Tujuan Wisata","Pusat Olahraga Petualangan","Pusat Menyelam","Rafting","Biro Wisata","Pusat Informasi Pariwisata","Taman Margasatwa dan Safari",,,,"https://www.google.com/maps/search/?api=1&query=Bali%20Bravo%20Trips%20and%20Attractions%20(Tours%2C%20Travels%2C%20Trips%2C%20Activities%2C%20Attractions%2C%20Excursions%2C%20Tickets%2C%20SimCard)&query_place_id=ChIJh55oZgBD0i0RAyJ6GEQF8Zk","Tujuan Wisata"
"Bali Bravo Activities And Attractions (Tours, Travels, Trips, Activities, Attractions, Excursions, Tickets, SimCard)",,,"Jl. Raya Nusa Dua Selatan","Kabupaten Badung","Bali","ID","https://balibravotrips.com/","+62 823-4068-3389","Tujuan Wisata","Pusat Olahraga Petualangan","Pusat Menyelam","Rafting","Biro Wisata","Pusat Informasi Pariwisata","Taman Margasatwa dan Safari",,,,"https://www.google.com/maps/search/?api=1&query=Bali%20Bravo%20Activities%20And%20Attractions%20(Tours%2C%20Travels%2C%20Trips%2C%20Activities%2C%20Attractions%2C%20Excursions%2C%20Tickets%2C%20SimCard)&query_place_id=ChIJKegYosVd0i0RDV2OtT3F1aE","Tujuan Wisata"
"Penida tour island",,,"Jalan atuh beach","Sampalan","Bali","ID",,"+62 857-3810-0640","Tujuan Wisata",,,,,,,,,,"https://www.google.com/maps/search/?api=1&query=Penida%20tour%20island&query_place_id=ChIJUf5RyaB30i0ReqhcgNUz-Pk","Tujuan Wisata"
"Dolphins Point Tourist Park","5","7","6JHH+9JF, Gang Kuda Laut","Kota Denpasar","Bali","ID",,"+62 878-6171-2814","Tujuan Wisata",,,,,,,,,,"https://www.google.com/maps/search/?api=1&query=Dolphins%20Point%20Tourist%20Park&query_place_id=ChIJ46jPPJB30i0RPcawCRI3w9I","Tujuan Wisata"
"Bali Paradise Tour",,,"Jl. Batuyang Gg. Anggrek","Kabupaten Gianyar","Bali","ID","https://www.facebook.com/baliparadise1710/","+62 859-3838-3222","Tujuan Wisata",,,,,,,,,,"https://www.google.com/maps/search/?api=1&query=Bali%20Paradise%20Tour&query_place_id=ChIJvfwqlnc_0i0RAAtUo-0STvQ","Tujuan Wisata"
"Crystal Bay Dive Site","4.4","59","7FP4+5J4","Kabupaten Klungkung","Bali","ID",,"","Tujuan Wisata",,,,,,,,,,"https://www.google.com/maps/search/?api=1&query=Crystal%20Bay%20Dive%20Site&query_place_id=ChIJuzgJlu1v0i0R40UUAUirBpk","Tujuan Wisata"
"Taman Inspirasi Mertasari","4.4","1287","No., Jl. Pengembak No.44","Kota Denpasar","Bali","ID",,"","Tujuan Wisata","Taman","Taman bermain",,,,,,,,"https://www.google.com/maps/search/?api=1&query=Taman%20Inspirasi%20Mertasari&query_place_id=ChIJhTrb3ZlB0i0RloULjHV5Yfc","Tujuan Wisata"
"Puri Agung Denpasar","4.7","148","Jl. Veteran No.62","Kota Denpasar","Bali","ID","http://puriagungdenpasar.com/","+62 812-4615-7579","Tujuan Wisata","Pura",,,,,,,,,"https://www.google.com/maps/search/?api=1&query=Puri%20Agung%20Denpasar&query_place_id=ChIJiW81E55A0i0RmL0PgzgsgbU","Tujuan Wisata"
"Nusa lembongan tour-Nyoman tours",,,"nusa lembongan, Jl. Jungutbatu","Kabupaten Klungkung","Bali","ID","https://nyomantours.wixsite.com/mysite","+62 887-3969-564","Tujuan Wisata",,,,,,,,,,"https://www.google.com/maps/search/?api=1&query=Nusa%20lembongan%20tour-Nyoman%20tours&query_place_id=ChIJjcqfZhtt0i0R2WfNdAQ3_mo","Tujuan Wisata"
"Asey Ubud tour","5","3","F74F+52F, Jl. Cempaka","Kabupaten Gianyar","Bali","ID",,"+62 812-3745-7132","Tujuan Wisata",,,,,,,,,,"https://www.google.com/maps/search/?api=1&query=Asey%20Ubud%20tour&query_place_id=ChIJESbsbQA90i0RsPHtkBjMvLA","Tujuan Wisata"
"Jack Bali Tour","4.9","9","Jl. Ceningan sari","Kota Denpasar","Bali","ID","https://msha.ke/jackbalitour","+62 857-3810-0640","Tujuan Wisata",,,,,,,,,,"https://www.google.com/maps/search/?api=1&query=Jack%20Bali%20Tour&query_place_id=ChIJQ39-gd9B0i0RC41f7vAG7DA","Tujuan Wisata"
"Jogglo Viewpoint","4.9","38","6JGC+2HQ","Kabupaten Klungkung","Bali","ID",,"","Tujuan Wisata",,,,,,,,,,"https://www.google.com/maps/search/?api=1&query=Jogglo%20Viewpoint&query_place_id=ChIJi-yp_MV30i0Rmh9ZMqSgITQ","Tujuan Wisata"
"Bali Bravo Tours And Attractions (Tours, Travels, Trips, Activities, Attractions, Excursions, Tickets, SimCard)",,,"Jl. ℗ Pantai Nusa Dua","Kabupaten Badung","Bali","ID","https://balibravotrips.com/","+62 823-4069-3389","Tujuan Wisata","Pusat Olahraga Petualangan","Pusat Menyelam","Rafting","Biro Wisata","Pusat Informasi Pariwisata","Taman Margasatwa dan Safari",,,,"https://www.google.com/maps/search/?api=1&query=Bali%20Bravo%20Tours%20And%20Attractions%20(Tours%2C%20Travels%2C%20Trips%2C%20Activities%2C%20Attractions%2C%20Excursions%2C%20Tickets%2C%20SimCard)&query_place_id=ChIJfctzagBD0i0RAuY-rXwqs6Q","Tujuan Wisata"
"Puyung Beach","4.5","128","7FH3+W98","Kabupaten Klungkung","Bali","ID",,"+62 815-2910-1181","Tujuan Wisata",,,,,,,,,,"https://www.google.com/maps/search/?api=1&query=Puyung%20Beach&query_place_id=ChIJiavsaAxu0i0RpGzv9E4RCrY","Tujuan Wisata"
"Rangkan river natural tourism","5","1","97MX+9V6","Kabupaten Gianyar","Bali","ID",,"","Tujuan Wisata",,,,,,,,,,"https://www.google.com/maps/search/?api=1&query=Rangkan%20river%20natural%20tourism&query_place_id=ChIJ-Vm3EsIV0i0RLQI_AmgK5lo","Tujuan Wisata"
"Pantai Karang","4.6","6624","8748+HJC, Jl. Pantai Karang","Kota Denpasar","Bali","ID",,"","Tujuan Wisata",,,,,,,,,,"https://www.google.com/maps/search/?api=1&query=Pantai%20Karang&query_place_id=ChIJ1ZQiO1cU0i0RzqlWrodpMTM","Tujuan Wisata"
"Bagustourbali.com - tour Bali and travelling",,,"F83C+48X, Jl. Udayana II","Kabupaten Gianyar","Bali","ID","http://bagustourbali.com/","+62 812-2822-2112","Tujuan Wisata",,,,,,,,,,"https://www.google.com/maps/search/?api=1&query=Bagustourbali.com%20-%20tour%20Bali%20and%20travelling&query_place_id=ChIJ9ftpUQAX0i0R9ok_DSxhTWU","Tujuan Wisata"
"Rural Charms Of Bali Tour","5","6","Jl. Ir. Sutami No.5","Kabupaten Gianyar","Bali","ID","https://kura2bus.com/tours/rural-charms-of-bali-tour","+62 896-9369-8757","Tujuan Wisata",,,,,,,,,,"https://www.google.com/maps/search/?api=1&query=Rural%20Charms%20Of%20Bali%20Tour&query_place_id=ChIJBUajC0oX0i0RHv3LGtPezsc","Tujuan Wisata"
"Museum Nyoman Gunarsa","4.5","161","Jl. Pertigaan Banda No. 1, Takmung, Banjarangkan","Kabupaten Klungkung","Bali","ID",,"+62 366 22255","Museum","Tujuan Wisata",,,,,,,,,"https://www.google.com/maps/search/?api=1&query=Museum%20Nyoman%20Gunarsa&query_place_id=ChIJn8ZB7lkR0i0RBA0AIrexw7s","Museum"
"Museum Kertagosa","4.7","83","Jl. Anggrek No.20","Kabupaten Klungkung","Bali","ID",,"+62 823-3990-9966","Museum","Tujuan Wisata",,,,,,,,,"https://www.google.com/maps/search/?api=1&query=Museum%20Kertagosa&query_place_id=ChIJm27KeGoR0i0R-Rp0R6VpQT4","Museum"
"Br. Pancoran","4.5","15","CCW4+V6M","Kabupaten Klungkung","Bali","ID",,"","Museum",,,,,,,,,,"https://www.google.com/maps/search/?api=1&query=Br.%20Pancoran&query_place_id=ChIJNQGzHGER0i0Rui3par0lCzI","Museum"
"Museum Semarajaya","4.6","41","FC73+Q28, Jl. Untung Suropati","Kabupaten Klungkung","Bali","ID",,"","Museum","Tujuan Wisata",,,,,,,,,"https://www.google.com/maps/search/?api=1&query=Museum%20Semarajaya&query_place_id=ChIJxTkyURUR0i0R662gaDwqh_k","Museum"
"Desa Wisata Kamasan","4.6","36","Jalan mahudara Gg. Laksitananta No.1","Kabupaten Klungkung","Bali","ID",,"","Museum","Tujuan Wisata",,,,,,,,,"https://www.google.com/maps/search/?api=1&query=Desa%20Wisata%20Kamasan&query_place_id=ChIJn0ysR2YR0i0RQ1tE67E-DyI","Museum"
"""Manyika"" museum & gallery","3.7","7","8H93+HCR","Kabupaten Klungkung","Bali","ID",,"","Museum",,,,,,,,,,"https://www.google.com/maps/search/?api=1&query=%22Manyika%22%20museum%20%26%20gallery&query_place_id=ChIJ7ZDenJFz0i0R-_kaxmPk9lc","Museum"
"TANGKODAN CITY",,,"FC4R+PCP","Kabupaten Klungkung","Bali","ID",,"","Museum",,,,,,,,,,"https://www.google.com/maps/search/?api=1&query=TANGKODAN%20CITY&query_place_id=ChIJcfLNar8R0i0R-VVQe3HDeBg","Museum"
"Museum bali","4.5","4","Jl. Pepaya I No.99X","Kabupaten Klungkung","Bali","ID",,"","Museum",,,,,,,,,,"https://www.google.com/maps/search/?api=1&query=Museum%20bali&query_place_id=ChIJc2f-JSkX0i0RwvDP4lpWVwM","Museum"
"Paibon Arya Kenceng","5","2","7GP5+RX6, Unnamed Road","Kabupaten Klungkung","Bali","ID",,"+62 813-3874-5609","Museum",,,,,,,,,,"https://www.google.com/maps/search/?api=1&query=Paibon%20Arya%20Kenceng&query_place_id=ChIJRyMzMYZx0i0RVafNdeN-bqY","Museum"
"Pura Jumpayah (Dukuh Segening)","4.5","2","CCJV+WJG","Kabupaten Klungkung","Bali","ID",,"","Museum",,,,,,,,,,"https://www.google.com/maps/search/?api=1&query=Pura%20Jumpayah%20(Dukuh%20Segening)&query_place_id=ChIJAd5J7pMT0i0R26Y2czxg6VQ","Museum"
"Museum Subak Masceti","4.6","67","C84W+P57, Jl. Pantai Masceti","Kabupaten Gianyar","Bali","ID",,"","Museum",,,,,,,,,,"https://www.google.com/maps/search/?api=1&query=Museum%20Subak%20Masceti&query_place_id=ChIJs-XXVloU0i0RvOVvAN4p7vw","Museum"
"Mulia Museum",,,"FC82+24M","Kabupaten Klungkung","Bali","ID","http://ontheroad2bali.wordpress.com/","+62 366 21123","Museum",,,,,,,,,,"https://www.google.com/maps/search/?api=1&query=Mulia%20Museum&query_place_id=ChIJO9KwHSwR0i0REiD7fN0_gd0","Museum"
"Pura Taman Panca Tirta",,,,"Kabupaten Klungkung","Bali","ID",,"","Museum",,,,,,,,,,"https://www.google.com/maps/search/?api=1&query=Pura%20Taman%20Panca%20Tirta&query_place_id=ChIJx2TZDGQR0i0R9jaJ3cPokxk","Museum"
"Pura Penataran Batu Lepang Kamasan","4.9","20","Depan Pura Nataran Batu Lepang, Jl. Taman","Kabupaten Klungkung","Bali","ID",,"","Museum","Pura",,,,,,,,,"https://www.google.com/maps/search/?api=1&query=Pura%20Penataran%20Batu%20Lepang%20Kamasan&query_place_id=ChIJK1lKAmQR0i0R0M7_nNTuEOA","Museum"
"Klungkung Royal Palace","4.5","203","Klungkung Royal Palace, JL. Diponegoro, Semarapura Kangin, 80751 Bali, Indonesia","Kabupaten Klungkung","Bali","ID","http://www.balitravelhub.com/attractions/klungkung-royal-palace/","","Tujuan Wisata",,,,,,,,,,"https://www.google.com/maps/search/?api=1&query=Klungkung%20Royal%20Palace&query_place_id=ChIJ723cqmwR0i0RlxUQK--WAks","Tujuan Wisata"
"Museum Arkeologi","4.6","95","F7JV+563","Kabupaten Gianyar","Bali","ID",,"","Museum",,,,,,,,,,"https://www.google.com/maps/search/?api=1&query=Museum%20Arkeologi&query_place_id=ChIJKe9omrcX0i0R60V-3HiE-KE","Museum"
"Museum Seni Batuan","4.3","107","C77J+P3F","Kabupaten Gianyar","Bali","ID",,"+62 812-3995-953","Museum Seni Modern",,,,,,,,,,"https://www.google.com/maps/search/?api=1&query=Museum%20Seni%20Batuan&query_place_id=ChIJuTGazyE-0i0RtVPKvDMwGWc","Museum Seni Modern"
"KEBON VINTAGE CARS BALI Classic Cars Museum","4.7","1293","Jl. Tegal Harum No.13","Kota Denpasar","Bali","ID",,"+62 818-0864-1111","Museum","Kafe","Restoran",,,,,,,,"https://www.google.com/maps/search/?api=1&query=KEBON%20VINTAGE%20CARS%20BALI%20Classic%20Cars%20Museum&query_place_id=ChIJ2XkpGghA0i0RI_bG3blIIfw","Museum"
"Trans Studio Theme Park Bali","4.5","5927","Jl. Imam Bonjol No.440","Kota Denpasar","Bali","ID","https://www.transstudiobali.com/","+62 361 6203888","Taman Hiburan",,,,,,,,,,"https://www.google.com/maps/search/?api=1&query=Trans%20Studio%20Theme%20Park%20Bali&query_place_id=ChIJqyDppb1H0i0RICpICEa3WBM","Taman Hiburan"
"Wisata Tirta Srinadi","4","696","Br. Minggir","Kabupaten Klungkung","Bali","ID",,"+62 366 25750","Taman Rekreasi Air","Kolam Renang Umum","Tujuan Wisata",,,,,,,,"https://www.google.com/maps/search/?api=1&query=Wisata%20Tirta%20Srinadi&query_place_id=ChIJJ9r_ytoT0i0RO68dXnpiCI4","Taman Rekreasi Air"
"Waterbom Bali","4.7","18055","Jl. Kartika Plaza","Kabupaten Badung","Bali","ID","https://waterbom-bali.com/","+62 361 755676","Taman Rekreasi Air","Wahana Taman Hiburan","Tujuan Wisata",,,,,,,,"https://www.google.com/maps/search/?api=1&query=Waterbom%20Bali&query_place_id=ChIJ34KP7qNG0i0RpX9A85PWkRI","Taman Rekreasi Air"
"The Amazing Taman Safari Bali","4.5","23933","Jl. Prof. Dr. Ida Bagus Mantra No.19","Kabupaten Gianyar","Bali","ID","https://tamansafari.com/taman-safari-bali/","+62 361 950000","Kebun Binatang","Taman Hiburan","Taman Margasatwa dan Safari",,,,,,,,"https://www.google.com/maps/search/?api=1&query=The%20Amazing%20Taman%20Safari%20Bali&query_place_id=ChIJOX0fuEYU0i0R7FQubHicszQ","Kebun Binatang"
"AeroXSpace Adventure","4.8","2648","Jl. Bypass Ngurah Rai No.999","Kota Denpasar","Bali","ID","http://www.aeroxspace.id/","+62 878-1699-1999","Pusat Hiburan","Pusat Olahraga Petualangan","Taman Hiburan",,,,,,,,"https://www.google.com/maps/search/?api=1&query=AeroXSpace%20Adventure&query_place_id=ChIJb3ZsMABB0i0RUyfWCQbD8xI","Pusat Hiburan"
"Keramas Park","4.2","1339","Jl. Maruti","Kabupaten Gianyar","Bali","ID",,"+62 812-3988-9988","Taman Rekreasi Air",,,,,,,,,,"https://www.google.com/maps/search/?api=1&query=Keramas%20Park&query_place_id=ChIJozizjs0V0i0R_-sKWzeSgtw","Taman Rekreasi Air"
"Krisna Funtasticland","4.3","4263",,"Kabupaten Buleleng","Bali","ID","http://krisnafuntasticland.com/","+62 817-4757-668","Tujuan Wisata","Taman bermain","Taman Hiburan",,,,,,,,"https://www.google.com/maps/search/?api=1&query=Krisna%20Funtasticland&query_place_id=ChIJEU9nwVSD0S0RGn_P6OQOseo","Tujuan Wisata"
"Nusa Penida Tour Agency + Fast Boat","5","1",,"Kabupaten Klungkung","Bali","ID",,"+62 859-5261-9994","Biro Wisata","Tujuan Wisata","Taman Rekreasi Air",,,,,,,,"https://www.google.com/maps/search/?api=1&query=Nusa%20Penida%20Tour%20Agency%20%2B%20Fast%20Boat&query_place_id=ChIJxRd-zpNx0i0RNghsDXWghjc","Biro Wisata"
"Kemenuh Waterpark","4.4","212","Jl. Ir, Soetami, Br. Kemenuh Kelod","Kabupaten Gianyar","Bali","ID","https://linktr.ee/kemenuhtourismobject","+62 811-3801-2266","Taman Rekreasi Air",,,,,,,,,,"https://www.google.com/maps/search/?api=1&query=Kemenuh%20Waterpark&query_place_id=ChIJt-KIMEUV0i0R4j5NXw1Rkf0","Taman Rekreasi Air"
"waterboom sidembunut","4.3","689","Jl. Erlangga","Kabupaten Bangli","Bali","ID",,"+62 822-3700-2003","Taman Rekreasi Air","Tujuan Wisata",,,,,,,,,"https://www.google.com/maps/search/?api=1&query=waterboom%20sidembunut&query_place_id=ChIJncRHBY8Z0i0RrswExj-Ku3g","Taman Rekreasi Air"
"Ubud Jungle Swing","4.4","233","Jl. Raya Tegallalang","Kabupaten Gianyar","Bali","ID","http://www.ubudjungleswing.com/","+62 877-7666-6162","Taman Hiburan",,,,,,,,,,"https://www.google.com/maps/search/?api=1&query=Ubud%20Jungle%20Swing&query_place_id=ChIJz8TEIQwj0i0RN-8MMwBEYi0","Taman Hiburan"
"Aloha Ubud Swing","4.7","11876","Jl. Raya Tegallalang","Kabupaten Gianyar","Bali","ID","https://alohaubudswing.com/","+62 819-9933-3462","Taman Hiburan",,,,,,,,,,"https://www.google.com/maps/search/?api=1&query=Aloha%20Ubud%20Swing&query_place_id=ChIJpUl7PSsj0i0RnRoc7IiThWU","Taman Hiburan"
"G Swing Bali","5","2066","Jl. Pantai Batu Mejan No.9","Kabupaten Badung","Bali","ID","http://www.gswingbali.com/","+62 878-6222-1188","Taman Hiburan","Wahana Taman Hiburan",,,,,,,,,"https://www.google.com/maps/search/?api=1&query=G%20Swing%20Bali&query_place_id=ChIJ1fEapaQ50i0RLOREwmJE3mE","Taman Hiburan"
"Padawareg Recretional and education park","5","2","Jl. Pejeng Kaja - Tampak Siring Jl. Raya Tampaksiring No.18","Kabupaten Gianyar","Bali","ID",,"+62 821-4507-8298","Taman Hiburan","Taman",,,,,,,,,"https://www.google.com/maps/search/?api=1&query=Padawareg%20Recretional%20and%20education%20park&query_place_id=ChIJlYdqES4Z0i0Rz4YapTdaD-E","Taman Hiburan"
"Mangrove Stop","4.1","103","Unnamed Road,","Kabupaten Klungkung","Bali","ID",,"+62 812-3897-995","Kafe","Taman Rekreasi Air",,,,,,,,,"https://www.google.com/maps/search/?api=1&query=Mangrove%20Stop&query_place_id=ChIJPYEmg3pt0i0RGK9RtPb1rRQ","Kafe"
"Bali Family Hangout","4.5","210","Jl. Katik Lantang","Kabupaten Gianyar","Bali","ID","https://balifamilyhangout.com/","+62 878-6320-4953","Taman Hiburan","Taman bermain","Tempat Penitipan Anak","Taman Bermain Dalam Ruangan","Kolam renang luar ruangan","Kelompok Bermain","Kolam Renang",,,,"https://www.google.com/maps/search/?api=1&query=Bali%20Family%20Hangout&query_place_id=ChIJ9-uVdBY90i0RpEW4buDhIVc","Taman Hiburan"
"Bunda playground bali","5","1","Jl. Raya Gentong","Kabupaten Gianyar","Bali","ID",,"+62 812-3760-6373","Taman Hiburan",,,,,,,,,,"https://www.google.com/maps/search/?api=1&query=Bunda%20playground%20bali&query_place_id=ChIJ0Rt7c8gj0i0RKYQCsX2gjiA","Taman Hiburan"
"Kolam renang Citraland","4.4","3398","CitraLand Denpasar, Jl. Cargo Permai","Kota Denpasar","Bali","ID","https://linktr.ee/Citralandwaterparkdps","+62 361 4714830","Taman Rekreasi Air","Kompleks Kolam Renang","Pusat Hiburan Anak-Anak","Taman bermain","Kolam Renang Umum","Klub Renang","Fasilitas Renang","Instruktur Renang","Kolam Renang","Tujuan Wisata","https://www.google.com/maps/search/?api=1&query=Kolam%20renang%20Citraland&query_place_id=ChIJqZ1qazQ_0i0RlSSmznZwXpE","Taman Rekreasi Air"
"JEMBATAN KACA BALI BLANGSINGA","4.8","3586","Jl. Raya Blangsinga","Kabupaten Gianyar","Bali","ID",,"+62 822-8289-8888","Tujuan Wisata",,,,,,,,,,"https://www.google.com/maps/search/?api=1&query=JEMBATAN%20KACA%20BALI%20BLANGSINGA&query_place_id=ChIJe-enbpIV0i0RoQli_L5cKuo","Tujuan Wisata"
"Dermaga Serangan","4.5","615","dermaga, Jl. Tukad Punggawa","Kota Denpasar","Bali","ID",,"","Tujuan Wisata",,,,,,,,,,"https://www.google.com/maps/search/?api=1&query=Dermaga%20Serangan&query_place_id=ChIJexYA_IJB0i0RPUST-Kbzgbs","Tujuan Wisata"
"Bali TOUR Adventure","5","2","Gg. Mangga No.5","Kota Denpasar","Bali","ID","http://www.balitouradventure.com/","+62 822-3746-4865","Agen Tur Kapal","Biro Wisata","Penyelenggara Perjalanan","Tujuan Wisata","Pusat Informasi Pariwisata",,,,,,"https://www.google.com/maps/search/?api=1&query=Bali%20TOUR%20Adventure&query_place_id=ChIJwbjMcGhB0i0RaokhLtwOMto","Agen Tur Kapal"
"Blue Ocean Tour Nusa Penida","4.5","4","Banjar Anyar","Kabupaten Klungkung","Bali","ID",,"+62 812-3613-9459","Tujuan Wisata",,,,,,,,,,"https://www.google.com/maps/search/?api=1&query=Blue%20Ocean%20Tour%20Nusa%20Penida&query_place_id=ChIJUeu0PKdz0i0R57a-RtxdZjA","Tujuan Wisata"
"Tour islands Lembongan","5","1","8F52+553, Jalan Raya Lembongan Klaktak","Kabupaten Klungkung","Bali","ID",,"","Tujuan Wisata",,,,,,,,,,"https://www.google.com/maps/search/?api=1&query=Tour%20islands%20Lembongan&query_place_id=ChIJ3cDy-u5t0i0R6pRdNVXIWX0","Tujuan Wisata"
"Bali Travel and Staycation","4.1","8","Jl. Sekar Jepun","Kota Denpasar","Bali","ID","https://sites.google.com/view/balitravelandstaycation?usp=sharing","+62 812-2699-6756","Tujuan Wisata","Biro Wisata",,,,,,,,,"https://www.google.com/maps/search/?api=1&query=Bali%20Travel%20and%20Staycation&query_place_id=ChIJMTmoyXbx0S0R2ZtpkIIifWs","Tujuan Wisata"
"Pantai Matahari Terbit Sanur","4.6","3614","Jl. Matahari Terbit","Kota Denpasar","Bali","ID","https://sanurharbour.com/","","Tujuan Wisata",,,,,,,,,,"https://www.google.com/maps/search/?api=1&query=Pantai%20Matahari%20Terbit%20Sanur&query_place_id=ChIJ-5ELBDBB0i0ROUVj8XeSTcE","Tujuan Wisata"
"Panorama point","4","167","8C9W+MP9","Kabupaten Klungkung","Bali","ID",,"","Tujuan Wisata",,,,,,,,,,"https://www.google.com/maps/search/?api=1&query=Panorama%20point&query_place_id=ChIJ-Xs6i-Nt0i0RBOGOfq_HrXk","Tujuan Wisata"
"BALI NATAJAYA Tours","4.9","19","Jl. Palapa I Jl. Sidakarya No.1","Kota Denpasar","Bali","ID","https://g.page/bali-amazing-tours?av","+62 852-3717-7669","Biro Wisata","Agen Tur Kapal","Layanan Taksi","Penyelenggara Perjalanan","Tujuan Wisata","Pusat Informasi Pariwisata","Layanan Transportasi",,,,"https://www.google.com/maps/search/?api=1&query=BALI%20NATAJAYA%20Tours&query_place_id=ChIJU9QdkbBB0i0RPBMJnf0hgpI","Biro Wisata"
"Taman Kumbasari","4.6","625","86V6+FPH, Jl. Ps. Kumbasari","Kota Denpasar","Bali","ID",,"","Tujuan Wisata","Taman",,,,,,,,,"https://www.google.com/maps/search/?api=1&query=Taman%20Kumbasari&query_place_id=ChIJGTjbCdxB0i0RUG8eRve1SII","Tujuan Wisata"
"DELUANG SARI Penangkaran Penyu Bali Tanjung Benoa","4","5938",,"Kabupaten Badung","Bali","ID","https://www.tanjungbenoa.co.id/tiket/pulau-penyu-glass-bottom-boat-bali/","+62 815-5808-0876","Tujuan Wisata",,,,,,,,,,"https://www.google.com/maps/search/?api=1&query=DELUANG%20SARI%20Penangkaran%20Penyu%20Bali%20Tanjung%20Benoa&query_place_id=ChIJR41mLqND0i0R3vM_t4a9Uj0","Tujuan Wisata"
"Lembongan Island","4.6","49","Nusa Lembongan","Kabupaten Klungkung","Bali","ID",,"+62 812-4686-5566","Tujuan Wisata","Hotel","Biro Wisata","Pusat Informasi Pariwisata",,,,,,,"https://www.google.com/maps/search/?api=1&query=Lembongan%20Island&query_place_id=ChIJLYGWM6Ft0i0R1nIJhCV_0W8","Tujuan Wisata"
"Naratama Bali Tour","5","8","Jl. Pratama No.72","Kabupaten Badung","Bali","ID","https://www.instagram.com/naratama.balitour","+62 812-4628-0703","Tujuan Wisata","Pusat Informasi Pariwisata",,,,,,,,,"https://www.google.com/maps/search/?api=1&query=Naratama%20Bali%20Tour&query_place_id=ChIJzxtWO-tD0i0Rif3wgHDztVM","Tujuan Wisata"
"Sunset Point","4.6","604","Tj. Sanghyang","Kabupaten Klungkung","Bali","ID",,"","Tujuan Wisata","Restoran",,,,,,,,,"https://www.google.com/maps/search/?api=1&query=Sunset%20Point&query_place_id=ChIJ7-c1Iq1t0i0Rv7Jz6bW6-1U","Tujuan Wisata"
"Rangkan Ketewel rice Field tour","5","1","97MW+MV9","Kabupaten Gianyar","Bali","ID",,"","Tujuan Wisata",,,,,,,,,,"https://www.google.com/maps/search/?api=1&query=Rangkan%20Ketewel%20rice%20Field%20tour&query_place_id=ChIJnd0xDsUV0i0RnPStV14tx8A","Tujuan Wisata"
"Treesun tour","5","1","Gg. II-D Buntu No.12","Kota Denpasar","Bali","ID",,"","Tujuan Wisata",,,,,,,,,,"https://www.google.com/maps/search/?api=1&query=Treesun%20tour&query_place_id=ChIJMa6WRQBB0i0RTRZOEf3klXk","Tujuan Wisata"
"Nusa Penida Tour","4.9","67",,"Kabupaten Klungkung","Bali","ID",,"+62 813-3950-9298","Biro Perjalanan dan Wisata","Agen Tur Bus","Agensi wisata olahraga","Tujuan Wisata",,,,,,,"https://www.google.com/maps/search/?api=1&query=Nusa%20Penida%20Tour&query_place_id=ChIJDd3KX6Bx0i0RT4wEW6WrAmQ","Biro Perjalanan dan Wisata"
"Mangrove & Turtle Island Tour","3.7","6","Gg. Setra Ganda Mayu 3","Kabupaten Badung","Bali","ID",,"","Tujuan Wisata",,,,,,,,,,"https://www.google.com/maps/search/?api=1&query=Mangrove%20%26%20Turtle%20Island%20Tour&query_place_id=ChIJB5V89LI70i0R5V4QBXvJDnQ","Tujuan Wisata"
"Playground Bali - Playgoland Celuk Sukawati Gianyar","4.9","347","Timur Bank Mandiri, Jl. Raya Celuk Depan Clandys No.58A","Kabupaten Gianyar","Bali","ID","https://playgoland-gianyar.localo.site/?utm_source=google_profile&utm_campaign=localo&utm_medium=mainlink","+62 819-1628-6031","Taman Hiburan","Taman bermain","Taman Bermain Dalam Ruangan",,,,,,,,"https://www.google.com/maps/search/?api=1&query=Playground%20Bali%20-%20Playgoland%20Celuk%20Sukawati%20Gianyar&query_place_id=ChIJ8RzuSXA_0i0RNARddJcGnS0","Taman Hiburan"
"PT. Aditya water sport","4.1","469","Jl. Pratama No.105","Kabupaten Badung","Bali","ID",,"","Taman Rekreasi Air",,,,,,,,,,"https://www.google.com/maps/search/?api=1&query=PT.%20Aditya%20water%20sport&query_place_id=ChIJwYv6tLpD0i0R6eK3Zza9k_g","Taman Rekreasi Air"
"Benoa Tirta Harum Dive & Watersport","4.4","738","Jl. Pratama No.36x","Kabupaten Badung","Bali","ID","https://benoatirtaharum.com/","+62 821-4629-3622","Taman Rekreasi Air","Tujuan Wisata",,,,,,,,,"https://www.google.com/maps/search/?api=1&query=Benoa%20Tirta%20Harum%20Dive%20%26%20Watersport&query_place_id=ChIJpSXoQhpD0i0ROdYlP6V8zZA","Taman Rekreasi Air"
"Clip 'n Climb Bali | Climbing & Fun Climbing for everyone","5","720","Jl. Bypass Ngurah Rai","Kota Denpasar","Bali","ID","https://www.clipnclimbbali.com/","+62 811-3828-1111","Taman Hiburan","Arena Panjat Tebing Dalam Ruang","Taman Bermain Dalam Ruangan","Panjat Tebing",,,,,,,"https://www.google.com/maps/search/?api=1&query=Clip%20'n%20Climb%20Bali%20%7C%20Climbing%20%26%20Fun%20Climbing%20for%20everyone&query_place_id=ChIJH_XzCj1B0i0RLkGTRitUBTo","Taman Hiburan"
"Taman Sari Water Sport","4.3","570","Jalan Konco, Tanjung Benoa, Kuta Selatan","Kabupaten Badung","Bali","ID",,"+62 813-3642-744","Taman Rekreasi Air","Tujuan Wisata",,,,,,,,,"https://www.google.com/maps/search/?api=1&query=Taman%20Sari%20Water%20Sport&query_place_id=ChIJfYwuCblD0i0RdboF9NLoLyo","Taman Rekreasi Air"
"DAM Peraupan","4.4","12","C62F+7GC, Br. Umadesa","Kota Denpasar","Bali","ID",,"","Taman Rekreasi Air",,,,,,,,,,"https://www.google.com/maps/search/?api=1&query=DAM%20Peraupan&query_place_id=ChIJjTjZJ_Y_0i0Rk3XAlaYlA30","Taman Rekreasi Air"
"PT Wahana Integritas Selumbung","1","1","Jl. Tamansari Tagtag No.171","Kota Denpasar","Bali","ID","https://haloatv.com/","+62 821-4783-0801","Taman Hiburan",,,,,,,,,,"https://www.google.com/maps/search/?api=1&query=PT%20Wahana%20Integritas%20Selumbung&query_place_id=ChIJdYOcErtB0i0RPcOTqqfGhKQ","Taman Hiburan"
"Aquamarlin Dive & Watersports","3.8","9","66RF+42F","Kabupaten Badung","Bali","ID",,"+62 821-5090-0474","Taman Rekreasi Air",,,,,,,,,,"https://www.google.com/maps/search/?api=1&query=Aquamarlin%20Dive%20%26%20Watersports&query_place_id=ChIJ53OadgtD0i0RB8S5xuWxMFU","Taman Rekreasi Air"
"ATV FUN BALI ACTIVITIES","5","41","C7X6+FRC, jln. raya gianyar silakarang","Kabupaten Gianyar","Bali","ID","https://funbaliactivities.com/","+62 813-3873-8970","Penyelenggara aktivitas luar ruangan","Wahana Taman Hiburan","Jasa sewa kendaraan segala medan","Agensi wisata olahraga","Tujuan Wisata",,,,,,"https://www.google.com/maps/search/?api=1&query=ATV%20FUN%20BALI%20ACTIVITIES&query_place_id=ChIJa6kNmwNjx24RfLZU5dxc7Fs","Penyelenggara aktivitas luar ruangan"
"Batara Dive & Watersport","4.2","1447","Suzuki Nusa Dua, Jl. Pratama","Kabupaten Badung","Bali","ID",,"+62 822-4700-7344","Taman Rekreasi Air",,,,,,,,,,"https://www.google.com/maps/search/?api=1&query=Batara%20Dive%20%26%20Watersport&query_place_id=ChIJHeVmRqVD0i0RKncrGMVjGrk","Taman Rekreasi Air"
"Museum Pasifika Bali","4.6","768","Complex Bali Tourism Development Corporation / ITDC Area Block P, Benoa, Jl. ITDC Nusa Dua Lot BC","Kabupaten Badung","Bali","ID","http://www.museum-pasifika.com/","+62 361 774935","Museum Seni","Pusat kebudayaan","Pusat Pendidikan","Tujuan Wisata",,,,,,,"https://www.google.com/maps/search/?api=1&query=Museum%20Pasifika%20Bali&query_place_id=ChIJRbNf4b5B0i0R5xfnGuTcxjY","Museum Seni"
"Museum Le Mayeur","4.1","689","87G7+2FV, Jl. Hang Tuah","Kota Denpasar","Bali","ID","https://m.facebook.com/pages/category/Art-Museum/Museum-Le-Mayeur-578239455528142/","+62 361 286201","Museum Seni","Tujuan Wisata",,,,,,,,,"https://www.google.com/maps/search/?api=1&query=Museum%20Le%20Mayeur&query_place_id=ChIJq-2TrzlA0i0RwvUDjrMII7w","Museum Seni"
"Museum Bung Karno","4.8","1432","Jl. Raya Puputan No.80","Kota Denpasar","Bali","ID",,"+62 813-8450-0092","Museum Sejarah Lokal","Museum Sejarah","Tujuan Wisata",,,,,,,,"https://www.google.com/maps/search/?api=1&query=Museum%20Bung%20Karno&query_place_id=ChIJqasWE_RA0i0RP4gURbBEBO4","Museum Sejarah Lokal"
"MUSEUM AGUNG PANCASILA","5","617","Jl. Pegangsaan Tim. 56 No.710","Kota Denpasar","Bali","ID",,"","Museum Sejarah",,,,,,,,,,"https://www.google.com/maps/search/?api=1&query=MUSEUM%20AGUNG%20PANCASILA&query_place_id=ChIJp4kbj6lB0i0Rl6YFMt_o5CU","Museum Sejarah"
"Putrawan Museum of Art (PUMA)","4.5","20","Jl. Trenggana No.108","Kota Denpasar","Bali","ID",,"+62 361 463737","Museum","Tujuan Wisata",,,,,,,,,"https://www.google.com/maps/search/?api=1&query=Putrawan%20Museum%20of%20Art%20(PUMA)&query_place_id=ChIJdSF1S6E_0i0RNBIOcwLpTR0","Museum"
"Museum Lukisan Sidik Jari","4.5","134","Jl. Hayam Wuruk No.201","Kota Denpasar","Bali","ID",,"","Museum Seni","Tujuan Wisata",,,,,,,,,"https://www.google.com/maps/search/?api=1&query=Museum%20Lukisan%20Sidik%20Jari&query_place_id=ChIJdyQo2WNA0i0RE6o_3uTsTSE","Museum Seni"
"Cagar Budaya Prasasti Blanjong","4.3","9","Jl. Belanjong No.1","Kota Denpasar","Bali","ID",,"","Museum",,,,,,,,,,"https://www.google.com/maps/search/?api=1&query=Cagar%20Budaya%20Prasasti%20Blanjong&query_place_id=ChIJN2nQeb5B0i0RjFrS1irKQ4w","Museum"
"Puri Agung Pemecutan, Badung Palace","4.7","194","Jl. Thamrin No.2","Kota Denpasar","Bali","ID",,"","Museum",,,,,,,,,,"https://www.google.com/maps/search/?api=1&query=Puri%20Agung%20Pemecutan%2C%20Badung%20Palace&query_place_id=ChIJBdG5-aJA0i0Rol7Z0yEmfZs","Museum"
"Museum Subak","4.8","5","967W+Q57, Jl. Gatot Subroto Tim.","Kota Denpasar","Bali","ID",,"","Tujuan Wisata",,,,,,,,,,"https://www.google.com/maps/search/?api=1&query=Museum%20Subak&query_place_id=ChIJz1WG_po_0i0R9WLS_bDbjv8","Tujuan Wisata"
"Alam Puri","4.1","407","Jl. Trenggana No.108","Kota Denpasar","Bali","ID","https://alampuriresidence.com/","+62 852-8004-0108","Museum","Vila","Spa",,,,,,,,"https://www.google.com/maps/search/?api=1&query=Alam%20Puri&query_place_id=ChIJM1SQhv8-0i0RfAKNDasNxXE","Museum"
"Blakas Art Pandi's Museum",,,"Jl. Kresna","Kabupaten Gianyar","Bali","ID",,"+62 812-3897-0865","Tujuan Wisata",,,,,,,,,,"https://www.google.com/maps/search/?api=1&query=Blakas%20Art%20Pandi's%20Museum&query_place_id=ChIJkzOPxawX0i0R87agtU-TPRQ","Tujuan Wisata"
"Kolam pancing DOUBLE $","4.7","14","Jl. Raya Angantaka - Sibang Gede","Kabupaten Badung","Bali","ID",,"+62 819-9939-5777","Taman Hiburan",,,,,,,,,,"https://www.google.com/maps/search/?api=1&query=Kolam%20pancing%20DOUBLE%20%24&query_place_id=ChIJr2Y0urM_0i0RV6C3aHy0i78","Taman Hiburan"
"Bali International. Rafting","4.8","18","Jl. Bypass Ngurah Rai No.5","Kota Denpasar","Bali","ID",,"+62 361 281408","Taman Hiburan","Rafting",,,,,,,,,"https://www.google.com/maps/search/?api=1&query=Bali%20International.%20Rafting&query_place_id=ChIJmfa830dA0i0Rg8tXCevy42w","Taman Hiburan"
"WAHANA BALI","4.9","8","Jalan lumba lumba tanjung benoa","Kabupaten Badung","Bali","ID","https://muriabisnis.com/produk/9814/trusted-bali-transport-water-sports-from-tanjung-benoa-nusa-dua-wahana-bali","+62 813-3642-744","Layanan Transportasi","Biro Perjalanan dan Wisata","Taman Rekreasi Air",,,,,,,,"https://www.google.com/maps/search/?api=1&query=WAHANA%20BALI&query_place_id=ChIJi8722ihD0i0RnJpYf2qCXrY","Layanan Transportasi"
"Benoa Tirta Harum Dive & watersport 3322",,,"665C+PHR, Jl. Pintas Tanjung Benoa","Kabupaten Badung","Bali","ID",,"+62 895-6271-60998","Taman Rekreasi Air",,,,,,,,,,"https://www.google.com/maps/search/?api=1&query=Benoa%20Tirta%20Harum%20Dive%20%26%20watersport%203322&query_place_id=ChIJR9GHIxND0i0ROHAcYIh5JG8","Taman Rekreasi Air"
"ATV Wahana Bali Adventure","4.7","612","Jl. Kalangan Kb. No.12","Kabupaten Gianyar","Bali","ID","https://wahanabaliadventure.com/","+62 812-3806-9330","Wahana Taman Hiburan",,,,,,,,,,"https://www.google.com/maps/search/?api=1&query=ATV%20Wahana%20Bali%20Adventure&query_place_id=ChIJDefJdX8_0i0R1jx0QTXJuXw","Wahana Taman Hiburan"
"Bali Matahari Wisata Tirta",,,"JL Pantai Cemara No.Br","Kota Denpasar","Bali","ID",,"+62 361 281261","Taman Hiburan","Stadion",,,,,,,,,"https://www.google.com/maps/search/?api=1&query=Bali%20Matahari%20Wisata%20Tirta&query_place_id=ChIJX2lP879B0i0RL9IGHoil_HA","Taman Hiburan"
"Water Sport Tanjung Benoa","4.4","1756","Jalan Segare Kulon Gang Bimba","Kabupaten Badung","Bali","ID","https://www.watersportnusadua.com/","+62 812-4651-0929","Layanan Rental Peralatan Olahraga Air","Agen Tiket","Biro Wisata Bawah Laut","Taman Rekreasi Air",,,,,,,"https://www.google.com/maps/search/?api=1&query=Water%20Sport%20Tanjung%20Benoa&query_place_id=ChIJS8GAaxNE0i0Rxdrp9QSUO6c","Layanan Rental Peralatan Olahraga Air"
"Kubu Teba","5","1","C6XH+898","Kabupaten Badung","Bali","ID",,"","Taman Hiburan",,,,,,,,,,"https://www.google.com/maps/search/?api=1&query=Kubu%20Teba&query_place_id=ChIJaTa8Hyg90i0RBqaMVS05p3E","Taman Hiburan"
"PT. Segara Mas Dive & Watersport","4","1","Jl. Pratama No.65","Kabupaten Badung","Bali","ID",,"+62 857-3732-2373","Taman Rekreasi Air",,,,,,,,,,"https://www.google.com/maps/search/?api=1&query=PT.%20Segara%20Mas%20Dive%20%26%20Watersport&query_place_id=ChIJm_hntedD0i0RcKZufowTxeU","Taman Rekreasi Air"
"Bali zoo Jungle Splash Waterplay","4.4","452","Jl. Raya Singapadu","Kabupaten Gianyar","Bali","ID","http://www.bali-zoo.com/","+62 361 294357","Kolam Renang",,,,,,,,,,"https://www.google.com/maps/search/?api=1&query=Bali%20zoo%20Jungle%20Splash%20Waterplay&query_place_id=ChIJH_xOQEc-0i0Rcpd67OeSoPw","Kolam Renang"
"Taman Kota Sewaka Dharma","4.5","11032","Jl. Mulawarman","Kota Denpasar","Bali","ID",,"","Taman Kota","Taman","Tujuan Wisata",,,,,,,,"https://www.google.com/maps/search/?api=1&query=Taman%20Kota%20Sewaka%20Dharma&query_place_id=ChIJyw_a5mk_0i0RC9af20e_QvY","Taman Kota"
"Taman Suta Soma","4.3","3","96Q7+38G, Jl. Astasura Gg. VI","Kota Denpasar","Bali","ID",,"","Taman Hiburan",,,,,,,,,,"https://www.google.com/maps/search/?api=1&query=Taman%20Suta%20Soma&query_place_id=ChIJOwlJntg_0i0RiAkvF9EAe6c","Taman Hiburan"
"Pura Penataran Ped","4.8","1711","8GC9+V86, Ped, Nusa Penida","Kabupaten Klungkung","Bali","ID",,"+62 813-3701-0755","Pura","Tempat Ibadah","Tujuan Wisata",,,,,,,,"https://www.google.com/maps/search/?api=1&query=Pura%20Penataran%20Ped&query_place_id=ChIJxeQz81Jy0i0RF-VEu9QVyKI","Pura"
"Pura Watu Klotok","4.6","527","CCF2+C8F, Desa Tojan, Gelgel, Klungkung","Kabupaten Klungkung","Bali","ID",,"","Pura","Tujuan Wisata",,,,,,,,,"https://www.google.com/maps/search/?api=1&query=Pura%20Watu%20Klotok&query_place_id=ChIJG4ezlzVA0i0RAZKtXUHYc_s","Pura"
"Pura Puncak Mundi","4.7","349","Unnamed Rd No.80771","Kabupaten Klungkung","Bali","ID",,"","Pura","Tujuan Wisata",,,,,,,,,"https://www.google.com/maps/search/?api=1&query=Pura%20Puncak%20Mundi&query_place_id=ChIJIQIpqQtx0i0RIkqmw5PJkBQ","Pura"
"Pura Goa Giri Putri","4.5","2059","7HRP+CCG, Jl. Batu Nunggal-Suana","Kabupaten Klungkung","Bali","ID",,"","Pura","Tujuan Wisata",,,,,,,,,"https://www.google.com/maps/search/?api=1&query=Pura%20Goa%20Giri%20Putri&query_place_id=ChIJf6i9TaF20i0R8_IaKI-kqMQ","Pura"
"Pura Dalem Bungkut ᬧᬸᬭ ᬤᬮᭂᬫ᭄ ᬩᬸᬂᬓᬸᬢ᭄","4.9","46","8GF6+J4J","Kabupaten Klungkung","Bali","ID",,"","Pura","Tujuan Wisata",,,,,,,,,"https://www.google.com/maps/search/?api=1&query=Pura%20Dalem%20Bungkut%20%E1%AC%A7%E1%AC%B8%E1%AC%AD%20%E1%AC%A4%E1%AC%AE%E1%AD%82%E1%AC%AB%E1%AD%84%20%E1%AC%A9%E1%AC%B8%E1%AC%82%E1%AC%93%E1%AC%B8%E1%AC%A2%E1%AD%84&query_place_id=ChIJJ0HDv1By0i0RaRPi0f0gOhw","Pura"
"Atuh Beach Temple","4.7","13","6JGC+J7C, Pelilit","Kabupaten Klungkung","Bali","ID",,"+62 831-1915-9131","Pura",,,,,,,,,,"https://www.google.com/maps/search/?api=1&query=Atuh%20Beach%20Temple&query_place_id=ChIJtYMCUIN30i0Ro2d1dcsbG1w","Pura"
"Temple Dive Center","4.9","424","Nusa Penida, Jl. Ped - Buyuk","Kabupaten Klungkung","Bali","ID","https://www.templediving.com/","+62 823-4065-5494","Tujuan Wisata","Pusat Menyelam",,,,,,,,,"https://www.google.com/maps/search/?api=1&query=Temple%20Dive%20Center&query_place_id=ChIJZ-sQb1Vz0i0RVkTujxIddGA","Tujuan Wisata"
"Bukit Buluh Temple","4.8","112","Jalan Raya Gunaksa, Gunaksa, Dawan","Kabupaten Klungkung","Bali","ID",,"+62 898-0763-221","Pura",,,,,,,,,,"https://www.google.com/maps/search/?api=1&query=Bukit%20Buluh%20Temple&query_place_id=ChIJRSElPXYR0i0RUoOlsO4yaDY","Pura"
"Pura Batu Lepang","4.5","43","Jl. Raya Takmung No.20","Kabupaten Klungkung","Bali","ID",,"","Pura","Tujuan Wisata",,,,,,,,,"https://www.google.com/maps/search/?api=1&query=Pura%20Batu%20Lepang&query_place_id=ChIJX2CCxvsT0i0R3Gx1PJUT1WI","Pura"
"Pura Batu Medawu ᬧᬸᬭ ᬩᬢᬸ ᬫᭂᬤᬯᬸ","4.7","103","7JC3+394","Kabupaten Klungkung","Bali","ID",,"","Pura","Tujuan Wisata",,,,,,,,,"https://www.google.com/maps/search/?api=1&query=Pura%20Batu%20Medawu%20%E1%AC%A7%E1%AC%B8%E1%AC%AD%20%E1%AC%A9%E1%AC%A2%E1%AC%B8%20%E1%AC%AB%E1%AD%82%E1%AC%A4%E1%AC%AF%E1%AC%B8&query_place_id=ChIJKfzWJ-520i0R__bdaWR-nQo","Pura"
"PURA DASAR BUANA GELGEL","4.8","932","Jl. Dauhbaleagung","Kabupaten Klungkung","Bali","ID",,"","Pura","Tujuan Wisata",,,,,,,,,"https://www.google.com/maps/search/?api=1&query=PURA%20DASAR%20BUANA%20GELGEL&query_place_id=ChIJdY6792ER0i0Rxl_qroSB4A0","Pura"
"Pura Semer Wah","4.8","16","7HXM+CCG","Kabupaten Klungkung","Bali","ID",,"","Pura",,,,,,,,,,"https://www.google.com/maps/search/?api=1&query=Pura%20Semer%20Wah&query_place_id=ChIJb_rLRBx00i0Ri4WUxJeFx9w","Pura"
"Hillside Temple and Viewpoint","4.8","8","6H7R+VP8","Kabupaten Klungkung","Bali","ID",,"","Pura",,,,,,,,,,"https://www.google.com/maps/search/?api=1&query=Hillside%20Temple%20and%20Viewpoint&query_place_id=ChIJlwcrTx950i0RaYG0j77kdkQ","Pura"
"Pura Dalem Desa Pekraman Sompang","4","2","7F99+PJ9","Kabupaten Klungkung","Bali","ID",,"","Pura",,,,,,,,,,"https://www.google.com/maps/search/?api=1&query=Pura%20Dalem%20Desa%20Pekraman%20Sompang&query_place_id=ChIJ9zcaHh9u0i0RNnyYnNkBSUA","Pura"
"Pura Dalem Kerangkeng ᬧᬸᬭ ᬤᬮᭂᬫ᭄ ᬓᭂᬭᬂᬓᭂᬂ","4.6","19","7G8F+WRH","Kabupaten Klungkung","Bali","ID","http://nusapenidatrip.com/","","Pura","Tujuan Wisata",,,,,,,,,"https://www.google.com/maps/search/?api=1&query=Pura%20Dalem%20Kerangkeng%20%E1%AC%A7%E1%AC%B8%E1%AC%AD%20%E1%AC%A4%E1%AC%AE%E1%AD%82%E1%AC%AB%E1%AD%84%20%E1%AC%93%E1%AD%82%E1%AC%AD%E1%AC%82%E1%AC%93%E1%AD%82%E1%AC%82&query_place_id=ChIJ32cougtx0i0RW9RtMRN4Joc","Pura"
"Pura Tunjuk Pusuh","4.8","14","6H8V+PR2, Jalan Pura Tunjuk","Kabupaten Klungkung","Bali","ID",,"","Pura","Tujuan Wisata",,,,,,,,,"https://www.google.com/maps/search/?api=1&query=Pura%20Tunjuk%20Pusuh&query_place_id=ChIJParKlAl30i0RRZrrWkPHCVE","Pura"
"Pura Dalem Dukut Sukun Nusa Penida","4.8","20","6GQF+P8J, sukun","Kabupaten Klungkung","Bali","ID",,"","Pura",,,,,,,,,,"https://www.google.com/maps/search/?api=1&query=Pura%20Dalem%20Dukut%20Sukun%20Nusa%20Penida&query_place_id=ChIJQZ3CmPdw0i0RC-UHVCqCUCQ","Pura"
"Pura Batur","4.7","63","Jl. Raya Sampalan No.33","Kabupaten Klungkung","Bali","ID",,"","Pura",,,,,,,,,,"https://www.google.com/maps/search/?api=1&query=Pura%20Batur&query_place_id=ChIJ0QX2j3ER0i0ReUP1d7-4lc4","Pura"
"Dadia Bandesa Manik Mas , Br.Kawan,Mas,Ubud","4.9","9","F74C+C3C","Kabupaten Gianyar","Bali","ID",,"","Museum",,,,,,,,,,"https://www.google.com/maps/search/?api=1&query=Dadia%20Bandesa%20Manik%20Mas%20%2C%20Br.Kawan%2CMas%2CUbud&query_place_id=ChIJFTj3QEI90i0RToqNLfJQT6w","Museum"
"Exotic Wonders Gallery | Art & Science Exhibit",,,"Exotic Campus Building, Jl. Bali Eksotik No.8","Kota Denpasar","Bali","ID",,"+62 812-3991-5588","Museum Anak-Anak",,,,,,,,,,"https://www.google.com/maps/search/?api=1&query=Exotic%20Wonders%20Gallery%20%7C%20Art%20%26%20Science%20Exhibit&query_place_id=ChIJ3YusMtBB0i0RwAfcOKltqeM","Museum Anak-Anak"
"Agung Jagatnatha Temple","4.7","1095","Jl. Surapati No.7","Kota Denpasar","Bali","ID",,"","Tujuan Wisata","Pura",,,,,,,,,"https://www.google.com/maps/search/?api=1&query=Agung%20Jagatnatha%20Temple&query_place_id=ChIJky6y2ZtA0i0RMPn08WYBq9E","Tujuan Wisata"
"Dewa Putu Toris Gallery","4.5","703","Jl. Raya Batuan No.12","Kabupaten Gianyar","Bali","ID","https://instagram.com/dewapututorisgallery?igshid=YmMyMTA2M2Y=","+62 813-3852-3333","Tujuan Wisata","Galeri Seni",,,,,,,,,"https://www.google.com/maps/search/?api=1&query=Dewa%20Putu%20Toris%20Gallery&query_place_id=ChIJ3-yHdxk-0i0R_2Z1VLyRKdM","Tujuan Wisata"
"Pas silver aksesoris and silver class","5","12","BR. Cemenggaon (Temp.Cakra, Gg. Gelatik No.6","Kabupaten Gianyar","Bali","ID",,"+62 812-3703-7628","Museum Kerajinan Tangan",,,,,,,,,,"https://www.google.com/maps/search/?api=1&query=Pas%20silver%20aksesoris%20and%20silver%20class&query_place_id=ChIJS2_oDUE90i0RS_wsxnr_O28","Museum Kerajinan Tangan"
"Bali Abode Gallery","4.6","9","SEZ Kura Kura Bali, Jl. Kura Kura Bali","Kota Denpasar","Bali","ID",,"","Museum Pusaka",,,,,,,,,,"https://www.google.com/maps/search/?api=1&query=Bali%20Abode%20Gallery&query_place_id=ChIJWzxXGcFB0i0RIIYb4pFNDWI","Museum Pusaka"
"Museum Wiswakarma","4.5","16","96RX+HPG","Kabupaten Gianyar","Bali","ID",,"+62 819-3803-1722","Organisasi Nonprofit",,,,,,,,,,"https://www.google.com/maps/search/?api=1&query=Museum%20Wiswakarma&query_place_id=ChIJ17d2cW8_0i0R43rS-S0AsbA","Organisasi Nonprofit"
"eks Stasiun Kalisamin","4.7","6","Jl. Cokroaminoto No.111","Kota Denpasar","Bali","ID",,"","Museum Rel Kereta",,,,,,,,,,"https://www.google.com/maps/search/?api=1&query=eks%20Stasiun%20Kalisamin&query_place_id=ChIJt0amhZc9ei4RKM82kYvgMlU","Museum Rel Kereta"
"Degung Painting Art Gallery","4.8","9",,"Kabupaten Gianyar","Bali","ID",,"+62 361 297358","Museum",,,,,,,,,,"https://www.google.com/maps/search/?api=1&query=Degung%20Painting%20Art%20Gallery&query_place_id=ChIJX8KUEBk-0i0RrsqSwWymB10","Museum"
"Handicraft Bali Balinese handicrafts Terracottapot & Furniture Kayu,Handicraft by The Morgan Art Dealer","5","4","Singapadu, Jl. Raya Samu","Kabupaten Gianyar","Bali","ID",,"+62 812-8695-5889","Museum Kerajinan Tangan",,,,,,,,,,"https://www.google.com/maps/search/?api=1&query=Handicraft%20Bali%20Balinese%20handicrafts%20Terracottapot%20%26%20Furniture%20Kayu%2CHandicraft%20by%20The%20Morgan%20Art%20Dealer&query_place_id=ChIJ2YQTMHU90i0RHbyrdeHfoMQ","Museum Kerajinan Tangan"
"Yayasan Sekah Ganesha","4.4","13","C87J+32R","Kabupaten Gianyar","Bali","ID",,"+62 812-3934-7234","Museum Sejarah",,,,,,,,,,"https://www.google.com/maps/search/?api=1&query=Yayasan%20Sekah%20Ganesha&query_place_id=ChIJxb-PQ7MV0i0RcZntRZqN5Qo","Museum Sejarah"
"Jero Tegeh Sibanggede","4.9","8","Jl. Raya Angantaka - Sibang Gede","Kabupaten Badung","Bali","ID",,"+62 851-0095-4743","Museum Seni",,,,,,,,,,"https://www.google.com/maps/search/?api=1&query=Jero%20Tegeh%20Sibanggede&query_place_id=ChIJD5nroW0_0i0R18AmFReZFF4","Museum Seni"
"Lapangan Niti Mandala Renon - Monumen Perjuangan Rakyat Bali","4.7","6829","86HM+438, Jl. Raya Puputan","Kota Denpasar","Bali","ID",,"","Taman Kota",,,,,,,,,,"https://www.google.com/maps/search/?api=1&query=Lapangan%20Niti%20Mandala%20Renon%20-%20Monumen%20Perjuangan%20Rakyat%20Bali&query_place_id=ChIJwTriT_RA0i0Rc-VfV_8K4EI","Taman Kota"
"The Aryan's","5","3","Jl. Pulau Saelus No.2","Kota Denpasar","Bali","ID",,"","Museum Patung",,,,,,,,,,"https://www.google.com/maps/search/?api=1&query=The%20Aryan's&query_place_id=ChIJmwd7IedA0i0RFEbsFLp7XWs","Museum Patung"
"Dream Beach Cliff","4.6","78","Lembongan island","Kabupaten Klungkung","Bali","ID",,"","Tujuan Wisata",,,,,,,,,,"https://www.google.com/maps/search/?api=1&query=Dream%20Beach%20Cliff&query_place_id=ChIJZ7Vt8FBt0i0RuIZpeP02bGQ","Tujuan Wisata"
"Manta Bay","3.3","317","7C8X+2H2","Kabupaten Klungkung","Bali","ID",,"","Tujuan Wisata",,,,,,,,,,"https://www.google.com/maps/search/?api=1&query=Manta%20Bay&query_place_id=ChIJLVeFMQBv0i0RTr5nlNna43I","Tujuan Wisata"
"Sampalan Point, Diving Spot","4.3","3","8HH4+XMQ, Sea",,"Bali","ID",,"","Tujuan Wisata",,,,,,,,,,"https://www.google.com/maps/search/?api=1&query=Sampalan%20Point%2C%20Diving%20Spot&query_place_id=ChIJuSRBNoNz0i0RZF0eRqOZpWw","Tujuan Wisata"
"Bali Spiritual, Open Cakra, Palm Reading & Tour","5","2","Jl. Tolu No.19","Kabupaten Gianyar","Bali","ID",,"+62 812-3960-4604","Tujuan Wisata",,,,,,,,,,"https://www.google.com/maps/search/?api=1&query=Bali%20Spiritual%2C%20Open%20Cakra%2C%20Palm%20Reading%20%26%20Tour&query_place_id=ChIJta_cbwAX0i0RkpdXPhlr_mo","Tujuan Wisata"
"Pantai Keramas","4.5","1406","Jl. Prof. Dr. Ida Bagus Mantra No.80551","Kabupaten Gianyar","Bali","ID",,"","Tujuan Wisata",,,,,,,,,,"https://www.google.com/maps/search/?api=1&query=Pantai%20Keramas&query_place_id=ChIJH3OlllUU0i0R7gr3r_FVZkY","Tujuan Wisata"
"Wisata Bukit Belong","4.3","347","FC3J+X2F, Jl. Bukit Belong","Kabupaten Klungkung","Bali","ID",,"","Tujuan Wisata",,,,,,,,,,"https://www.google.com/maps/search/?api=1&query=Wisata%20Bukit%20Belong&query_place_id=ChIJRSElPXYR0i0R-l62epaUmSw","Tujuan Wisata"
"MADE WATER SPOT AND TOUR LEMBONGAN","4","2","8C8V+Q42","Kabupaten Klungkung","Bali","ID",,"","Tujuan Wisata",,,,,,,,,,"https://www.google.com/maps/search/?api=1&query=MADE%20WATER%20SPOT%20AND%20TOUR%20LEMBONGAN&query_place_id=ChIJRwT2H2Zt0i0RoJX5Q2eY5cc","Tujuan Wisata"
"Atv Ubud Tour and driver organize","5","2","Jl. Banjar Kederi","Kabupaten Gianyar","Bali","ID",,"+62 812-3999-4897","Tujuan Wisata",,,,,,,,,,"https://www.google.com/maps/search/?api=1&query=Atv%20Ubud%20Tour%20and%20driver%20organize&query_place_id=ChIJsyCQLAA90i0R-2qXigP09-Q","Tujuan Wisata"
"mola mola spot","5","1","8GFH+QG7, Jl. Br Sental Kawan","Kabupaten Klungkung","Bali","ID",,"","Tujuan Wisata",,,,,,,,,,"https://www.google.com/maps/search/?api=1&query=mola%20mola%20spot&query_place_id=ChIJm7_-TwBz0i0RwzVaRlQaecU","Tujuan Wisata"
"Tama Penida Tour Car with Driver","4.9","46",,"Kabupaten Klungkung","Bali","ID","https://wa.link/i12cg3","+62 822-3700-1311","Tujuan Wisata",,,,,,,,,,"https://www.google.com/maps/search/?api=1&query=Tama%20Penida%20Tour%20Car%20with%20Driver&query_place_id=ChIJF6DjvW9x0i0R06Y31wtAHLw","Tujuan Wisata"
"Penidaa Trip Travel","5","3","8HCF+97F","Kabupaten Klungkung","Bali","ID",,"+62 812-3635-7855","Tujuan Wisata",,,,,,,,,,"https://www.google.com/maps/search/?api=1&query=Penidaa%20Trip%20Travel&query_place_id=ChIJ6dMjbGR10i0Rlsezm2O8Vck","Tujuan Wisata"
"Lembongan Snorkeling & Tour","5","80","Nusa lembongan, Jalan raya mangrove","Kabupaten Klungkung","Bali","ID","http://www.lembonganislandtour.com/","+62 821-4775-4582","Penyelenggara Perjalanan","Agen Tur Kapal","Penyelenggara aktivitas luar ruangan","Agen Tur Keliling Kota","Biro Wisata","Tujuan Wisata",,,,,"https://www.google.com/maps/search/?api=1&query=Lembongan%20Snorkeling%20%26%20Tour&query_place_id=ChIJY1Lqi3pt0i0R7EUie9PR8n4","Penyelenggara Perjalanan"
"Turtle Conservation And Education Center","4.6","1381","Jl. Tukad Punggawa","Kota Denpasar","Bali","ID","https://tcecserangan.jimdofree.com/","+62 813-3849-0357","Tujuan Wisata",,,,,,,,,,"https://www.google.com/maps/search/?api=1&query=Turtle%20Conservation%20And%20Education%20Center&query_place_id=ChIJpU4BioFB0i0RSOY_2VJqRv4","Tujuan Wisata"
"Bravo Bali Tour And Temple Tourism",,,"Jl. Raya Guwang No.1","Kabupaten Gianyar","Bali","ID",,"","Tujuan Wisata",,,,,,,,,,"https://www.google.com/maps/search/?api=1&query=Bravo%20Bali%20Tour%20And%20Temple%20Tourism&query_place_id=ChIJ1S0P6uYV0i0RJpuCya4sIxk","Tujuan Wisata"
"Batumulapan spot","5","3","Jl. Batumulapan",,,"ID",,"+62 823-0638-0386","Tujuan Wisata",,,,,,,,,,"https://www.google.com/maps/search/?api=1&query=Batumulapan%20spot&query_place_id=ChIJFSav0DF10i0RGlpNnIfQGy8","Tujuan Wisata"
"Bali Marine Walk","4.4","62","8CHX+H88, Gang. Nusa Indah Desa Jungut Batu","Kabupaten Klungkung","Bali","ID",,"","Tujuan Wisata","Pusat Menyelam","Penyelenggara aktivitas luar ruangan",,,,,,,,"https://www.google.com/maps/search/?api=1&query=Bali%20Marine%20Walk&query_place_id=ChIJrdIabbhB0i0RL71_fnUgqW0","Tujuan Wisata"
"Tropicurl group and soft Destination Tour","5","7","Secret beach Nusa ceningan","Kabupaten Klungkung","Bali","ID",,"+62 812-3838-2901","Biro Perjalanan dan Wisata","Agen Tur Kapal","Agen Tiket","Biro Wisata Bawah Laut","Agen Tur Keliling Kota","Penyelenggara Perjalanan","Tujuan Wisata","Pusat Informasi Pariwisata","Layanan Transportasi",,"https://www.google.com/maps/search/?api=1&query=Tropicurl%20group%20and%20soft%20Destination%20Tour&query_place_id=ChIJQZoPsaJt0i0Rk9K1e88-nN4","Biro Perjalanan dan Wisata"
"Devil's Billabong","4.6","113","7CGX+F6P, Unnamed Road","Kabupaten Klungkung","Bali","ID",,"","Tujuan Wisata",,,,,,,,,,"https://www.google.com/maps/search/?api=1&query=Devil's%20Billabong&query_place_id=ChIJEQ28hVJv0i0R6WY9o6NWqQA","Tujuan Wisata"
"Mabes Jetewa Team",,,"Jl. Gunung Kawi No.31","Kota Denpasar","Bali","ID",,"","Taman Hiburan",,,,,,,,,,"https://www.google.com/maps/search/?api=1&query=Mabes%20Jetewa%20Team&query_place_id=ChIJCbyPgG9B0i0Raqq7VKQB-AI","Taman Hiburan"
"Bali Wake Park & Aqualand","4.4","1959","Jl. Raya Pelabuhan Benoa No.7X","Kota Denpasar","Bali","ID","https://www.baliwakepark.com/bookings/","+62 361 8468866","Taman Rekreasi Air","Kompleks Kolam Renang","Restoran","Klub Olahraga","Jasa Ski Air",,,,,,"https://www.google.com/maps/search/?api=1&query=Bali%20Wake%20Park%20%26%20Aqualand&query_place_id=ChIJq6HQF2dB0i0RG4g6CYqaKd0","Taman Rekreasi Air"
"Padang Galak Beach","4.4","250","Jl. Padang Galak No.3","Kota Denpasar","Bali","ID",,"+62 813-3988-7774","Tujuan Wisata",,,,,,,,,,"https://www.google.com/maps/search/?api=1&query=Padang%20Galak%20Beach&query_place_id=ChIJZYCQDaBB0i0REH1e0r32ygc","Tujuan Wisata"
"Agrowisata Tupai Emas","4.7","98","Ekowisata Subak Sembung","Kota Denpasar","Bali","ID",,"+62 821-4645-8836","Taman","Tempat barbekyu","Kafe","Pusat Hiburan Anak-Anak","Arena Bermain Anak-Anak","Rumah Makan","Perkebunan Anggrek","Tujuan Wisata","Kebun Anggur","Kebun Binatang","https://www.google.com/maps/search/?api=1&query=Agrowisata%20Tupai%20Emas&query_place_id=ChIJBTBvxqw_0i0RwP0I6EPVFUQ","Taman"
"Games Lounge - Grand Mirage Resort","4.8","4","Jl. Pratama Jl. Nusa Dua No.74","Kabupaten Badung","Bali","ID","https://www.grandmirage.com/","+62 361 771888","Pusat Hiburan",,,,,,,,,,"https://www.google.com/maps/search/?api=1&query=Games%20Lounge%20-%20Grand%20Mirage%20Resort&query_place_id=ChIJ1ZBFighD0i0RyR4VZZRC1Yc","Pusat Hiburan"
"Timezone - Level 21 Mall","4.6","767","Jl. Teuku Umar No.1","Kota Denpasar","Bali","ID","https://www.timezonegames.com/en-id/locations/timezone-level-21-mall?utm_source=google&utm_medium=organic&utm_campaign=Google+My+Business&utm_term=plcid_4102028169592375055&utm_content=Timezone+Level+21+Mall+1st+Floor+-+Arcade+Games+-+Kota+Denpasar","","Pusat Hiburan Video Game Arkade","Pusat Hiburan Anak-Anak",,,,,,,,,"https://www.google.com/maps/search/?api=1&query=Timezone%20-%20Level%2021%20Mall&query_place_id=ChIJQV1QSJVA0i0RAM_eTBiBxIw","Pusat Hiburan Video Game Arkade"
"Shibuya Skate Bowl","4","4","Bhuana Anyar, Gg. Kwangen No.13","Kota Denpasar","Bali","ID","https://www.ukpurnama.id/","+62 819-5061-989","Pusat Hiburan",,,,,,,,,,"https://www.google.com/maps/search/?api=1&query=Shibuya%20Skate%20Bowl&query_place_id=ChIJy9seWnNB0i0RK8ASyYz0qfE","Pusat Hiburan"
"klhw","4.4","7","Jl. Ir. H. Juanda","Kota Denpasar","Bali","ID","https://sites.google.com/view/kementrianlingkunganhidupwibu/home","+62 819-0780-6366","Wahana Taman Hiburan",,,,,,,,,,"https://www.google.com/maps/search/?api=1&query=klhw&query_place_id=ChIJp8IxZdpB0i0RC5-huNQW_Ek","Wahana Taman Hiburan"
"Bali Marina","4","1","86VC+FRQ, Benoa Harbour Marina, JL Raya Pelabuhan Benoa","Kota Denpasar","Bali","ID",,"+62 361 723601","Taman Hiburan","Marina","Parkir",,,,,,,,"https://www.google.com/maps/search/?api=1&query=Bali%20Marina&query_place_id=ChIJ24BeDptA0i0RfPPpAr_nVRw","Taman Hiburan"
"Mara River Safari Lodge.","4.5","1958","The Amazing Taman Safari Bali, Jl. Prof. Dr. Ida Bagus Mantra No.Km. 19","Kabupaten Gianyar","Bali","ID","http://www.marariversafarilodge.com/","+62 361 4791800","Tujuan Wisata","Hotel Resor","Hotel",,,,,,,,"https://www.google.com/maps/search/?api=1&query=Mara%20River%20Safari%20Lodge.&query_place_id=ChIJo6QzdEYU0i0RxLqBITFR7H0","Tujuan Wisata"
"Kids SoHo Playground","4.6","775","Jl. Bypass Ngurah Rai No.278","Kota Denpasar","Bali","ID","https://kids-soho.com/","+62 812-3755-6788","Taman bermain",,,,,,,,,,"https://www.google.com/maps/search/?api=1&query=Kids%20SoHo%20Playground&query_place_id=ChIJC-q-kV9B0i0RjpXEdO5TxhI","Taman bermain"
"The room ps game","5","2","Jl. Dewata","Kota Denpasar","Bali","ID",,"+62 857-9266-1060","Wahana Taman Hiburan",,,,,,,,,,"https://www.google.com/maps/search/?api=1&query=The%20room%20ps%20game&query_place_id=ChIJbeo6dsRB0i0RcP5UeTaXo0w","Wahana Taman Hiburan"
"Skoebi-do Kids' Club","4.9","60","Jl. Batur Sari No.26","Kota Denpasar","Bali","ID","https://skoebido-childcarebali.com/","+62 812-3919-4038","Tempat Penitipan Anak",,,,,,,,,,"https://www.google.com/maps/search/?api=1&query=Skoebi-do%20Kids'%20Club&query_place_id=ChIJDfr3sc5B0i0RJqK9Jo0Rsak","Tempat Penitipan Anak"
"Taman PELINDO III","4.3","6","7645+VP8","Kota Denpasar","Bali","ID",,"+62 813-3018-0346","Wahana Taman Hiburan",,,,,,,,,,"https://www.google.com/maps/search/?api=1&query=Taman%20PELINDO%20III&query_place_id=ChIJ411q0vxD0i0RIOz36SEUvnI","Wahana Taman Hiburan"
"Wahana anak",,,"Jl. Bingin Jl. Segara Ayu No.9a","Kota Denpasar","Bali","ID",,"+62 819-7518-24349","Wahana Taman Hiburan",,,,,,,,,,"https://www.google.com/maps/search/?api=1&query=Wahana%20anak&query_place_id=ChIJa5cWI_470i0Rfz6dACXArqA","Wahana Taman Hiburan"
"Markas UDB TEAM Batuyang","5","1","97GF+8CV, Jl. Batuyang","Kabupaten Gianyar","Bali","ID",,"","Taman Hiburan",,,,,,,,,,"https://www.google.com/maps/search/?api=1&query=Markas%20UDB%20TEAM%20Batuyang&query_place_id=ChIJca41NIk_0i0RmCeUC24T8aY","Taman Hiburan"
"Bebek Tungku","5","2","Jl. WR Supratman Gg Candra Metu No.3x","Kota Denpasar","Bali","ID",,"","Museum Seni",,,,,,,,,,"https://www.google.com/maps/search/?api=1&query=Bebek%20Tungku&query_place_id=ChIJhWBWIAA_0i0RRHvlYSwbiXg","Museum Seni"
"PADEPOKAN RWA BHINEDA BALI","4.9","8","Gg. VIII No.4a","Kota Denpasar","Bali","ID",,"+62 813-3709-9998","Museum Sejarah",,,,,,,,,,"https://www.google.com/maps/search/?api=1&query=PADEPOKAN%20RWA%20BHINEDA%20BALI&query_place_id=ChIJKdHEcoVA0i0ROiYmV7_iK84","Museum Sejarah"
"Puri Oka Denpasar","5","1","Jl. Mayor Wisnu No.I / 10","Kota Denpasar","Bali","ID",,"+62 812-3819-6464","Museum Sejarah Lokal",,,,,,,,,,"https://www.google.com/maps/search/?api=1&query=Puri%20Oka%20Denpasar&query_place_id=ChIJ7RTNjT9B0i0RLdRtUboDYDs","Museum Sejarah Lokal"
"The Laguna Resort & Spa Nusa Dua, Bali The Luxury Collection","4.7","3593","Kawasan Pariwisata, Jl. Nusa Dua No.2 Lot N","Kabupaten Badung","Bali","ID","https://www.marriott.com/en-us/hotels/dpslc-the-laguna-a-luxury-collection-resort-and-spa-nusa-dua-bali/overview/?scid=f2ae0541-1279-4f24-b197-a979c79310b0","+62 361 771327","Hotel","Jasa Penyelenggaraan Rapat","Gedung Pernikahan",,,,,,,,"https://www.google.com/maps/search/?api=1&query=The%20Laguna%20Resort%20%26%20Spa%20Nusa%20Dua%2C%20Bali%20The%20Luxury%20Collection&query_place_id=ChIJGVcbnCZD0i0Rgr93Q2UcMds","Hotel"
"Kipas Wiracana","4.6","182","Jalan Raya Sesetan 63, Gg. Merpati No.3","Kota Denpasar","Bali","ID","http://www.wiracana-handfan.com/","+62 878-7476-6600","Toko Suvenir","Toko Kerajinan Tangan","Museum Kerajinan Tangan",,,,,,,,"https://www.google.com/maps/search/?api=1&query=Kipas%20Wiracana&query_place_id=ChIJ3bZRNeZA0i0RAYfkeurNqDo","Toko Suvenir"
"Alam Puri Art Museum Resort Spa","5","8",,"Kota Denpasar","Bali","ID","https://br.bluepillow.com/search/67b33f1457129f09023897a8?dest=htpn&cat=&lat=-8.60692&lng=115.23649&language=pt","","Rumah","Persewaan liburan",,,,,,,,,"https://www.google.com/maps/search/?api=1&query=Alam%20Puri%20Art%20Museum%20Resort%20Spa&query_place_id=ChIJefDIX1U-0i0RLtRqhaMKTlI","Rumah"
"Museum Penanggulangan Terorisme Polda Bali","4.4","16","964W+3VQ","Kota Denpasar","Bali","ID",,"","Museum",,,,,,,,,,"https://www.google.com/maps/search/?api=1&query=Museum%20Penanggulangan%20Terorisme%20Polda%20Bali&query_place_id=ChIJdzrhoJ4_0i0ROk1p0eBjhiw","Museum"
"Njana Tilem Gallery","4.9","42","Jl. Raya Mas No.116","Kabupaten Gianyar","Bali","ID",,"+62 361 975099","Galeri Seni","Toko",,,,,,,,,"https://www.google.com/maps/search/?api=1&query=Njana%20Tilem%20Gallery&query_place_id=ChIJGTUvYo090i0RSRpw7dC_FyU","Galeri Seni"
"Alam Puri Art Museum and Villas","3.8249998","15",,"Kota Denpasar","Bali","ID","https://deals.vio.com/?sig=73aca13c7f952d2641c156f3e69125e1eb497c325f122828ee5aa8797168b9a12d32303331333438363233&turl=https%3A%2F%2Fwww.vio.com%2FHotel%2FSearch%3FhotelId%3D152480112%26utm_source%3Dgha-vr%26utm_campaign%3Dstatic%26openHotelDetails%3D1","","Rental Akomodasi","Persewaan liburan",,,,,,,,,"https://www.google.com/maps/search/?api=1&query=Alam%20Puri%20Art%20Museum%20and%20Villas&query_place_id=ChIJK-FXyKo_0i0RYL5qXmThGVw","Rental Akomodasi"
"Mahkota Art Sucipto","4.6","5","Jl. Lettu Wayan Sutha II Br. Jungut","Kabupaten Gianyar","Bali","ID","https://www.facebook.com/share/1ALRPWekC5/","+62 857-3812-1908","Lukisan","Galeri Seni","Museum Seni","Restorasi Karya Seni","Seniman","Toko Suvenir",,,,,"https://www.google.com/maps/search/?api=1&query=Mahkota%20Art%20Sucipto&query_place_id=ChIJm6VXyl4_0i0RM4R1236oZ1g","Lukisan"
"Alam Puri Art Museum and Villas - Suite",,,,"Kota Denpasar","Bali","ID","https://br.bluepillow.com/search/695e5f56ac408a6eb70a6f28?dest=bkng&cat=Apartment&lat=-8.60853&lng=115.23801&language=pt","","Apartemen","Persewaan liburan",,,,,,,,,"https://www.google.com/maps/search/?api=1&query=Alam%20Puri%20Art%20Museum%20and%20Villas%20-%20Suite&query_place_id=ChIJrXZYyKo_0i0RRJuze5g6w0I","Apartemen"
"Titisan Art","4.9","82","Jl. Danau Tamblingan No.170","Kota Denpasar","Bali","ID",,"+62 812-8532-2541","Toko Barang Antik",,,,,,,,,,"https://www.google.com/maps/search/?api=1&query=Titisan%20Art&query_place_id=ChIJ_VVEzMdB0i0RBhfXl8DL6Es","Toko Barang Antik"
"Alam Puri Art Museum and Villas - Two-Bedroom Villa",,,,"Kota Denpasar","Bali","ID","https://br.bluepillow.com/search/69499ad20c60a53fb7d76c01?dest=nuit&cat=&lat=-8.60852&lng=115.23801&language=pt","","Rumah","Persewaan liburan",,,,,,,,,"https://www.google.com/maps/search/?api=1&query=Alam%20Puri%20Art%20Museum%20and%20Villas%20-%20Two-Bedroom%20Villa&query_place_id=ChIJK-FXyKo_0i0RMuCsodkd8Gk","Rumah"
"Alam Puri Art Museum and Villas - Villa with Private Pool",,,,"Kota Denpasar","Bali","ID","https://br.bluepillow.com/search/695e5f56ac408a6eb70a6f28/1206102904?dest=bkng&cat=Apartment&lat=-8.60853&lng=115.23801&language=pt","","Apartemen","Persewaan liburan",,,,,,,,,"https://www.google.com/maps/search/?api=1&query=Alam%20Puri%20Art%20Museum%20and%20Villas%20-%20Villa%20with%20Private%20Pool&query_place_id=ChIJrXZYyKo_0i0RXGDfQtOE2gY","Apartemen"
"Roemah Hanoman","4.6","12",,"Kabupaten Gianyar","Bali","ID",,"","Perhimpunan Pengembang Perumahan",,,,,,,,,,"https://www.google.com/maps/search/?api=1&query=Roemah%20Hanoman&query_place_id=ChIJWdnx3I090i0RnkKyWfPjSDk","Perhimpunan Pengembang Perumahan"
"Kita Heritage Silver Making by Parallel Universe","5","3","Jl. Raya Celuk","Kabupaten Gianyar","Bali","ID","https://www.paralleluniversejewelry.com/workshop-2","+62 811-3961-0056","Pabrik Logam","Museum Seni","Toko Perhiasan","Perajin perak",,,,,,,"https://www.google.com/maps/search/?api=1&query=Kita%20Heritage%20Silver%20Making%20by%20Parallel%20Universe&query_place_id=ChIJLXq9fks-0i0Rnx6bcNjBikQ","Pabrik Logam"
"Turbo Theatre","4.3","3","87V8+47R","Kota Denpasar","Bali","ID",,"","Bioskop",,,,,,,,,,"https://www.google.com/maps/search/?api=1&query=Turbo%20Theatre&query_place_id=ChIJ4eYH9PlB0i0Rn5AdAJUftTI","Bioskop"
"Halo Bali Day Tour","5","7","Gg. Kamboja 9","Kabupaten Gianyar","Bali","ID","https://bit.ly/4j2vKSo","+62 877-7727-0868","Biro Wisata","Wahana Taman Hiburan",,,,,,,,,"https://www.google.com/maps/search/?api=1&query=Halo%20Bali%20Day%20Tour&query_place_id=ChIJ15DguOQ_0i0RSzsiiuEToDU","Biro Wisata"
"(0812 7397 2365) Penyu Benoa","4.1","12",,,,"ID",,"","Wahana Taman Hiburan",,,,,,,,,,"https://www.google.com/maps/search/?api=1&query=(0812%207397%202365)%20Penyu%20Benoa&query_place_id=ChIJAe9iDqFD0i0RZJSmwfyXO44","Wahana Taman Hiburan"
"Vihara Satya Dharma","4.8","2360","76H7+HQP, Jl. Raya Pelabuhan Benoa","Kota Denpasar","Bali","ID",,"+62 361 9378035","Vihara","Tujuan Wisata",,,,,,,,,"https://www.google.com/maps/search/?api=1&query=Vihara%20Satya%20Dharma&query_place_id=ChIJ1T4032dB0i0R-Pca40moFVc","Vihara"
"Pura Puseh Desa Batuan","4.5","4244","C79G+37, Jl. Raya Batuan","Kabupaten Gianyar","Bali","ID",,"","Pura","Tempat Ibadah","Tujuan Wisata",,,,,,,,"https://www.google.com/maps/search/?api=1&query=Pura%20Puseh%20Desa%20Batuan&query_place_id=ChIJ6XouFxk-0i0RB1BejUtsl5o","Pura"
"Pura Taman Pule","4.8","839","Banjar Batanancak","Kabupaten Gianyar","Bali","ID",,"","Pura",,,,,,,,,,"https://www.google.com/maps/search/?api=1&query=Pura%20Taman%20Pule&query_place_id=ChIJs8OKDI090i0RdBQVLWKILIo","Pura"
"Pura Sakenan","4.7","731","76FH+WQ3, Jl. Pulau Serangan","Kota Denpasar","Bali","ID",,"","Pura","Tujuan Wisata",,,,,,,,,"https://www.google.com/maps/search/?api=1&query=Pura%20Sakenan&query_place_id=ChIJM7nrKSM_0i0RIfYXvNa8uFo","Pura"
"Pura Jagatnatha","4.6","143","Jl. Nusa Dua","Kabupaten Badung","Bali","ID","http://www.balitravelhub.com/temples/jagatnata-temple/","+62 361 771010","Pura","Tujuan Wisata",,,,,,,,,"https://www.google.com/maps/search/?api=1&query=Pura%20Jagatnatha&query_place_id=ChIJ-bJwXDhD0i0RhTYZWmWRVLg","Pura"
"Batubulan Temple","4.4","96","Gang 9 No.0, Denpasar Utara","Kabupaten Gianyar","Bali","ID",,"","Pura",,,,,,,,,,"https://www.google.com/maps/search/?api=1&query=Batubulan%20Temple&query_place_id=ChIJ35WzQEs-0i0RQ065su4MaSY","Pura"
"PESRAMAN SRI JAGANNATH GAURANGGA","4.7","107","76XR+RC3, Jl. Tukad Balian No.108X","Kota Denpasar","Bali","ID",,"+62 822-3708-8860","Pura",,,,,,,,,,"https://www.google.com/maps/search/?api=1&query=PESRAMAN%20SRI%20JAGANNATH%20GAURANGGA&query_place_id=ChIJnRNDaaZB0i0RjMtG4ocftOU","Pura"
"Pura Geger Dalem Pemutih","4.5","529","56JF+7RH, Jl. Pura Geger","Kabupaten Badung","Bali","ID",,"","Pura","Tujuan Wisata",,,,,,,,,"https://www.google.com/maps/search/?api=1&query=Pura%20Geger%20Dalem%20Pemutih&query_place_id=ChIJQYlQxc9c0i0R7kkiQ6wStqw","Pura"
"Pura Nusa Dharma Nusa Dua","4.5","150","662P+WP5","Kabupaten Badung","Bali","ID",,"","Pura",,,,,,,,,,"https://www.google.com/maps/search/?api=1&query=Pura%20Nusa%20Dharma%20Nusa%20Dua&query_place_id=ChIJKRhrh9hC0i0RYLidpnnTgSk","Pura"
"Pura Dalem Tengkulung","4.6","35","Jl. Pratama No.72","Kabupaten Badung","Bali","ID",,"","Pura","Tujuan Wisata",,,,,,,,,"https://www.google.com/maps/search/?api=1&query=Pura%20Dalem%20Tengkulung&query_place_id=ChIJ-YP_sqdD0i0R-bqJ2pwxpro","Pura"
"Pura Patal","4.2","12","80228, Jl. Segara Ayu No.1","Kota Denpasar","Bali","ID",,"","Pura","Tujuan Wisata",,,,,,,,,"https://www.google.com/maps/search/?api=1&query=Pura%20Patal&query_place_id=ChIJg2vclDRA0i0RE8meWwt3NMw","Pura"
"Pura Campuhan Windhu Segara Padanggalak Denpasar","4.8","224","87V9+X5M","Kota Denpasar","Bali","ID",,"","Pura",,,,,,,,,,"https://www.google.com/maps/search/?api=1&query=Pura%20Campuhan%20Windhu%20Segara%20Padanggalak%20Denpasar&query_place_id=ChIJA-kuEw5A0i0RtUKNDSWfuno","Pura"
"Pura Agung Kentel Gumi | ᬧᬸᬭ ᬓᭂᬦ᭄ᬢᭂᬮ᭄​ ᬕᬸᬫᬶ᭟​","4.8","446","Jl. Raya Banjarangkan No.4","Kabupaten Klungkung","Bali","ID",,"","Pura","Tujuan Wisata",,,,,,,,,"https://www.google.com/maps/search/?api=1&query=Pura%20Agung%20Kentel%20Gumi%20%7C%20%E1%AC%A7%E1%AC%B8%E1%AC%AD%20%E1%AC%93%E1%AD%82%E1%AC%A6%E1%AD%84%E1%AC%A2%E1%AD%82%E1%AC%AE%E1%AD%84%E2%80%8B%20%E1%AC%95%E1%AC%B8%E1%AC%AB%E1%AC%B6%E1%AD%9F%E2%80%8B&query_place_id=ChIJAQAAALcW0i0Rf3_Usb95iAU","Pura"
"Coffee Temple","5","83","Jl. Tukad Citarum Blk. J No.42c","Kota Denpasar","Bali","ID",,"+62 858-5150-9093","Kedai Kopi",,,,,,,,,,"https://www.google.com/maps/search/?api=1&query=Coffee%20Temple&query_place_id=ChIJRyIGbopB0i0RhjVzrwEh1O8","Kedai Kopi"
"Segara Ayu Beach","4.7","72","Jl. Segara Ayu No.8","Kota Denpasar","Bali","ID",,"","Tujuan Wisata",,,,,,,,,,"https://www.google.com/maps/search/?api=1&query=Segara%20Ayu%20Beach&query_place_id=ChIJa43M0tJB0i0RrshOimbHjdc","Tujuan Wisata"
"Pantai Masceti","4.5","1765","Jl. Pantai Masceti","Kabupaten Gianyar","Bali","ID","https://www.instagram.com/reel/C4hAyrSrGtF/","","Tujuan Wisata",,,,,,,,,,"https://www.google.com/maps/search/?api=1&query=Pantai%20Masceti&query_place_id=ChIJgzr9JFoU0i0RHE__r7bNo7Y","Tujuan Wisata"
"Radiance tour Lembongan","5","1","8C7J+8VP, Sunset Rd","Kabupaten Klungkung","Bali","ID",,"","Tujuan Wisata",,,,,,,,,,"https://www.google.com/maps/search/?api=1&query=Radiance%20tour%20Lembongan&query_place_id=ChIJTdv43OFt0i0RrylPU-Tw7Eg","Tujuan Wisata"
"Trueblue Lembongan Tour & Activities","5","58","Banjar Kaja No.Desa","Kabupaten Klungkung","Bali","ID","https://truebluelembongantour.com/","+62 821-4528-0525","Biro Wisata","Tujuan Wisata","Pusat Informasi Pariwisata","Biro Perjalanan dan Wisata",,,,,,,"https://www.google.com/maps/search/?api=1&query=Trueblue%20Lembongan%20Tour%20%26%20Activities&query_place_id=ChIJSQS5PQBt0i0RIlfEJlvIhew","Biro Wisata"
"Tour of the kingdom of Gerenceng Palace","5","1","86W6+R8W, Jl. Sutomo Br blong gede","Kota Denpasar","Bali","ID",,"","Tujuan Wisata",,,,,,,,,,"https://www.google.com/maps/search/?api=1&query=Tour%20of%20the%20kingdom%20of%20Gerenceng%20Palace&query_place_id=ChIJqXc8szRB0i0ROPOEi2O5gT4","Tujuan Wisata"
"Explain Bali Private Driver & Tour","5","1","Jl. Smki Gg. Ulunsui No.5","Kabupaten Gianyar","Bali","ID",,"+62 857-3743-9224","Tujuan Wisata",,,,,,,,,,"https://www.google.com/maps/search/?api=1&query=Explain%20Bali%20Private%20Driver%20%26%20Tour&query_place_id=ChIJwb3gv7A_0i0R9BS1a4OvboI","Tujuan Wisata"
"SENTAL Snorkeling Spot","3.8","5","8GFG+5CC","Kabupaten Klungkung","Bali","ID",,"","Tujuan Wisata",,,,,,,,,,"https://www.google.com/maps/search/?api=1&query=SENTAL%20Snorkeling%20Spot&query_place_id=ChIJqTC0XeFz0i0RnYJDFd8ZiyY","Tujuan Wisata"
"Siyut Beach","4.3","484","Jl. Raya Pantai Siyut","Kabupaten Gianyar","Bali","ID",,"","Tujuan Wisata",,,,,,,,,,"https://www.google.com/maps/search/?api=1&query=Siyut%20Beach&query_place_id=ChIJG7UCNAwU0i0RlG1gz941c_U","Tujuan Wisata"
"Nusa penida may tour",,,"Jln.nyangkit mekar indah No.04 Ds","Kabupaten Klungkung","Bali","ID",,"","Tujuan Wisata",,,,,,,,,,"https://www.google.com/maps/search/?api=1&query=Nusa%20penida%20may%20tour&query_place_id=ChIJPcvBagBx0i0Rutno6HdP-Fk","Tujuan Wisata"
"Jambe Asri Agrotourism","4.2","1353","97V2+V6V, Jl. Pura Dalem Tegal Tamu","Kabupaten Gianyar","Bali","ID","https://jambeasriagrotourism.com/","","Tujuan Wisata",,,,,,,,,,"https://www.google.com/maps/search/?api=1&query=Jambe%20Asri%20Agrotourism&query_place_id=ChIJ-6ufGk0-0i0RJobWpul5yw0","Tujuan Wisata"
"Blue Lagoon Nusa Ceningan","4.7","3993","Jl. Nusa Ceningan","Kabupaten Klungkung","Bali","ID",,"","Tujuan Wisata",,,,,,,,,,"https://www.google.com/maps/search/?api=1&query=Blue%20Lagoon%20Nusa%20Ceningan&query_place_id=ChIJWThj4VUP0i0REbg5J8zWmOw","Tujuan Wisata"
"Seaweed farm area","4.7","21","8C4R+88R Nusa Lembongan","Kabupaten Klungkung","Bali","ID",,"","Tujuan Wisata",,,,,,,,,,"https://www.google.com/maps/search/?api=1&query=Seaweed%20farm%20area&query_place_id=ChIJQxkEtoRt0i0RO9KEcR-_0fg","Tujuan Wisata"
"Nusa Penida","4.7","3","Nusa Penida Tour - Atuh Beach","Kabupaten Klungkung","Bali","ID",,"","Tujuan Wisata",,,,,,,,,,"https://www.google.com/maps/search/?api=1&query=Nusa%20Penida&query_place_id=ChIJKf5cDx530i0RpP2w_s2o2rI","Tujuan Wisata"
"TAXI NUSAPENIDASTREETOUR","5","24","Batumulapan","Kabupaten Klungkung","Bali","ID","https://nusapenidastreettour.com/","+62 812-3832-8300","Tujuan Wisata","Pusat Informasi Pariwisata",,,,,,,,,"https://www.google.com/maps/search/?api=1&query=TAXI%20NUSAPENIDASTREETOUR&query_place_id=ChIJeQdNcNJ10i0R3GL9ZaQCsXw","Tujuan Wisata"
"UC Jewelry / UC Silver Bali","4.4","3057","Jl. WR Supratman No.2","Kabupaten Gianyar","Bali","ID","http://uc-silver.com/","+62 811-3892-666","Toko Perhiasan",,,,,,,,,,"https://www.google.com/maps/search/?api=1&query=UC%20Jewelry%20%2F%20UC%20Silver%20Bali&query_place_id=ChIJa2eVO5M_0i0R5tI5OvnWLUQ","Toko Perhiasan"
"D'Jero Art Space & Homestay","5","13","Jl. A.A. Gede Rai","Kabupaten Gianyar","Bali","ID",,"+62 878-6136-3469","Rumah wisata","Guest house",,,,,,,,,"https://www.google.com/maps/search/?api=1&query=D'Jero%20Art%20Space%20%26%20Homestay&query_place_id=ChIJr8LymN090i0RrQjw1Ero-zw","Rumah wisata"
"Holiday Inn Bali Sanur by IHG","4.7","956","Jl. Kusuma Sari No.4","Kota Denpasar","Bali","ID","https://www.ihg.com/holidayinn/hotels/us/en/bali/dpsbs/hoteldetail?cm_mmc=GoogleMaps-_-HI-_-ID-_-DPSBS","+62 361 2098999","Hotel",,,,,,,,,,"https://www.google.com/maps/search/?api=1&query=Holiday%20Inn%20Bali%20Sanur%20by%20IHG&query_place_id=ChIJaUCdZVdB0i0RoBalNrAa3xU","Hotel"
"Mulia Villas - Nusa Dua Bali","4.8","1289","Kawasan Sawangan, Jl. Raya Nusa Dua Selatan Jl. Nusa Dua","Kabupaten Badung","Bali","ID","https://www.themulia.com/bali/mulia-villas","+62 361 8467777","Vila","Hotel","Hotel Resor",,,,,,,,"https://www.google.com/maps/search/?api=1&query=Mulia%20Villas%20-%20Nusa%20Dua%20Bali&query_place_id=ChIJcSwDAsxc0i0RLWsuHHyTTxE","Vila"
"OYO 91738 Ciung Wanara Guest House","4.2","5","Kemerdekaan Museum Bali, 9, Jl. Ciungwanara II No.9","Bali","Bali","ID","https://www.oyorooms.com/h/193007?utm_source=Google_gmb_ID&utm_medium=Organic&utm_campaign=ID_BLI392&latitude=-8.67444&longitude=115.2344&locale=id","+62 21 29707601","Hotel",,,,,,,,,,"https://www.google.com/maps/search/?api=1&query=OYO%2091738%20Ciung%20Wanara%20Guest%20House&query_place_id=ChIJRbLbvV1B0i0RIIPHqvdKoQs","Hotel"
"Bali Zoo","4.5","27170","Jl. Raya Singapadu","Kabupaten Gianyar","Bali","ID","http://www.bali-zoo.com/","+62 878-8020-0200","Kebun Binatang","Cagar Alam","Tujuan Wisata","Taman margasatwa",,,,,,,"https://www.google.com/maps/search/?api=1&query=Bali%20Zoo&query_place_id=ChIJpe5hQz4-0i0RvsbXvzbr9Ds","Kebun Binatang"
"Cat island Lembongan","4.8","574","Jl. Raya Lembongan","Kabupaten Klungkung","Bali","ID","https://www.instagram.com/cats.island.bali/","+62 813-2277-3312","Kebun Binatang",,,,,,,,,,"https://www.google.com/maps/search/?api=1&query=Cat%20island%20Lembongan&query_place_id=ChIJ_9oW8-ht0i0RmbW8pvXPFEw","Kebun Binatang"
"Hidden Mini Zoo Bali","4.8","3104","Banjar Sakih, Jl. Pandu","Kabupaten Gianyar","Bali","ID","https://hiddenminizoobali.com/","+62 812-1234-3485","Kebun Binatang","Tujuan Wisata",,,,,,,,,"https://www.google.com/maps/search/?api=1&query=Hidden%20Mini%20Zoo%20Bali&query_place_id=ChIJb8UIyH8V0i0RZaXefe5gpKU","Kebun Binatang"
"Bali Bird Park","4.6","13948","Jl. Serma Cok Ngurah Gambir Singapadu, Jl. Bird Park","Kabupaten Gianyar","Bali","ID","http://www.balibirdpark.com/","+62 361 299352","Kebun Binatang","Area Pengamatan Burung","Taman","Tujuan Wisata","Taman margasatwa",,,,,,"https://www.google.com/maps/search/?api=1&query=Bali%20Bird%20Park&query_place_id=ChIJD0zF-k4-0i0RLDhW9qwgiV8","Kebun Binatang"
"Dimol Zoo",,,"8C5P+GVV","Kabupaten Klungkung","Bali","ID",,"","Taman bermain",,,,,,,,,,"https://www.google.com/maps/search/?api=1&query=Dimol%20Zoo&query_place_id=ChIJf91t6L1t0i0RfQqRkHSOKoI","Taman bermain"
"bali zoo","4.9","369","Jl. Raya Legian No.33B","Kabupaten Badung","Bali","ID",,"+62 812-3776-8888","Biro Wisata",,,,,,,,,,"https://www.google.com/maps/search/?api=1&query=bali%20zoo&query_place_id=ChIJec7DBo1H0i0Re2Z7ScEWZc8","Biro Wisata"
"Blue Lagoon View","4.7","132","Ceningan Island","Kabupaten Klungkung","Bali","ID","https://www.instagram.com/reel/C4hAyrSrGtF/","","Tujuan Wisata",,,,,,,,,,"https://www.google.com/maps/search/?api=1&query=Blue%20Lagoon%20View&query_place_id=ChIJP3wj0NBt0i0RmRn6gnahoV4","Tujuan Wisata"
"MERTA FARM","5","1","FC9W+VC8","Kabupaten Klungkung","Bali","ID",,"","Kebun Binatang",,,,,,,,,,"https://www.google.com/maps/search/?api=1&query=MERTA%20FARM&query_place_id=ChIJSQ1WIQAR0i0RXeXlJ9Ntwwg","Kebun Binatang"
"Giraffe feeding point","4.7","3","C8CW+F4","Kabupaten Gianyar","Bali","ID",,"","Kebun Binatang",,,,,,,,,,"https://www.google.com/maps/search/?api=1&query=Giraffe%20feeding%20point&query_place_id=ChIJ5YXFdwAV0i0RXgfdsKLLbus","Kebun Binatang"
"HARIMAU SHOW","3.9","17","C8CV+4MJ","Kabupaten Gianyar","Bali","ID",,"","Kebun Binatang",,,,,,,,,,"https://www.google.com/maps/search/?api=1&query=HARIMAU%20SHOW&query_place_id=ChIJa7tj5pkV0i0RRrPl4q5AmH8","Kebun Binatang"
"BALI ZOO",,,"Perumahan Puri Gading, Jl. Nuri No.17 blok B3","Kabupaten Badung","Bali","ID",,"+62 813-3727-3250","Kebun Binatang",,,,,,,,,,"https://www.google.com/maps/search/?api=1&query=BALI%20ZOO&query_place_id=ChIJi8leZZxF0i0Rn2UjgM2kZt4","Kebun Binatang"
"Safari Bali","4.3","265","Jalan Bypass Jl. Prof. Dr. Ida Bagus Mantra No.19","Kabupaten Gianyar","Bali","ID",,"+62 361 950000","Penginapan",,,,,,,,,,"https://www.google.com/maps/search/?api=1&query=Safari%20Bali&query_place_id=ChIJT5WkBwsV0i0RaWZs8SqP1ms","Penginapan"
"made Suarnawa Home",,,"FC74+5QG, Jl. Darmawangsa Gg. VIII","Kabupaten Klungkung","Bali","ID",,"","Kebun Binatang",,,,,,,,,,"https://www.google.com/maps/search/?api=1&query=made%20Suarnawa%20Home&query_place_id=ChIJ8UfugaAR0i0RFuMf9BFC3rA","Kebun Binatang"
"Pura Maospahit ( Dang Kahyangan Jagat )","4.7","55","Jl. Sutomo No.6","Kota Denpasar","Bali","ID",,"","Pura",,,,,,,,,,"https://www.google.com/maps/search/?api=1&query=Pura%20Maospahit%20(%20Dang%20Kahyangan%20Jagat%20)&query_place_id=ChIJCYx_u6FA0i0RzkvmBKY813E","Pura"
"Vihara Amurva Bhumi Blahbatuh","4.8","429","Jl. Wisma Gajah Mada No.1","Kabupaten Gianyar","Bali","ID",,"+62 361 4791542","Vihara","Tujuan Wisata",,,,,,,,,"https://www.google.com/maps/search/?api=1&query=Vihara%20Amurva%20Bhumi%20Blahbatuh&query_place_id=ChIJm_XIqxQW0i0R8RyQmCpK7SE","Vihara"
"Pura Beji Tirtha Harum","4.5","12","766H+GRQ","Kota Denpasar","Bali","ID",,"","Pura",,,,,,,,,,"https://www.google.com/maps/search/?api=1&query=Pura%20Beji%20Tirtha%20Harum&query_place_id=ChIJo5VlktFD0i0RIFSv3yD4vaw","Pura"
"ISKCON BALI SRI SRI RADHA RASESVARA MANDIR","4.8","143","Subak Darmayasa, Banjar Dualang, Jl. Tanah Putih Jl. Tanah Ayu No.Gang","Kabupaten Badung","Bali","ID",,"+62 811-399-380","Pura",,,,,,,,,,"https://www.google.com/maps/search/?api=1&query=ISKCON%20BALI%20SRI%20SRI%20RADHA%20RASESVARA%20MANDIR&query_place_id=ChIJPY3nqqU-0i0RV8twGhryrvQ","Pura"
"Luhur Catur Kanda Pat Sari Temple","4.7","26","96VC+FF4, Jl. Antasura","Kota Denpasar","Bali","ID",,"","Pura",,,,,,,,,,"https://www.google.com/maps/search/?api=1&query=Luhur%20Catur%20Kanda%20Pat%20Sari%20Temple&query_place_id=ChIJz5x5q-M-0i0R-5lfV3qmUsU","Pura"
"Pura Majapahit","4.8","11","Jl. Imam Bonjol No.237","Kota Denpasar","Bali","ID",,"","Pura",,,,,,,,,,"https://www.google.com/maps/search/?api=1&query=Pura%20Majapahit&query_place_id=ChIJL-mSTLlA0i0RLQaMgS1GTRg","Pura"
"Pura Dalem Ageng","5","3","F744+22H","Kabupaten Gianyar","Bali","ID",,"","Pura",,,,,,,,,,"https://www.google.com/maps/search/?api=1&query=Pura%20Dalem%20Ageng&query_place_id=ChIJhSCnOL890i0R7j12wZ6hkd4","Pura"
"PuraTirta Empul Merta Sari","4.3","54","77Q2+4M3","Kota Denpasar","Bali","ID",,"+62 812-3604-8155","Pura",,,,,,,,,,"https://www.google.com/maps/search/?api=1&query=PuraTirta%20Empul%20Merta%20Sari&query_place_id=ChIJzcXk3pZB0i0RhsokBmR-TA8","Pura"
"Pura Ulun Danu Sesetan","4.7","30","76X9+WQP, JL. Diponegoro","Kota Denpasar","Bali","ID",,"","Pura",,,,,,,,,,"https://www.google.com/maps/search/?api=1&query=Pura%20Ulun%20Danu%20Sesetan&query_place_id=ChIJK_X5CBpB0i0RrVvyqsQHpJQ","Pura"
"Pura Batu Bintang","4.7","18","Jl. Pulau Selayar No.46","Kota Denpasar","Bali","ID",,"","Pura",,,,,,,,,,"https://www.google.com/maps/search/?api=1&query=Pura%20Batu%20Bintang&query_place_id=ChIJ4chfjOpA0i0RT2UQjIx06yU","Pura"
"Pura Kawitan Arya Kepakisan","4.5","51","Br. Sidayu Nyuh Aya","Kabupaten Klungkung","Bali","ID","http://aryanyuhaya.blogspot.com/2012/02/sejarah-singkat-arya-kepakisan_21.html?m=0","+62 812-3669-366","Pura",,,,,,,,,,"https://www.google.com/maps/search/?api=1&query=Pura%20Kawitan%20Arya%20Kepakisan&query_place_id=ChIJ93oD6PET0i0Rju_0b_DkgPU","Pura"
"Pura Ulundanu Penida","4","5","7FM5+3V5 Br. Penida","Kabupaten Klungkung","Bali","ID",,"","Pura",,,,,,,,,,"https://www.google.com/maps/search/?api=1&query=Pura%20Ulundanu%20Penida&query_place_id=ChIJV4b6wb1x0i0RpTZUmKD7WA0","Pura"
"Lembongan Center Activities","4.8","14","Unnamed Rd","Kabupaten Klungkung","Bali","ID","https://www.instagram.com/reel/C4hAyrSrGtF/","+62 878-6277-2202","Tujuan Wisata","Pusat Menyelam",,,,,,,,,"https://www.google.com/maps/search/?api=1&query=Lembongan%20Center%20Activities&query_place_id=ChIJvzVO9Htt0i0R9AGZV5Ks7N0","Tujuan Wisata"
"Yoga Dharma The Nusa Dua","4.6","15","Kawasan Pariwisata Nusa Dua","Kabupaten Badung","Bali","ID","https://www.itdc.co.id/","+62 813-5378-1600","Tujuan Wisata",,,,,,,,,,"https://www.google.com/maps/search/?api=1&query=Yoga%20Dharma%20The%20Nusa%20Dua&query_place_id=ChIJ3cMv7dVD0i0RKc3zLsCHjqo","Tujuan Wisata"
"Pantai Yeh Malet Kabupaten Karang Asem Bali","4.4","271","Yeh Malet","Kabupaten Karangasem","Bali","ID",,"","Tujuan Wisata",,,,,,,,,,"https://www.google.com/maps/search/?api=1&query=Pantai%20Yeh%20Malet%20Kabupaten%20Karang%20Asem%20Bali&query_place_id=ChIJm7V37gcO0i0RtCs-s4-56oo","Tujuan Wisata"
"Nyanyad Beach","4.5","13","5HMQ+9RC","Kabupaten Klungkung","Bali","ID",,"","Tujuan Wisata",,,,,,,,,,"https://www.google.com/maps/search/?api=1&query=Nyanyad%20Beach&query_place_id=ChIJ0-T6I8V50i0RNIYieO27_-I","Tujuan Wisata"
"Pantai Pasir Putih (White Sand Beach)","4.5","426",,"Kabupaten Klungkung","Bali","ID",,"","Tujuan Wisata",,,,,,,,,,"https://www.google.com/maps/search/?api=1&query=Pantai%20Pasir%20Putih%20(White%20Sand%20Beach)&query_place_id=ChIJZWsIXG1t0i0RioYuIpZvAlc","Tujuan Wisata"
"SD Point, Diving spot","4.8","25","8GFC+QQ","Kabupaten Klungkung","Bali","ID",,"","Tujuan Wisata",,,,,,,,,,"https://www.google.com/maps/search/?api=1&query=SD%20Point%2C%20Diving%20spot&query_place_id=ChIJb9RXwoRz0i0RNyWt3lIOfCM","Tujuan Wisata"
"Lembongan Trip","4.9","2145","Jl Raya Jungutbatu, Nusa Lembongan","Kabupaten Klungkung","Bali","ID","http://www.lembongantrip.com/","+62 812-3660-3218","Penyelenggara Perjalanan","Agen Tur Kapal","Agen Tur Keliling Kota","Biro Wisata","Tujuan Wisata","Layanan Rental Peralatan Olahraga Air",,,,,"https://www.google.com/maps/search/?api=1&query=Lembongan%20Trip&query_place_id=ChIJI_JzRaJt0i0RxDGUU_Go8cM","Penyelenggara Perjalanan"
"Bali Tours & Travel Package - Cheap Bali Tour",,,"Jl. Penyaringan III No.14X","Kota Denpasar","Bali","ID",,"+62 361 4491220","Biro Perjalanan dan Wisata","Agen Tur Bus","Agen Tur Keliling Kota","Biro Wisata","Tujuan Wisata",,,,,,"https://www.google.com/maps/search/?api=1&query=Bali%20Tours%20%26%20Travel%20Package%20-%20Cheap%20Bali%20Tour&query_place_id=ChIJeZiQw_dA0i0RFJgNiUz3drs","Biro Perjalanan dan Wisata"
"BALI ETHIC TOUR",,,"Jl. Padma No.80","Kota Denpasar","Bali","ID",,"","Tujuan Wisata",,,,,,,,,,"https://www.google.com/maps/search/?api=1&query=BALI%20ETHIC%20TOUR&query_place_id=ChIJjazKCgA_0i0RXyTZ78OA-74","Tujuan Wisata"
"Pura Blanjong","4.4","109","Jl. Danau Poso Pura Blanjong No.80227","Kota Denpasar","Bali","ID",,"","Tujuan Wisata","Pura",,,,,,,,,"https://www.google.com/maps/search/?api=1&query=Pura%20Blanjong&query_place_id=ChIJp52KUbxB0i0RSva8gDUl5I0","Tujuan Wisata"
"Komang Ubud Tour & Driver (Komang andik)","5","6","Jl. Raya Guwang No.29","Kabupaten Gianyar","Bali","ID","https://wa.me/6288219134552","","Biro Perjalanan dan Wisata","Agen Tur Kapal","Agensi wisata olahraga","Biro Wisata","Penyelenggara Perjalanan","Tujuan Wisata","Pusat Informasi Pariwisata","Layanan Transportasi",,,"https://www.google.com/maps/search/?api=1&query=Komang%20Ubud%20Tour%20%26%20Driver%20(Komang%20andik)&query_place_id=ChIJ_2W5zKkV0i0RcI24Uj5W7wk","Biro Perjalanan dan Wisata"
"Lingga Transport, Tour and Travel","4.6","5","Jl. Tukad Badung XIX No.10","Kota Denpasar","Bali","ID",,"+62 811-3995-522","Tujuan Wisata","Biro Wisata",,,,,,,,,"https://www.google.com/maps/search/?api=1&query=Lingga%20Transport%2C%20Tour%20and%20Travel&query_place_id=ChIJCXz3VVRA0i0RtGv3wixY2SE","Tujuan Wisata"
"Nusa Penida Golden Tour","4.5","4","Br. Bucang","Kabupaten Klungkung","Bali","ID","http://www.nusapenidagoldentour.com/","+62 851-0984-8888","Biro Perjalanan dan Wisata","Biro Wisata","Penyelenggara Perjalanan","Tujuan Wisata","Pusat Informasi Pariwisata",,,,,,"https://www.google.com/maps/search/?api=1&query=Nusa%20Penida%20Golden%20Tour&query_place_id=ChIJ3wVRBNVx0i0RT6AwvbteUkE","Biro Perjalanan dan Wisata"
"Bali Dolphin Water Sport Adventure","4","5279","Jl. Segara Lor No.20","Kabupaten Badung","Bali","ID",,"+62 361 778041","Tujuan Wisata",,,,,,,,,,"https://www.google.com/maps/search/?api=1&query=Bali%20Dolphin%20Water%20Sport%20Adventure&query_place_id=ChIJh4vF5rhD0i0RBtepVG27WOk","Tujuan Wisata"
"Bali Reptile Park","4.8","1099",,"Kabupaten Gianyar","Bali","ID","http://www.balireptilepark.id/","+62 361 299344","Kebun Binatang",,,,,,,,,,"https://www.google.com/maps/search/?api=1&query=Bali%20Reptile%20Park&query_place_id=ChIJv4HddmU_0i0RdzF_rfQAFt8","Kebun Binatang"
"LECERIA Turtle Farm","4.7","271",,"Kabupaten Badung","Bali","ID","https://instagram.com/bali_lecceria21?igshid=MzRlODBiNWFlZA==","+62 818-0558-4772","Kebun Binatang",,,,,,,,,,"https://www.google.com/maps/search/?api=1&query=LECERIA%20Turtle%20Farm&query_place_id=ChIJhUH7qVND0i0RZtL5h_mGTZg","Kebun Binatang"
"Tambak Sari Turtle island","2.3","164","Jl. Setra gandamayu No.lll","Kabupaten Badung","Bali","ID",,"+62 819-1638-6576","Kebun Binatang",,,,,,,,,,"https://www.google.com/maps/search/?api=1&query=Tambak%20Sari%20Turtle%20island&query_place_id=ChIJo_6x56xD0i0RbM-mBwGJXNA","Kebun Binatang"
"Bali Horse Ride","4.2","43","Jl. Pengembak No.44","Kota Denpasar","Bali","ID",,"","Kebun Binatang",,,,,,,,,,"https://www.google.com/maps/search/?api=1&query=Bali%20Horse%20Ride&query_place_id=ChIJU5YrAQdB0i0R0NZlgtoW43A","Kebun Binatang"
"gria reptil",,,"Gg. Mahasaraswati No.1","Kota Denpasar","Bali","ID",,"+62 877-6136-3188","Kebun Binatang",,,,,,,,,,"https://www.google.com/maps/search/?api=1&query=gria%20reptil&query_place_id=ChIJKTjZWXg_0i0RrXmtzhOx5t4","Kebun Binatang"
"Agen Tour 3 Negara Singapura Malaysia Thailand",,,"Jl. Tukad Musi No.17A","Kota Denpasar","Bali","ID",,"","Tujuan Wisata",,,,,,,,,,"https://www.google.com/maps/search/?api=1&query=Agen%20Tour%203%20Negara%20Singapura%20Malaysia%20Thailand&query_place_id=ChIJjWDVHABB0i0RllVzdeSgrBs","Tujuan Wisata"
"Timbul Jaya Snorkeling","3.5","52",,"Kabupaten Klungkung","Bali","ID",,"+62 878-6008-7860","Tujuan Wisata",,,,,,,,,,"https://www.google.com/maps/search/?api=1&query=Timbul%20Jaya%20Snorkeling&query_place_id=ChIJ49821tpz0i0RoC18OIn1X24","Tujuan Wisata"
"Aquaman Snorkeling Trip","4.9","727","Jl. Raya Lembongan","Kabupaten Klungkung","Bali","ID","https://www.aquamansnorkelinglembongan.com/","+62 813-3801-4485","Tujuan Wisata","Biro Wisata Bawah Laut",,,,,,,,,"https://www.google.com/maps/search/?api=1&query=Aquaman%20Snorkeling%20Trip&query_place_id=ChIJ5_dTrLJt0i0RZifNYrGcsgU","Tujuan Wisata"
"ANAM DRIVER TOUR",,,"C7VC+5JX","Kabupaten Gianyar","Bali","ID",,"+62 819-5232-3872","Tujuan Wisata",,,,,,,,,,"https://www.google.com/maps/search/?api=1&query=ANAM%20DRIVER%20TOUR&query_place_id=ChIJSTnXcQA90i0RyYm7pkYaD9k","Tujuan Wisata"
"Agus travel",,,"Jalan:Dewi Sri gang:jeruk No :4","Kabupaten Gianyar","Bali","ID","http://www.agustrevel77.com/","+62 813-3085-5385","Tujuan Wisata",,,,,,,,,,"https://www.google.com/maps/search/?api=1&query=Agus%20travel&query_place_id=ChIJNaRDU28_0i0R7xUDvqDBh-o","Tujuan Wisata"
"Pantai Goa Lawah (Timur Pura - Rest Area)","4.6","902","CFXC+868","Kabupaten Klungkung","Bali","ID",,"+62 878-6165-1476","Tujuan Wisata",,,,,,,,,,"https://www.google.com/maps/search/?api=1&query=Pantai%20Goa%20Lawah%20(Timur%20Pura%20-%20Rest%20Area)&query_place_id=ChIJHfztxQES0i0RqMyxwsCjbvA","Tujuan Wisata"
"Tsun Tour & Driver Bali",,,"C6R7+6J4","Kabupaten Badung","Bali","ID",,"","Tujuan Wisata",,,,,,,,,,"https://www.google.com/maps/search/?api=1&query=Tsun%20Tour%20%26%20Driver%20Bali&query_place_id=ChIJ-Qy2cAA90i0Rcd-ee-aXITs","Tujuan Wisata"
"BALI PACKAGE TOUR",,,"Jl. Abimanyu No.14","Kota Denpasar","Bali","ID",,"+62 857-9272-8871","Tujuan Wisata","Agen Sewa Mobil","Agen Tur Keliling Kota","Biro Wisata","Penyelenggara Perjalanan","Pusat Informasi Pariwisata","Biro Perjalanan dan Wisata",,,,"https://www.google.com/maps/search/?api=1&query=BALI%20PACKAGE%20TOUR&query_place_id=ChIJ1VUIHv850i0Rj8fJbKeoiek","Tujuan Wisata"
"Taxi & Day Tour Sanur | Ketut Suarta","5","3","8787+6Q6, Jl. Pantai Sindhu","Kota Denpasar","Bali","ID","https://artfrombali.com/taxi-bali/","+62 878-6135-7486","Tujuan Wisata",,,,,,,,,,"https://www.google.com/maps/search/?api=1&query=Taxi%20%26%20Day%20Tour%20Sanur%20%7C%20Ketut%20Suarta&query_place_id=ChIJWWA2D15B0i0RVjomb28o_BQ","Tujuan Wisata"
"Guía Turística Bali","5","7","Jl. Smki No.5","Kabupaten Gianyar","Bali","ID","https://www.viajarbali.com/","+62 819-9916-8488","Biro Perjalanan dan Wisata","Biro Wisata","Penyelenggara Perjalanan","Tujuan Wisata","Pusat Informasi Pariwisata","Layanan Transportasi",,,,,"https://www.google.com/maps/search/?api=1&query=Gu%C3%ADa%20Tur%C3%ADstica%20Bali&query_place_id=ChIJvWUmHnA_0i0Rev47iFT5HQQ","Biro Perjalanan dan Wisata"
"raskita tour and travel","5","14","Gg. Teratai No.16-8","Kota Denpasar","Bali","ID","https://raskitatour.com/","+62 823-1212-0102","Biro Perjalanan dan Wisata","Pusat Hiburan","Rental Bus","Agen Sewa Mobil","Tujuan Wisata","Layanan Transportasi","Biro Persewaan Van",,,,"https://www.google.com/maps/search/?api=1&query=raskita%20tour%20and%20travel&query_place_id=ChIJAxbm0J5B0i0RvkyNT8ejEh0","Biro Perjalanan dan Wisata"
"NUSA PENIDA TRANSPORT GROUP",,,"Jl. Gunungrata","Kabupaten Klungkung","Bali","ID","https://nusapenidatransport.com/","+62 851-7237-1119","Biro Perjalanan dan Wisata","Biro Wisata","Tujuan Wisata","Pusat Informasi Pariwisata",,,,,,,"https://www.google.com/maps/search/?api=1&query=NUSA%20PENIDA%20TRANSPORT%20GROUP&query_place_id=ChIJh7oD_yBz0i0RUSn2HAaOnbM","Biro Perjalanan dan Wisata"
"Cantik Coffee Plantation (coffee tasting) 2","4.8","628","Jl. Tegal Utu No.10","Kabupaten Gianyar","Bali","ID",,"+62 878-6233-7564","Tujuan Wisata",,,,,,,,,,"https://www.google.com/maps/search/?api=1&query=Cantik%20Coffee%20Plantation%20(coffee%20tasting)%202&query_place_id=ChIJ78FXhhc90i0RNQjjFnSOKi0","Tujuan Wisata"
"Tanjung Benoa Beach","4.2","200","Jl. Pratama","Kabupaten Badung","Bali","ID","https://www.bmrbaliofficial.com/","","Tujuan Wisata",,,,,,,,,,"https://www.google.com/maps/search/?api=1&query=Tanjung%20Benoa%20Beach&query_place_id=ChIJ1-8GVLpD0i0RTmWachPMWYA","Tujuan Wisata"
"Kemenuh Orchid Garden","4.6","211","Jl. Ir. Sutami","Kabupaten Gianyar","Bali","ID",,"+62 361 9086966","Tujuan Wisata",,,,,,,,,,"https://www.google.com/maps/search/?api=1&query=Kemenuh%20Orchid%20Garden&query_place_id=ChIJYVWtDVYV0i0RHe-5LknfCV8","Tujuan Wisata"
"GEPAH TEMPLE",,,"7GW5+VRC, Jl. Telaga Sakti Br. Adegan Kangin","Kabupaten Klungkung","Bali","ID",,"","Pura",,,,,,,,,,"https://www.google.com/maps/search/?api=1&query=GEPAH%20TEMPLE&query_place_id=ChIJBQSKxoVz0i0RS8rQiMP68mY","Pura"
"Pura Dalem Segara","4.3","6","56RJ+QFW, Jl. Segara Geni","Kabupaten Badung","Bali","ID",,"","Pura",,,,,,,,,,"https://www.google.com/maps/search/?api=1&query=Pura%20Dalem%20Segara&query_place_id=ChIJxf9DmytD0i0RBHPed3jWn0Q","Pura"
"One Bedroom Villa Temple Tree By Soobali - Ubud - Rice Field View","4.25","6",,"Kabupaten Gianyar","Bali","ID","https://www.booking.com/hotel/id/villa-temple-tree-located-in-ubud-w-good-views.en-gb.html?aid=2068758&utm_source=seogooglelocal&utm_medium=description&utm_term=hotel-12444299&utm_campaign=en-gb&label=seogooglelocal-link-imagesaow-hotel-12444299_grp-3_gendate-20260426","","Vila","Persewaan liburan",,,,,,,,,"https://www.google.com/maps/search/?api=1&query=One%20Bedroom%20Villa%20Temple%20Tree%20By%20Soobali%20-%20Ubud%20-%20Rice%20Field%20View&query_place_id=ChIJF_rvwug90i0R_MSUnCDgolo","Vila"
"Pura Gunung Agung banjar tag tag kelod","3.8","9",,"Kota Denpasar","Bali","ID",,"","Pura",,,,,,,,,,"https://www.google.com/maps/search/?api=1&query=Pura%20Gunung%20Agung%20banjar%20tag%20tag%20kelod&query_place_id=ChIJ496UZ2o_0i0RXIjF60P7t1o","Pura"
"Pura Puser Desa Lan. Bale Agung","5","7","Jl. Srikandi No.5","Kabupaten Badung","Bali","ID",,"","Pura",,,,,,,,,,"https://www.google.com/maps/search/?api=1&query=Pura%20Puser%20Desa%20Lan.%20Bale%20Agung&query_place_id=ChIJj3f26DFD0i0RXHzM7bo__zU","Pura"
"Cetiya Siwa Buddha Dharma Mahayana","4.9","36","Jl. Raya Puputan II No.45","Kota Denpasar","Bali","ID","https://mahasibali.org/","+62 812-4611-111","Vihara","Pura",,,,,,,,,"https://www.google.com/maps/search/?api=1&query=Cetiya%20Siwa%20Buddha%20Dharma%20Mahayana&query_place_id=ChIJKxgLW19A0i0RqtR6WDokFqg","Vihara"
"Surya Bali Temple and Stone Carving","4.8","11","Jl. Bypass Ngurah Rai No.10","Kota Denpasar","Bali","ID",,"+62 813-3826-3828","Pura",,,,,,,,,,"https://www.google.com/maps/search/?api=1&query=Surya%20Bali%20Temple%20and%20Stone%20Carving&query_place_id=ChIJN6vSHMo_0i0RGNyUOcPsU00","Pura"
"Segara Temple",,,"Segara Temple, Sakti, 80771 Bali, Indonesia","Kabupaten Klungkung","Bali","ID",,"","Pura",,,,,,,,,,"https://www.google.com/maps/search/?api=1&query=Segara%20Temple&query_place_id=ChIJg_EZggxy0i0RGryisRfGPHE","Pura"
"Pura Besakih Gerenceng ᬧᬸᬭᬩᭂᬲᬓᬶᬄᬕᭂᬭᬾᬜ᭄ᬘᬾᬂ᭟​","4.5","23","Jl. Sutomo No.3","Kota Denpasar","Bali","ID",,"","Pura",,,,,,,,,,"https://www.google.com/maps/search/?api=1&query=Pura%20Besakih%20Gerenceng%20%E1%AC%A7%E1%AC%B8%E1%AC%AD%E1%AC%A9%E1%AD%82%E1%AC%B2%E1%AC%93%E1%AC%B6%E1%AC%84%E1%AC%95%E1%AD%82%E1%AC%AD%E1%AC%BE%E1%AC%9C%E1%AD%84%E1%AC%98%E1%AC%BE%E1%AC%82%E1%AD%9F%E2%80%8B&query_place_id=ChIJv0zrmqFA0i0R37xMLl8gL6E","Pura"
"Bukit bayan temple","5","1","8F3J+PHX","Kabupaten Klungkung","Bali","ID",,"","Pura",,,,,,,,,,"https://www.google.com/maps/search/?api=1&query=Bukit%20bayan%20temple&query_place_id=ChIJK1HYl_Zz0i0R8pXFHlidqL0","Pura"
"ᬧᬸᬭᬥᬍᬫ᭄ᬫᬬᬩ᭄ᬮᬄᬩᬢᬸᬄ᭟ Pura Dalem Maya Blahbatuh","4.8","16","C7MV+RR8, Jl. Wisma Gajah Mada","Kabupaten Gianyar","Bali","ID",,"+62 361 948201","Pura",,,,,,,,,,"https://www.google.com/maps/search/?api=1&query=%E1%AC%A7%E1%AC%B8%E1%AC%AD%E1%AC%A5%E1%AC%8D%E1%AC%AB%E1%AD%84%E1%AC%AB%E1%AC%AC%E1%AC%A9%E1%AD%84%E1%AC%AE%E1%AC%84%E1%AC%A9%E1%AC%A2%E1%AC%B8%E1%AC%84%E1%AD%9F%20Pura%20Dalem%20Maya%20Blahbatuh&query_place_id=ChIJ0VwOUf0V0i0RRoU3rGTY_aM","Pura"
"Pura Penataran Pande Tonja Temesi","5","4","F83X+H4W","Kabupaten Gianyar","Bali","ID",,"","Pura","Tempat Ibadah",,,,,,,,,"https://www.google.com/maps/search/?api=1&query=Pura%20Penataran%20Pande%20Tonja%20Temesi&query_place_id=ChIJpxC1QJEW0i0RBKPQkSM1rcY","Pura"
"Pura Taman Keraban Langit","3.7","3","Jl. Griya Nambi Permai I No.29","Kota Denpasar","Bali","ID",,"+62 819-9933-3489","Pura",,,,,,,,,,"https://www.google.com/maps/search/?api=1&query=Pura%20Taman%20Keraban%20Langit&query_place_id=ChIJA56AohY_0i0RbYh5eUWOQDw","Pura"
"PANDEAN TEMPLE","5","1","6H7R+VP7, Unnamed Road","Kabupaten Klungkung","Bali","ID",,"","Pura",,,,,,,,,,"https://www.google.com/maps/search/?api=1&query=PANDEAN%20TEMPLE&query_place_id=ChIJcTEiYxl50i0R_ZHUnMjTPd8","Pura"
"Besakih Temple Tour","4.2","12","Jl. Pakisaji No.6 No 27","Kota Denpasar","Bali","ID","https://www.balifulldaytour.com/besakih-tour.php","+62 877-6014-2434","Penyelenggara Perjalanan",,,,,,,,,,"https://www.google.com/maps/search/?api=1&query=Besakih%20Temple%20Tour&query_place_id=ChIJiRO92WZA0i0R0IgAEm9Zqxg","Penyelenggara Perjalanan"
"Temple of Heaven",,,"Beach, Jl. Pantai Mengiat Jl. Raya Nusa Dua Selatan No.4","Kabupaten Badung","Bali","ID",,"","Tempat Ibadah",,,,,,,,,,"https://www.google.com/maps/search/?api=1&query=Temple%20of%20Heaven&query_place_id=ChIJvb44YABD0i0RMZZdhNSvbVo","Tempat Ibadah"
"Pura Pengajengan ᬧᬸᬭᬧᭂᬗᬚᭂᬗᬦ᭄᭟​","4.5","4","F75J+FM5","Kabupaten Gianyar","Bali","ID",,"","Pura","Tujuan Wisata",,,,,,,,,"https://www.google.com/maps/search/?api=1&query=Pura%20Pengajengan%20%E1%AC%A7%E1%AC%B8%E1%AC%AD%E1%AC%A7%E1%AD%82%E1%AC%97%E1%AC%9A%E1%AD%82%E1%AC%97%E1%AC%A6%E1%AD%84%E1%AD%9F%E2%80%8B&query_place_id=ChIJ1cUF07s90i0RQcJnIKXIeUs","Pura"
"Pura Cemara","5","1","8G99+PVM, Desa Pekraman","Kabupaten Klungkung","Bali","ID",,"","Pura",,,,,,,,,,"https://www.google.com/maps/search/?api=1&query=Pura%20Cemara&query_place_id=ChIJM0tWOU1y0i0RKrsEioAkd28","Pura"
"Mason Elephant Park & Lodge","4","4920","Jalan Elephant Safari Park Banjar Desa Taro Tegallalang, Jl. Taman Gajah","Kabupaten Gianyar","Bali","ID","https://masonelephantpark.com/","+62 361 721480","Kebun Binatang","Hotel","Pondok",,,,,,,,"https://www.google.com/maps/search/?api=1&query=Mason%20Elephant%20Park%20%26%20Lodge&query_place_id=ChIJA1q6oNEY0i0RFA_HMCTTWhY","Kebun Binatang"
"Marine Safari Bali","4.8","1054","Jl. Prof. Dr. Ida Bagus Mantra No.Km. 19","Kabupaten Gianyar","Bali","ID","https://tamansafari.com/marine-safari-bali/","+62 823-4076-5609","Akuarium",,,,,,,,,,"https://www.google.com/maps/search/?api=1&query=Marine%20Safari%20Bali&query_place_id=ChIJr7iCed4V0i0RQaYZ3SfXfic","Akuarium"
"Bali Safari Park Ticket Booking","4","79",,"Kabupaten Gianyar","Bali","ID",,"+62 813-3932-939","Biro Perjalanan dan Wisata",,,,,,,,,,"https://www.google.com/maps/search/?api=1&query=Bali%20Safari%20Park%20Ticket%20Booking&query_place_id=ChIJEZEC0UwV0i0RCNOOHGT681Q","Biro Perjalanan dan Wisata"
"Terminal Mobil Bali Safari","3.3","4","C88W+4GV","Kabupaten Gianyar","Bali","ID",,"","Taman margasatwa",,,,,,,,,,"https://www.google.com/maps/search/?api=1&query=Terminal%20Mobil%20Bali%20Safari&query_place_id=ChIJly6liEYU0i0RnVOoERTDa0M","Taman margasatwa"
"Bali Night Safari Package","4.3","55",,"Kabupaten Gianyar","Bali","ID","https://www.balisafarimarinepark.com/safari-adventure/night-safari-package/","+62 361 950000","Biro Wisata",,,,,,,,,,"https://www.google.com/maps/search/?api=1&query=Bali%20Night%20Safari%20Package&query_place_id=ChIJYZjvU2E90i0RyNqklXrope8","Biro Wisata"
"Elephant Safari and Rafting","3.3","308","F9H5+QFR","Kabupaten Klungkung","Bali","ID",,"+62 361 11123","Tujuan Wisata",,,,,,,,,,"https://www.google.com/maps/search/?api=1&query=Elephant%20Safari%20and%20Rafting&query_place_id=ChIJsejDEd8W0i0Rca7UP2Xi4mo","Tujuan Wisata"
"Mara River Safari Lodge Bali - Twiga Deluxe Twin Room + Bali Safari Park Entrance Safari Journey",,,,"Kabupaten Gianyar","Bali","ID","https://br.bluepillow.com/search/594389227c00cb0e6434c3e1/17682119?dest=bkng&cat=House&lat=-8.58697&lng=115.34321&language=pt","","Penginapan","Persewaan liburan",,,,,,,,,"https://www.google.com/maps/search/?api=1&query=Mara%20River%20Safari%20Lodge%20Bali%20-%20Twiga%20Deluxe%20Twin%20Room%20%2B%20Bali%20Safari%20Park%20Entrance%20Safari%20Journey&query_place_id=ChIJeVeti0UU0i0REE78BsYlwmU","Penginapan"
"Ekowisata Subak Sembung, Peguyangan","4.6","1616","96P7+GHW, Jl. Ahmad Yani Utara","Kota Denpasar","Bali","ID",,"","Tujuan Wisata","Taman Ekologi",,,,,,,,,"https://www.google.com/maps/search/?api=1&query=Ekowisata%20Subak%20Sembung%2C%20Peguyangan&query_place_id=ChIJCfm-QB8_0i0RxkfmyITBS0w","Tujuan Wisata"
"Penangkaran Penyu BULIH BALI","2.2","27",,"Kabupaten Badung","Bali","ID",,"+62 823-2287-9751","Tujuan Wisata",,,,,,,,,,"https://www.google.com/maps/search/?api=1&query=Penangkaran%20Penyu%20BULIH%20BALI&query_place_id=ChIJ2wMYLABD0i0RK5Y2PxQz7hQ","Tujuan Wisata"
"Reptiles Animals Centrum Indonesia","4.7","25","JL. Ngurah Rai By Pass Jl. Prof. Dr. Ida Bagus Mantra","Kota Denpasar","Bali","ID","https://www.balireptiles.com/","+62 819-9365-4321","Toko Reptil","Layanan Penyelamatan Hewan","Eksportir","Toko Hewan Peliharaan","Toko Perlengkapan Hewan Peliharaan",,,,,,"https://www.google.com/maps/search/?api=1&query=Reptiles%20Animals%20Centrum%20Indonesia&query_place_id=ChIJNXumKIE_0i0Rln0Pw51QDB8","Toko Reptil"
"Singapadu Banyan Tree","3.9","20","C737+76R","Kabupaten Gianyar","Bali","ID",,"","Tujuan Wisata","Cagar Alam",,,,,,,,,"https://www.google.com/maps/search/?api=1&query=Singapadu%20Banyan%20Tree&query_place_id=ChIJZ6AHeDc-0i0RXIjx2N33-ps","Tujuan Wisata"
"BaliHiddenCanyon.com","4.5","3044","97QQ+XMM, Jl. Sahadewa","Kabupaten Gianyar","Bali","ID","http://www.balihiddencanyon.com/","+62 813-4729-4219","Tujuan Wisata","Pusat Olahraga Petualangan",,,,,,,,,"https://www.google.com/maps/search/?api=1&query=BaliHiddenCanyon.com&query_place_id=ChIJLRhilH4V0i0Rez5UbFcCNm4","Tujuan Wisata"
"ELEPHANT SHOW","2.7","35","C8CV+F97","Kabupaten Gianyar","Bali","ID",,"","Kebun Binatang",,,,,,,,,,"https://www.google.com/maps/search/?api=1&query=ELEPHANT%20SHOW&query_place_id=ChIJoTJwM-YV0i0RQkYtX-JUNcE","Kebun Binatang"
"DATON HOUSE Ubud RedPartner","4.5","53","Jl. Raya Singapadu","Kabupaten Gianyar","Bali","ID","https://www.reddoorz.com/en-id/hotel/indonesia/bali/gianyar/daton-house?utm_source=google&utm_medium=mybusiness&utm_campaign=webclick","+62 813-2227-795","Hotel","Pondok",,,,,,,,,"https://www.google.com/maps/search/?api=1&query=DATON%20HOUSE%20Ubud%20RedPartner&query_place_id=ChIJDxSzIX0_0i0RDtyZssjXeBg","Hotel"
"Lina Garden","4.9","11","Jl. Ulun Suwi 2","Kabupaten Gianyar","Bali","ID",,"+62 818-0546-1298","Taman",,,,,,,,,,"https://www.google.com/maps/search/?api=1&query=Lina%20Garden&query_place_id=ChIJoefahV8_0i0RrXQLtBgXgP0","Taman"
"Sanctoo Suites & Villas","4.7","1634","Gg. Beji","Kabupaten Gianyar","Bali","ID","http://www.sanctoo.com/","+62 361 4711222","Vila","Pondok",,,,,,,,,"https://www.google.com/maps/search/?api=1&query=Sanctoo%20Suites%20%26%20Villas&query_place_id=ChIJWyJIYj4-0i0R9p0XDFis3sM","Vila"
"Central Food Village","4.5","165","C758+X66, Jl. Raya Singapadu","Kabupaten Gianyar","Bali","ID","http://www.bali-zoo.com/","+62 61 294357","Restoran",,,,,,,,,,"https://www.google.com/maps/search/?api=1&query=Central%20Food%20Village&query_place_id=ChIJ--8Z4W8_0i0RBFnZtR7tRbs","Restoran"
"Bale Kulkul Bali","4.4","440","Jalan Piakan No.18","Kabupaten Gianyar","Bali","ID",,"+62 819-9958-7000","Tujuan Wisata","Bioskop di Luar Ruangan",,,,,,,,,"https://www.google.com/maps/search/?api=1&query=Bale%20Kulkul%20Bali&query_place_id=ChIJI2Gp9k0-0i0RQdj4eEibXBc","Tujuan Wisata"
"Dolpino aquarium","1.5","2","97GQ+G39","Kabupaten Gianyar","Bali","ID",,"","Akuarium",,,,,,,,,,"https://www.google.com/maps/search/?api=1&query=Dolpino%20aquarium&query_place_id=ChIJiyrrh7sV0i0RtVxp3XUCU7k","Akuarium"
"Linggih Bali","4.1","21","C752+F7P, Jalan Kalangan Kebon, Singapadu, Sukawati","Kabupaten Gianyar","Bali","ID",,"+62 812-3632-166","Tujuan Wisata",,,,,,,,,,"https://www.google.com/maps/search/?api=1&query=Linggih%20Bali&query_place_id=ChIJHUPEdkM-0i0RUzHfw7aXBLQ","Tujuan Wisata"
"BaliZooMerch","4","3","Jl. Raya Singapadu","Kabupaten Gianyar","Bali","ID",,"+62 821-1470-2582","Pusat Perbelanjaan",,,,,,,,,,"https://www.google.com/maps/search/?api=1&query=BaliZooMerch&query_place_id=ChIJ-dSl5E8_0i0RnV9qTaVP6O8","Pusat Perbelanjaan"
"Jetski Lembongan Adventure","4.9","585",,"Bali","Bali","ID","http://www.jetskilembongan.com/","+62 813-3776-3128","Layanan Rental Peralatan Olahraga Air","Agensi wisata olahraga","Tujuan Wisata",,,,,,,,"https://www.google.com/maps/search/?api=1&query=Jetski%20Lembongan%20Adventure&query_place_id=ChIJjaCUGopt0i0RWMbR4fkJiCI","Layanan Rental Peralatan Olahraga Air"
"Taman Werdhi Budaya Art Centre","4.6","9860","Jl. Nusa Indah No.1","Kota Denpasar","Bali","ID",,"+62 361 227176","Tujuan Wisata","Teater Seni Pertunjukan","Pusat Kesenian",,,,,,,,"https://www.google.com/maps/search/?api=1&query=Taman%20Werdhi%20Budaya%20Art%20Centre&query_place_id=ChIJGQ6sdIdA0i0RHsllnemsju4","Tujuan Wisata"
"Nusa Penida Tourism","4.8","127",,"Kabupaten Klungkung","Bali","ID","https://www.nusapenidatourism.com/","+62 852-3890-3205","Biro Wisata",,,,,,,,,,"https://www.google.com/maps/search/?api=1&query=Nusa%20Penida%20Tourism&query_place_id=ChIJX-kb5Dly0i0R5D049kPzYsY","Biro Wisata"
"Geger Beach","4.7","1593","56MG+RFQ","Kabupaten Badung","Bali","ID",,"","Tujuan Wisata","Pantai Umum",,,,,,,,,"https://www.google.com/maps/search/?api=1&query=Geger%20Beach&query_place_id=ChIJhQyCoH1d0i0RS12LmePL6Dg","Tujuan Wisata"
"Patung Catur Muka Denpasar","4.7","743","86V8+JQ8","Kota Denpasar","Bali","ID",,"","Tujuan Wisata","Patung",,,,,,,,,"https://www.google.com/maps/search/?api=1&query=Patung%20Catur%20Muka%20Denpasar&query_place_id=ChIJgWctP5lA0i0R4gZVQS_kygQ","Tujuan Wisata"
"Bali Destination","4.9","75","Jl. Batuyang Perumahan Taman Asri","Kabupaten Gianyar","Bali","ID","http://www.balidestination.co.id/","+62 812-3931-9583","Biro Perjalanan dan Wisata",,,,,,,,,,"https://www.google.com/maps/search/?api=1&query=Bali%20Destination&query_place_id=ChIJAzep9ek_0i0R4woMHu9z82A","Biro Perjalanan dan Wisata"
"Srinadi waterpark villa","4.3","50","CCW7+C4H","Kabupaten Klungkung","Bali","ID",,"","Vila",,,,,,,,,,"https://www.google.com/maps/search/?api=1&query=Srinadi%20waterpark%20villa&query_place_id=ChIJadRLNgAR0i0Rh-SAQm7XUWM","Vila"
"Water Sport by Wira Tour Bali (Office)","4.8","161","Jl. Raya Sampalan No.45","Kabupaten Klungkung","Bali","ID","https://www.water-sport-bali.com/","+62 812-3615-8243","Pusat Olahraga Petualangan",,,,,,,,,,"https://www.google.com/maps/search/?api=1&query=Water%20Sport%20by%20Wira%20Tour%20Bali%20(Office)&query_place_id=ChIJTxn65hQR0i0RU8OhYiRn-tA","Pusat Olahraga Petualangan"
"Temeling Beach and Spring Water","4.5","102","Unnamed Road","Kabupaten Klungkung","Bali","ID","http://www.bookingnusapenida.com/","","Tujuan Wisata",,,,,,,,,,"https://www.google.com/maps/search/?api=1&query=Temeling%20Beach%20and%20Spring%20Water&query_place_id=ChIJ1T7co9Nx0i0RFG3X3qvkZaw","Tujuan Wisata"
"Batur Water Park","3.6","127","P9GH+GQ3","Kabupaten Bangli","Bali","ID",,"+62 813-3863-3519","Taman Rekreasi Air",,,,,,,,,,"https://www.google.com/maps/search/?api=1&query=Batur%20Water%20Park&query_place_id=ChIJNWHvZ5P10S0RfcYh--jwQ6s","Taman Rekreasi Air"
"Gebyug Waterfall",,,"Banjar Adat Sengkiding","Kabupaten Klungkung","Bali","ID",,"","Taman Rekreasi Air",,,,,,,,,,"https://www.google.com/maps/search/?api=1&query=Gebyug%20Waterfall&query_place_id=ChIJqxil9IoR0i0Rxsc37ztZWek","Taman Rekreasi Air"
"Krisna Water Park","4.1","622",,"Kabupaten Buleleng","Bali","ID","http://www.krisnabali.co.id/","+62 817-4757-667","Taman Rekreasi Air",,,,,,,,,,"https://www.google.com/maps/search/?api=1&query=Krisna%20Water%20Park&query_place_id=ChIJ59K6vgud0S0RKKvKyCD3Cdg","Taman Rekreasi Air"
"Bangketan Water Park (BWP)","3.8","10","H8P4+8Q4","Kabupaten Gianyar","Bali","ID",,"+62 819-9902-1224","Kolam Renang",,,,,,,,,,"https://www.google.com/maps/search/?api=1&query=Bangketan%20Water%20Park%20(BWP)&query_place_id=ChIJuSrlhrgY0i0RXSOdIS12e6E","Kolam Renang"
"Coconut Beach","4.5","104","8C9Q+CPM, Jl","Kabupaten Klungkung","Bali","ID",,"+62 22 4221273","Tujuan Wisata",,,,,,,,,,"https://www.google.com/maps/search/?api=1&query=Coconut%20Beach&query_place_id=ChIJl4d2cQBt0i0ReFNnWQYEH1A","Tujuan Wisata"
"Crystal Bay Beach","4.4","5713","Unnamed Road","Kabupaten Klungkung","Bali","ID","https://infopenida.com/","+62 852-3885-2836","Tujuan Wisata",,,,,,,,,,"https://www.google.com/maps/search/?api=1&query=Crystal%20Bay%20Beach&query_place_id=ChIJ32EYUAhu0i0RNeHYNdKWWcw","Tujuan Wisata"
"Buruan ​极乐 Temple",,,"Perum DBuruan Blok A No.3","Kabupaten Gianyar","Bali","ID",,"","Tempat Ziarah",,,,,,,,,,"https://www.google.com/maps/search/?api=1&query=Buruan%20%E2%80%8B%E6%9E%81%E4%B9%90%20Temple&query_place_id=ChIJVxieOAAX0i0RHTq_U5biVU4","Tempat Ziarah"
"Quantum Temple Indonesia",,,"Jalan bypass ngurah rai","Kota Denpasar","Bali","ID",,"+62 852-3804-0444","Tujuan Wisata",,,,,,,,,,"https://www.google.com/maps/search/?api=1&query=Quantum%20Temple%20Indonesia&query_place_id=ChIJfbJGYsRB0i0R_GiQUP7gAZ4","Tujuan Wisata"
"ᬔᭀᬂᬘᬸᬩᬶᬬᭀᬤᬾᬦ᭄ᬧᬲᬃ᭟ Klenteng Khong Cu Bio Denpasar","4.8","32","Jl. Bisma No.5","Kota Denpasar","Bali","ID",,"","Tempat Ibadah",,,,,,,,,,"https://www.google.com/maps/search/?api=1&query=%E1%AC%94%E1%AD%80%E1%AC%82%E1%AC%98%E1%AC%B8%E1%AC%A9%E1%AC%B6%E1%AC%AC%E1%AD%80%E1%AC%A4%E1%AC%BE%E1%AC%A6%E1%AD%84%E1%AC%A7%E1%AC%B2%E1%AC%83%E1%AD%9F%20Klenteng%20Khong%20Cu%20Bio%20Denpasar&query_place_id=ChIJ9yiJwZ9A0i0Rr6rJzSfna0g","Tempat Ibadah"
"Puri Agung Jrokuta Denpasar","4.6","385","Jl. Sutomo No.38","Kota Denpasar","Bali","ID",,"","Kastel",,,,,,,,,,"https://www.google.com/maps/search/?api=1&query=Puri%20Agung%20Jrokuta%20Denpasar&query_place_id=ChIJ68YOzs5B0i0RC6pJV1p02nI","Kastel"
"Pura Puseh Yeh Segara","4.3","9","7HMV+FR8, Village","Kabupaten Klungkung","Bali","ID",,"","Pura",,,,,,,,,,"https://www.google.com/maps/search/?api=1&query=Pura%20Puseh%20Yeh%20Segara&query_place_id=ChIJd2Msqpd20i0RohP1q4z5-A0","Pura"
"temple ped, penida nusa, bali",,,"8G47+5WG","Kabupaten Klungkung","Bali","ID",,"","Pura",,,,,,,,,,"https://www.google.com/maps/search/?api=1&query=temple%20ped%2C%20penida%20nusa%2C%20bali&query_place_id=ChIJg36gclhz0i0RDnorHQNoBWw","Pura"
"Tirta Ayu Temple","4","4","9725+P3J, Jl. By Pass Ngurah Rai, Tohpati, Kesiman, Denpasar Timur","Kota Denpasar","Bali","ID",,"+62 819-9917-4100","Toko",,,,,,,,,,"https://www.google.com/maps/search/?api=1&query=Tirta%20Ayu%20Temple&query_place_id=ChIJW8Wuc3VA0i0RcQk1O9GN3d0","Toko"
"Bali Village Trekking","4.8","49","C7XM+J86","Kabupaten Gianyar","Bali","ID","https://www.kura2bus.com/id-usd/tours/village-paddies-village-walking-tour","+62 812-3729-3689","Tujuan Wisata",,,,,,,,,,"https://www.google.com/maps/search/?api=1&query=Bali%20Village%20Trekking&query_place_id=ChIJZUz0VgA90i0RLzV0xTes33M","Tujuan Wisata"
"Pura Griya Saren","5","8","6GV8+53H","Kabupaten Klungkung","Bali","ID",,"","Pura",,,,,,,,,,"https://www.google.com/maps/search/?api=1&query=Pura%20Griya%20Saren&query_place_id=ChIJsw2R0VZw0i0RDmTFRXxFbyA","Pura"
"Pura Penataran Agung Ida I Gusti Agung Maruti","4.2","5","C8FG+H6J, Jl. Maruti","Kabupaten Gianyar","Bali","ID",,"","Pura",,,,,,,,,,"https://www.google.com/maps/search/?api=1&query=Pura%20Penataran%20Agung%20Ida%20I%20Gusti%20Agung%20Maruti&query_place_id=ChIJOfk1A8wV0i0RYmPTmae0iJ0","Pura"
"THE TEMPLE Nusa Penida","4","2","8HH6+5F8, Jl. Ped - Buyuk","Kabupaten Klungkung","Bali","ID",,"","Rumah wisata",,,,,,,,,,"https://www.google.com/maps/search/?api=1&query=THE%20TEMPLE%20Nusa%20Penida&query_place_id=ChIJr-nTOhJz0i0R5BUrC8vNdDI","Rumah wisata"
"Pura Taman Beji Tohpati","5","4","9763+VCG, Jl. WR Supratman","Kota Denpasar","Bali","ID",,"","Pura",,,,,,,,,,"https://www.google.com/maps/search/?api=1&query=Pura%20Taman%20Beji%20Tohpati&query_place_id=ChIJwSpELpI_0i0RF8NhkC9Iq0o","Pura"
"pura sekar kuning","4.6","15","6G5F+PWF, banjar peguyangan","Kabupaten Klungkung","Bali","ID",,"","Vihara",,,,,,,,,,"https://www.google.com/maps/search/?api=1&query=pura%20sekar%20kuning&query_place_id=ChIJIeCnDn960i0RNXJYwCINi3c","Vihara"
"Pura Padang Kerta","5","2","87X5+JRC, Jl. Sri Padang Kerta","Kota Denpasar","Bali","ID",,"","Pura",,,,,,,,,,"https://www.google.com/maps/search/?api=1&query=Pura%20Padang%20Kerta&query_place_id=ChIJTUhpvU1B0i0RKcPopSzqjJQ","Pura"
"pura dalem jurangaya","5","3","7HF9+3H2","Kabupaten Klungkung","Bali","ID",,"","Pura",,,,,,,,,,"https://www.google.com/maps/search/?api=1&query=pura%20dalem%20jurangaya&query_place_id=ChIJS-dupcp20i0R6LNBp2ctIgw","Pura"
"Pura Puseh Suwehan","5","2","6J33+QWQ, Unnamed Road","Kabupaten Klungkung","Bali","ID",,"","Pura",,,,,,,,,,"https://www.google.com/maps/search/?api=1&query=Pura%20Puseh%20Suwehan&query_place_id=ChIJVX7jxQN50i0R-zL0PM91UFw","Pura"
"Family Temple Putra","5","2","Jl. Dahlia No.14","Kota Denpasar","Bali","ID","https://www.getyourguide.com/denpasar-l346/denpasar-family-temple-visit-with-balinese-snacks-and-tea-t1017691/?utm_source=getyourguide&utm_medium=sharing&utm_campaign=activity_details","","Pura",,,,,,,,,,"https://www.google.com/maps/search/?api=1&query=Family%20Temple%20Putra&query_place_id=ChIJjQzMJgA_0i0Rfv1oBcmUoqQ","Pura"
"Twin Spring Water","4.5","2","6JG9+JPR Atuh Beach","Kabupaten Klungkung","Bali","ID",,"","Pura",,,,,,,,,,"https://www.google.com/maps/search/?api=1&query=Twin%20Spring%20Water&query_place_id=ChIJTQI5MIN30i0Rhq3N2ROBKtU","Pura"
"Segara Keramat Temple","4.7","3","665J+M85","Kabupaten Badung","Bali","ID",,"","Pura",,,,,,,,,,"https://www.google.com/maps/search/?api=1&query=Segara%20Keramat%20Temple&query_place_id=ChIJrU5HLgBD0i0R-cMzeG3RTXU","Pura"
"Smoking Area & Toilet","4.7","3","C758+X66, Jl. Raya Singapadu","Kabupaten Gianyar","Bali","ID",,"","Tujuan Wisata",,,,,,,,,,"https://www.google.com/maps/search/?api=1&query=Smoking%20Area%20%26%20Toilet&query_place_id=ChIJBVG5CGE_0i0RKVezUDy0LoA","Tujuan Wisata"
"DATON HOUSE near Bali Zoo Ubud Mitra RedDoorz - Superior Double Room",,,,"Kabupaten Gianyar","Bali","ID","https://br.bluepillow.com/search/67d1683ba21d9499fe936a49?dest=nuit&cat=House&lat=-8.58247&lng=115.25555&language=pt","","Rumah","Persewaan liburan",,,,,,,,,"https://www.google.com/maps/search/?api=1&query=DATON%20HOUSE%20near%20Bali%20Zoo%20Ubud%20Mitra%20RedDoorz%20-%20Superior%20Double%20Room&query_place_id=ChIJ3wqn7Gs-0i0R4Pfb7JtG3aU","Rumah"
"Zoo Adventure","5","1","Jl. Raya Singapadu","Kabupaten Gianyar","Bali","ID",,"+62 812-4687-7587","Toko Pakaian",,,,,,,,,,"https://www.google.com/maps/search/?api=1&query=Zoo%20Adventure&query_place_id=ChIJQ32vvTg-0i0Ry4556s_FYQE","Toko Pakaian"
"Suku Waterfall Cafe, Bali Zoo","4.1","88","Jl. Dangin Puri","Kabupaten Gianyar","Bali","ID",,"","Restoran",,,,,,,,,,"https://www.google.com/maps/search/?api=1&query=Suku%20Waterfall%20Cafe%2C%20Bali%20Zoo&query_place_id=ChIJrzMYLeE_0i0RBEj4tY0eDdE","Restoran"
"The Sanctoo Spa & Wellness","4.7","177","Singapadu, Jalan Ulun Suwi II","Kabupaten Gianyar","Bali","ID","https://sanctoo.com/","+62 361 4711222","Spa pijat",,,,,,,,,,"https://www.google.com/maps/search/?api=1&query=The%20Sanctoo%20Spa%20%26%20Wellness&query_place_id=ChIJ3XWNJUk-0i0RabHxrqCzI9M","Spa pijat"
"1BR Beach Front Villa - 10Min Drive To Bali Zoo! W/Swimming Pool!",,,,"Kabupaten Gianyar","Bali","ID",,"","Vila","Persewaan liburan",,,,,,,,,"https://www.google.com/maps/search/?api=1&query=1BR%20Beach%20Front%20Villa%20-%2010Min%20Drive%20To%20Bali%20Zoo!%20W%2FSwimming%20Pool!&query_place_id=ChIJDSV-10MV0i0RDNcKAbaebb0","Vila"
"Pantai Serangan","3.9","180","766R+2QF","Kota Denpasar","Bali","ID",,"","Tujuan Wisata",,,,,,,,,,"https://www.google.com/maps/search/?api=1&query=Pantai%20Serangan&query_place_id=ChIJz924j2pD0i0RD3BqMGkKeXo","Tujuan Wisata"
"1BR Beach Front Villa - 10Min Drive To Bali Zoo! W /Swimming Pool!",,,,"Kabupaten Gianyar","Bali","ID",,"","Vila","Persewaan liburan",,,,,,,,,"https://www.google.com/maps/search/?api=1&query=1BR%20Beach%20Front%20Villa%20-%2010Min%20Drive%20To%20Bali%20Zoo!%20W%20%2FSwimming%20Pool!&query_place_id=ChIJC7-Q_kEV0i0RwV2bosA1NFo","Vila"
"ZOO🍫n",,,"Jl. Suwung Batan Kendal No.28","Kota Denpasar","Bali","ID",,"",,,,,,,,,,,"https://www.google.com/maps/search/?api=1&query=ZOO%F0%9F%8D%ABn&query_place_id=ChIJG3g0VwBB0i0RM72GKro_QUI",
"Nusa Penida Dive Center","4.9","1219",,"Kabupaten Klungkung","Bali","ID","http://www.nusapenidadivecenter.com/","+62 878-6226-4544","Pusat Menyelam","Klub Menyelam","Biro Wisata Bawah Laut",,,,,,,,"https://www.google.com/maps/search/?api=1&query=Nusa%20Penida%20Dive%20Center&query_place_id=ChIJI6mslm9y0i0RxArpFDKjWXU","Pusat Menyelam"
"Mambo Dive Center Nusa Penida | Dive Resorts & Dive Center | Diving & Snorkeling","4.9","5088","Nusa Penida, Jl. Ped - Buyuk","Kabupaten Klungkung","Bali","ID","http://www.mambodiveresort.com/","+62 813-3725-7225","Pusat Menyelam","Klub Menyelam","Toko Peralatan Selam","Cagar Alam","Penyelenggara aktivitas luar ruangan","Instruktur Selam","Biro Wisata Bawah Laut","Toko Suvenir","Layanan Rental Peralatan Olahraga Air",,"https://www.google.com/maps/search/?api=1&query=Mambo%20Dive%20Center%20Nusa%20Penida%20%7C%20Dive%20Resorts%20%26%20Dive%20Center%20%7C%20Diving%20%26%20Snorkeling&query_place_id=ChIJtS_vu6Fz0i0RYe9OOPpnh3o","Pusat Menyelam"
"Pure Dive Resort, Nusa Penida Diving","5","1329","Jl Ped - Buyuk","Kabupaten Klungkung","Bali","ID","https://www.purediveresort.com/","+62 811-3999-852","Pusat Menyelam","Agen Tur Kapal","Klub Menyelam","Toko Peralatan Selam","Hotel Resor","Biro Wisata Bawah Laut",,,,,"https://www.google.com/maps/search/?api=1&query=Pure%20Dive%20Resort%2C%20Nusa%20Penida%20Diving&query_place_id=ChIJb88rtf1z0i0RNAehjYh6R2A","Pusat Menyelam"
"Sober Diving Center","4.9","313","Jl. Jungutbatu","Kabupaten Klungkung","Bali","ID","https://www.soberdiving.com/","+62 812-2674-3688","Pusat Menyelam","Instruktur Selam",,,,,,,,,"https://www.google.com/maps/search/?api=1&query=Sober%20Diving%20Center&query_place_id=ChIJ4yUlZ7Jt0i0RFDf6Szf8aio","Pusat Menyelam"
"Nomads Diving","4.8","654","Jl. Raya Toya Pakeh - Ped","Kabupaten Klungkung","Bali","ID","https://www.nomadsdiving-bali.com/","+62 878-3624-9674","Pusat Menyelam",,,,,,,,,,"https://www.google.com/maps/search/?api=1&query=Nomads%20Diving&query_place_id=ChIJ0cgqHshz0i0Roa-1lhAftr8","Pusat Menyelam"
"Sanctum Dive - Nusa Penida - Bali Diving, Manta diving, Mola Mola","4.8","1477",,"Kabupaten Klungkung","Bali","ID","https://www.sanctumdiveindonesia.com/","+62 812-8532-5669","Pusat Menyelam","Klub Menyelam","Toko Peralatan Selam","Restoran","Instruktur Selam","Biro Wisata Bawah Laut","Layanan Rental Peralatan Olahraga Air",,,,"https://www.google.com/maps/search/?api=1&query=Sanctum%20Dive%20-%20Nusa%20Penida%20-%20Bali%20Diving%2C%20Manta%20diving%2C%20Mola%20Mola&query_place_id=ChIJ857vql9y0i0R1kdvTHauQQg","Pusat Menyelam"
"Karma Diving - Nusa Penida","5","1202","Jl. Sanjaya","Kabupaten Klungkung","Bali","ID","https://www.karmadiving.fr/","+62 813-2573-4412","Pusat Menyelam",,,,,,,,,,"https://www.google.com/maps/search/?api=1&query=Karma%20Diving%20-%20Nusa%20Penida&query_place_id=ChIJ1W0b2kpz0i0RSMtTwwBXX2E","Pusat Menyelam"
"Scuba Center Asia | Diving Lembongan","4.9","384","Jalan Mushroom Beach Nusa Lembongan","Kabupaten Klungkung","Bali","ID","https://www.scubacenterasia.com/","+62 822-4748-4788","Biro Wisata Bawah Laut","Toko Peralatan Selam","Pusat Menyelam",,,,,,,,"https://www.google.com/maps/search/?api=1&query=Scuba%20Center%20Asia%20%7C%20Diving%20Lembongan&query_place_id=ChIJ5wT-N65t0i0R8F1DJ2gsGgw","Biro Wisata Bawah Laut"
"Lembongan Dive Center","4.7","232","Jl. Jungut Batu","Nusa Lembongan","Bali","ID","http://www.lembongandivecenter.com/","+62 813-3975-2232","Pusat Menyelam",,,,,,,,,,"https://www.google.com/maps/search/?api=1&query=Lembongan%20Dive%20Center&query_place_id=ChIJEytf5Qpt0i0Rj7_xFKm_UCM","Pusat Menyelam"
"DUNE Penida Dive Resort","5","1673","Unnamed Road No.80771","Kabupaten Klungkung","Bali","ID","https://penida.dune-world.com/","+62 811-3811-7585","Pusat Menyelam",,,,,,,,,,"https://www.google.com/maps/search/?api=1&query=DUNE%20Penida%20Dive%20Resort&query_place_id=ChIJ3Wo3uHFy0i0R0r1KWgb6R3c","Pusat Menyelam"
"Blue Corner Dive - Nusa Penida. Best dive centre in Nusa Penida. (pt sudut biru nusa penida)","4.9","411","Jl. Raya Toya Pakeh - Ped","Kabupaten Klungkung","Bali","ID","http://www.bluecornerdive.com/","+62 812-3655-5503","Pusat Menyelam","Klub Menyelam","Toko Peralatan Selam","Kontraktor bawah laut","Instruktur Selam","Biro Wisata Bawah Laut","Biro Wisata","Tujuan Wisata",,,"https://www.google.com/maps/search/?api=1&query=Blue%20Corner%20Dive%20-%20Nusa%20Penida.%20Best%20dive%20centre%20in%20Nusa%20Penida.%20(pt%20sudut%20biru%20nusa%20penida)&query_place_id=ChIJI9Y5zl9y0i0RcOP5sSL8qrY","Pusat Menyelam"
"Octopus Dive Nusa Penida | Estd.2013","4.9","476","Nusa Penida","Kabupaten Klungkung","Bali","ID","https://octopusdivepenida.com/","+62 812-2268-8477","Pusat Menyelam","Klub Menyelam","Toko Peralatan Selam","Instruktur Selam","Biro Wisata Bawah Laut",,,,,,"https://www.google.com/maps/search/?api=1&query=Octopus%20Dive%20Nusa%20Penida%20%7C%20Estd.2013&query_place_id=ChIJsY48elFy0i0R3g3hd5RsCwA","Pusat Menyelam"
"Purple Dive Nusa Penida","5","1339","Jalan Raya","Kabupaten Klungkung","Bali","ID","http://www.purpledivepenida.com/","+62 813-3998-6262","Pusat Menyelam",,,,,,,,,,"https://www.google.com/maps/search/?api=1&query=Purple%20Dive%20Nusa%20Penida&query_place_id=ChIJ_9rCWyFt0i0RwzhDzdk5JLQ","Pusat Menyelam"
"Nusa Scuba Diver","4.9","180","Jl. Raya Toya Pakeh - Ped","Kabupaten Klungkung","Bali","ID","https://nusascubadiver.com/","+62 877-6147-9727","Pusat Menyelam",,,,,,,,,,"https://www.google.com/maps/search/?api=1&query=Nusa%20Scuba%20Diver&query_place_id=ChIJaamG8oZz0i0RdsKWYhXgO-8","Pusat Menyelam"
"Bali Aqua - Nusa Penida Dive Center","4.9","387",,"Kabupaten Klungkung","Bali","ID","https://diving-penida.com/","+62 823-3975-1705","Biro Wisata Bawah Laut",,,,,,,,,,"https://www.google.com/maps/search/?api=1&query=Bali%20Aqua%20-%20Nusa%20Penida%20Dive%20Center&query_place_id=ChIJ4zRMjf1z0i0Ro5ZRoOaF31k","Biro Wisata Bawah Laut"
"Legend Diving Lembongan","4.9","1653","Nusa Lembongan","Kabupaten Klungkung","Bali","ID","https://www.divinglembongan.com/","+62 812-3741-8850","Pusat Menyelam","Toko Peralatan Selam","Instruktur Selam",,,,,,,,"https://www.google.com/maps/search/?api=1&query=Legend%20Diving%20Lembongan&query_place_id=ChIJ9WFAJHNt0i0R73HpIevTyBY","Pusat Menyelam"
"Dive Concepts Lembongan","4.9","4489","Nusa Lembongan","Kabupaten Klungkung","Bali","ID","https://diveconcepts.com/","+62 813-3923-4161","Pusat Menyelam","Klub Menyelam","Toko Peralatan Selam",,,,,,,,"https://www.google.com/maps/search/?api=1&query=Dive%20Concepts%20Lembongan&query_place_id=ChIJl_drlgpt0i0R98ASaNVTbTI","Pusat Menyelam"
"Legend Diving Penida","5","1159","Jl. Raya Toya Pakeh - Ped","Kabupaten Klungkung","Bali","ID","http://penidadivecenter.com/","+62 858-5786-1936","Pusat Menyelam","Toko Peralatan Selam",,,,,,,,,"https://www.google.com/maps/search/?api=1&query=Legend%20Diving%20Penida&query_place_id=ChIJwQIsCyhz0i0RKzew_qhJYEs","Pusat Menyelam"
"Gumuh Sari Rekreasi","4.2","1446","Jl. Tegal Gumuh No.9","Kabupaten Badung","Bali","ID","http://www.gumuhsari.com/","+62 811-3752-333","Kolam Renang","Lapangan Bulutangkis","Lapangan Futsal","Tempat Fitness","Restoran","Pusat Rekreasi",,,,,"https://www.google.com/maps/search/?api=1&query=Gumuh%20Sari%20Rekreasi&query_place_id=ChIJq2a9rbw-0i0R6TCZuj3iVZo","Kolam Renang"
"Dewata Temple","2.5","4","Jl. Bypass Ngurah Rai No.88","Kota Denpasar","Bali","ID",,"+62 853-3357-5766","Industri Pahat Batu",,,,,,,,,,"https://www.google.com/maps/search/?api=1&query=Dewata%20Temple&query_place_id=ChIJYzKN7XVA0i0RgAKsqi3aUDg","Industri Pahat Batu"
"Temples Cafe","4.5","2","76HQ+6JV, Jl. Tukad Punggawa","Kota Denpasar","Bali","ID",,"+62 361 8951075","Kafe",,,,,,,,,,"https://www.google.com/maps/search/?api=1&query=Temples%20Cafe&query_place_id=ChIJS4hMVIJB0i0RnlxtrUTpe88","Kafe"
"Pura Desa Puseh Negari","4.5","10",,"Kabupaten Gianyar","Bali","ID",,"+62 361 942354","Pura",,,,,,,,,,"https://www.google.com/maps/search/?api=1&query=Pura%20Desa%20Puseh%20Negari&query_place_id=ChIJbWamjXI-0i0RwPJ_kTwA6GM","Pura"
"Pura Jero Agung","5","3","97CQ+WCJ","Kabupaten Gianyar","Bali","ID",,"","Pura",,,,,,,,,,"https://www.google.com/maps/search/?api=1&query=Pura%20Jero%20Agung&query_place_id=ChIJ02mWi14V0i0RlBw5d9bVBhY","Pura"
"Temple Inn Bali","4.7","7","Gg. Pura Dalem No.18","Kota Denpasar","Bali","ID",,"","Akomodasi grup",,,,,,,,,,"https://www.google.com/maps/search/?api=1&query=Temple%20Inn%20Bali&query_place_id=ChIJbceqceVB0i0R0gsV-YF_ygE","Akomodasi grup"
"Temple",,,"Jl. Segara Windu No.15","Kabupaten Badung","Bali","ID",,"","Pura",,,,,,,,,,"https://www.google.com/maps/search/?api=1&query=Temple&query_place_id=ChIJNWmkXwBD0i0RHVK17eDzp4U","Pura"
"Pura Jelih Lembih","4.8","4","Jl. Batu Intan No.41","Kabupaten Gianyar","Bali","ID",,"","Pura",,,,,,,,,,"https://www.google.com/maps/search/?api=1&query=Pura%20Jelih%20Lembih&query_place_id=ChIJm3bQtcA_0i0R8BJmKjQNouE","Pura"
"Pura Dalem","5","3","8GC9+JH6","Kabupaten Klungkung","Bali","ID",,"","Pura",,,,,,,,,,"https://www.google.com/maps/search/?api=1&query=Pura%20Dalem&query_place_id=ChIJ8yHawgtz0i0RetXivBz6oiY","Pura"
"Kebo Iwa Temple","3.3","3","C8M3+8PJ, Jl. Kebo Iwa Utara","Kota Denpasar","Bali","ID",,"","Tempat Ibadah",,,,,,,,,,"https://www.google.com/maps/search/?api=1&query=Kebo%20Iwa%20Temple&query_place_id=ChIJRztlGuEV0i0RKNtnc_z_P-Y","Tempat Ibadah"
"Dalem Temple Banjar Jurang Batu - Suana",,,"7H9J+4CQ, Jurang Batu Village","Kabupaten Klungkung","Bali","ID",,"+62 823-4227-5769","Pura",,,,,,,,,,"https://www.google.com/maps/search/?api=1&query=Dalem%20Temple%20Banjar%20Jurang%20Batu%20-%20Suana&query_place_id=ChIJB6vfemd30i0RXIZOKxUIBII","Pura"
"Pura Dalem Pacunggrigis ᬧᬸᬭᬤᬍᬫ᭄ᬧᬘᬸᬂᬕ᭄ᬭᬶᬕᬶᬲ᭄᭟​","5","4","F73J+9FJ, Jl. Ir. Sutami","Kabupaten Gianyar","Bali","ID",,"+62 819-9975-4178","Pura",,,,,,,,,,"https://www.google.com/maps/search/?api=1&query=Pura%20Dalem%20Pacunggrigis%20%E1%AC%A7%E1%AC%B8%E1%AC%AD%E1%AC%A4%E1%AC%8D%E1%AC%AB%E1%AD%84%E1%AC%A7%E1%AC%98%E1%AC%B8%E1%AC%82%E1%AC%95%E1%AD%84%E1%AC%AD%E1%AC%B6%E1%AC%95%E1%AC%B6%E1%AC%B2%E1%AD%84%E1%AD%9F%E2%80%8B&query_place_id=ChIJV7qWAcU90i0RNYekFLK-Mws","Pura"
"SARI NADI TEMPLE","2.5","2","Jl. Bypass Ngurah Rai","Kota Denpasar","Bali","ID",,"+62 878-6063-2502","Toko umum","Toko",,,,,,,,,"https://www.google.com/maps/search/?api=1&query=SARI%20NADI%20TEMPLE&query_place_id=ChIJ8RVtUIVB0i0Ry8Lr4qBOGKk","Toko umum"
"XXR Stone Temple",,,"Gg. XX No.94","Kota Denpasar","Bali","ID",,"","Tempat Religius",,,,,,,,,,"https://www.google.com/maps/search/?api=1&query=XXR%20Stone%20Temple&query_place_id=ChIJBSZs0D5B0i0RPb2dzjas4Nk","Tempat Religius"
"Pura Pande Temesi",,,"Jl. Raya Temesi No.43","Kabupaten Gianyar","Bali","ID",,"","Pura",,,,,,,,,,"https://www.google.com/maps/search/?api=1&query=Pura%20Pande%20Temesi&query_place_id=ChIJa1QY4eUX0i0RdDkj04V4H7s","Pura"
"Sanggah Gede Pangeran Tangkas Kori Agung","4.5","2","86VF+8QM, Jl. Lely Gg. I","Kota Denpasar","Bali","ID",,"","Pura",,,,,,,,,,"https://www.google.com/maps/search/?api=1&query=Sanggah%20Gede%20Pangeran%20Tangkas%20Kori%20Agung&query_place_id=ChIJbzprMptA0i0RVLu67RcjbXw","Pura"
"PURA DALEM KAWITAN ARYA KENCENG","4.5","2","Jl. Waturenggong","Kabupaten Klungkung","Bali","ID",,"","Pura",,,,,,,,,,"https://www.google.com/maps/search/?api=1&query=PURA%20DALEM%20KAWITAN%20ARYA%20KENCENG&query_place_id=ChIJW7r-4tkR0i0RspqJDaTbzF8","Pura"
"Pura Batur Panti Arya Wang Bang Pinatih","5","2","969V+249, Jl. Trengguli","Kota Denpasar","Bali","ID",,"","Pura",,,,,,,,,,"https://www.google.com/maps/search/?api=1&query=Pura%20Batur%20Panti%20Arya%20Wang%20Bang%20Pinatih&query_place_id=ChIJr28vTpk_0i0RmNtdCv7Oh6o","Pura"
"Temple Kemulan Papak Badeng",,,"6H97+R64 Banjar Bungkil","Kabupaten Klungkung","Bali","ID",,"","Pura",,,,,,,,,,"https://www.google.com/maps/search/?api=1&query=Temple%20Kemulan%20Papak%20Badeng&query_place_id=ChIJJdSWA1xx0i0RYx3Cyyp3vaw","Pura"
"Puseh Sari Temple",,,"7H7M+QV7, Jurang Batu Village","Kabupaten Klungkung","Bali","ID",,"","Pura",,,,,,,,,,"https://www.google.com/maps/search/?api=1&query=Puseh%20Sari%20Temple&query_place_id=ChIJo9nCSNt20i0RN1RskibnnXI","Pura"
"Ocean Gravity","4.9","228","Jl. Bet Ngandang II No.21","Kota Denpasar","Bali","ID","https://www.oceangravitybali.com/","+62 813-3711-9306","Pusat Menyelam","Klub Menyelam","Toko Peralatan Selam","Instruktur Selam","Biro Wisata Bawah Laut",,,,,,"https://www.google.com/maps/search/?api=1&query=Ocean%20Gravity&query_place_id=ChIJ23w2Kb5B0i0R7B22IAg0O9A","Pusat Menyelam"
"Crystal Divers","4.9","244","Jl. Bypass Ngurah Rai Gang Griya No.6","Kota Denpasar","Bali","ID","https://www.crystal-divers.com/","+62 361 286737","Pusat Menyelam","Toko Peralatan Selam","Instruktur Selam","Biro Wisata Bawah Laut","Sekolah Pendidikan Khusus",,,,,,"https://www.google.com/maps/search/?api=1&query=Crystal%20Divers&query_place_id=ChIJnYX08shB0i0RiaM80T3uiJM","Pusat Menyelam"
"Diving-Indo","5","582","Jl. Danau Poso No.53A","Kota Denpasar","Bali","ID","https://www.diving-indo.com/","+62 823-3904-0200","Pusat Menyelam","Jasa Sewa Perahu","Penyewaan Kapal Pancing","Biro Wisata Bawah Laut","Kolam Renang",,,,,,"https://www.google.com/maps/search/?api=1&query=Diving-Indo&query_place_id=ChIJdf8VS7xB0i0Rc5BB1cXidG4","Pusat Menyelam"
"ZERO GRAVITY DIVING - BALI","5","239","Jl. Sekuta No.70","Kota Denpasar","Bali","ID","https://zerogravitydivingbali.com/","+62 821-4650-4530","Pusat Menyelam","Jasa Sewa Perahu","Agen Tur Kapal","Toko Peralatan Selam","Instruktur Selam",,,,,,"https://www.google.com/maps/search/?api=1&query=ZERO%20GRAVITY%20DIVING%20-%20BALI&query_place_id=ChIJDXmKT9ZB0i0RDjv_e8X90UQ","Pusat Menyelam"
"DUNE BALI ATLANTIS Diving - International *****","4.9","927","77W4+3RP, Jl. Bypass Ngurah Rai.96E, Sanur Kauh","Kota Denpasar","Bali","ID","https://bali.dune-world.com/","+62 812-3805-767","Pusat Menyelam","Klub Menyelam","Toko Peralatan Selam","Tujuan Wisata",,,,,,,"https://www.google.com/maps/search/?api=1&query=DUNE%20BALI%20ATLANTIS%20Diving%20-%20International%20*****&query_place_id=ChIJXXjQFEpA0i0R7bStJLkqzZs","Pusat Menyelam"
"Nusa Dua Dive Centre","4.8","297","Jl. Pratama Jl. Nusa Dua No.37XX","Kabupaten Badung","Bali","ID","https://www.nusaduadive.com/","+62 811-389-420","Pusat Menyelam",,,,,,,,,,"https://www.google.com/maps/search/?api=1&query=Nusa%20Dua%20Dive%20Centre&query_place_id=ChIJOaoV0CJD0i0Rgg0yTfAiPbo","Pusat Menyelam"
"HIPPO DIVING BALI","4.9","146","Jl. Bypass Ngurah Rai No.207","Kota Denpasar","Bali","ID","http://www.hippodivingbali.com/","+62 811-3879-8000","Pusat Menyelam",,,,,,,,,,"https://www.google.com/maps/search/?api=1&query=HIPPO%20DIVING%20BALI&query_place_id=ChIJAw8uNv9B0i0RQsrlOtrdhtc","Pusat Menyelam"
"NICO DIVES COOL BALI Diving Center","5","885","Jl. Sekuta No.114","Kota Denpasar","Bali","ID","http://www.nicodivescoolbali.com/","+62 813-3755-9228","Pusat Menyelam",,,,,,,,,,"https://www.google.com/maps/search/?api=1&query=NICO%20DIVES%20COOL%20BALI%20Diving%20Center&query_place_id=ChIJr4bkFbhB0i0R88-FNXXQB_Y","Pusat Menyelam"
"S.E.A. Diving Bali SANUR","4.9","157","Sanur, Denpasar Selatan","Kota Denpasar","Bali","ID","http://www.seadivingbali.com/","+62 821-4566-4769","Pusat Menyelam","Toko",,,,,,,,,"https://www.google.com/maps/search/?api=1&query=S.E.A.%20Diving%20Bali%20SANUR&query_place_id=ChIJ2YnEDLVB0i0RzkF1ZHk1jn4","Pusat Menyelam"
"Bali Fun Diving","4.9","1550","No.455 C, Jl. Tukad Balian","Kota Denpasar","Bali","ID","https://www.balifundiving.com/","+62 818-1892-9111","Pusat Menyelam","Instruktur Selam","Biro Wisata Bawah Laut",,,,,,,,"https://www.google.com/maps/search/?api=1&query=Bali%20Fun%20Diving&query_place_id=ChIJYzzpnaxB0i0RNFiB0yRlPNU","Pusat Menyelam"
"Snorkeling at Nusa Penida","4.8","821","Pelabuhan Banjar Nyuh II","Kabupaten Klungkung","Bali","ID","http://linktr.ee/snorkelingatnusapenida","+62 857-9287-5086","Biro Wisata Bawah Laut",,,,,,,,,,"https://www.google.com/maps/search/?api=1&query=Snorkeling%20at%20Nusa%20Penida&query_place_id=ChIJXWsy19lz0i0RRMXIn7bsEmo","Biro Wisata Bawah Laut"
"SNORKELING WITH MANTA","4.7","168",,"Toyapakeh","Bali","ID","http://www.snorkelingwithmanta.com/","+62 819-9901-0014","Biro Wisata Bawah Laut",,,,,,,,,,"https://www.google.com/maps/search/?api=1&query=SNORKELING%20WITH%20MANTA&query_place_id=ChIJm-L0Pndz0i0RPduwTEg09eM","Biro Wisata Bawah Laut"
"KING RAY SNORKELING MANTA POINT& TOUR ISLAND","4.9","208",,"Kabupaten Klungkung","Bali","ID",,"+62 813-2527-1709","Layanan Transportasi",,,,,,,,,,"https://www.google.com/maps/search/?api=1&query=KING%20RAY%20SNORKELING%20MANTA%20POINT%26%20TOUR%20ISLAND&query_place_id=ChIJhWFdGwBz0i0RcN41osugAnM","Layanan Transportasi"
"Manta Snorkeling Nusa Penida | Snorkeling in Bali","4.9","111",,"Kabupaten Klungkung","Bali","ID","http://www.snorkelinginbali.com/","","Pusat Menyelam",,,,,,,,,,"https://www.google.com/maps/search/?api=1&query=Manta%20Snorkeling%20Nusa%20Penida%20%7C%20Snorkeling%20in%20Bali&query_place_id=ChIJNcAZfwBz0i0R-EgOXZcko-M","Pusat Menyelam"
"SALTY PENIDA SNORKELING","4.7","231",,"Kabupaten Klungkung","Bali","ID","https://saltypenida.com/","+62 878-6034-7643","Biro Wisata Bawah Laut",,,,,,,,,,"https://www.google.com/maps/search/?api=1&query=SALTY%20PENIDA%20SNORKELING&query_place_id=ChIJ3Zulx2Rz0i0RRNRvGGW-KVY","Biro Wisata Bawah Laut"
"PENIDA TOUR ISLAND / NUSA PENIDA SNORKELING","4.9","49","Br baledan","Kabupaten Klungkung","Bali","ID","http://www.penidatourisland.com/","+62 821-4488-2214","Pusat Informasi Pariwisata",,,,,,,,,,"https://www.google.com/maps/search/?api=1&query=PENIDA%20TOUR%20ISLAND%20%2F%20NUSA%20PENIDA%20SNORKELING&query_place_id=ChIJLXNeFylx0i0RJutMIp3wFtM","Pusat Informasi Pariwisata"
"Manta Point Snorkeling Nusa Penida","4.8","122","8GG4+M4P, Jalan Ped Buyuk","Kabupaten Klungkung","Bali","ID","http://www.nusapenidaexcursion.com/","+62 813-3752-1766","Biro Wisata Bawah Laut","Jasa Sewa Perahu","Agen Tur Kapal","Klub Menyelam","Pusat Menyelam","Penyelenggara aktivitas luar ruangan","Instruktur Selam",,,,"https://www.google.com/maps/search/?api=1&query=Manta%20Point%20Snorkeling%20Nusa%20Penida&query_place_id=ChIJfV64hElz0i0RpqofA_aeclc","Biro Wisata Bawah Laut"
"Captain Coconut Snorkeling","4.8","263","Lembongan island","Kabupaten Klungkung","Bali","ID","https://captaincoconut-lembongan.com/","+62 812-3990-7420","Tujuan Wisata","Pusat Menyelam",,,,,,,,,"https://www.google.com/maps/search/?api=1&query=Captain%20Coconut%20Snorkeling&query_place_id=ChIJf1QWZKBt0i0RVMI00BJX7O8","Tujuan Wisata"
"Kinara Nusatour Snorkeling and Nusa Penida tour","4.9","209","Jl. Yellow Bridge","Kabupaten Klungkung","Bali","ID","http://discoverlembonganandpenidaisland.com/","+62 812-3939-0314","Layanan Transportasi",,,,,,,,,,"https://www.google.com/maps/search/?api=1&query=Kinara%20Nusatour%20Snorkeling%20and%20Nusa%20Penida%20tour&query_place_id=ChIJ651HyO1t0i0R1c7Y_3Y997c","Layanan Transportasi"
"Lembongan Snorkeling Trips","4.8","253","Mangrove beach","Kabupaten Klungkung","Bali","ID","http://lembongansnorkelingtrips.com/","+62 821-4542-6252","Penyelenggara Perjalanan","Tujuan Wisata",,,,,,,,,"https://www.google.com/maps/search/?api=1&query=Lembongan%20Snorkeling%20Trips&query_place_id=ChIJd0SCY1Bt0i0RjScbPg3I7qA","Penyelenggara Perjalanan"
"Marta lembongan Snorkeling , fishing and activities","5","140","Tamarind beach nusa lembongan","Kabupaten Klungkung","Bali","ID",,"+62 823-4188-2324","Tujuan Wisata",,,,,,,,,,"https://www.google.com/maps/search/?api=1&query=Marta%20lembongan%20Snorkeling%20%2C%20fishing%20and%20activities&query_place_id=ChIJR5hX6JJt0i0RgHeWmT9d6i0","Tujuan Wisata"
"Island Snorkeling Fun , Fishing / Spearfishing / Snorkeling / Tour Island","5","62","Jl. Nusa Ceningan","Kabupaten Klungkung","Bali","ID","http://islandsnorklingfun.com/","+62 813-3613-787","Penyelenggara Perjalanan",,,,,,,,,,"https://www.google.com/maps/search/?api=1&query=Island%20Snorkeling%20Fun%20%2C%20Fishing%20%2F%20Spearfishing%20%2F%20Snorkeling%20%2F%20Tour%20Island&query_place_id=ChIJVbrtBABt0i0RZmqa1f3nkHA","Penyelenggara Perjalanan"
"Mortar Point Snorkeling | Manta Ray Trip to Nusa Penida","4.8","117","Jl","Kabupaten Klungkung","Bali","ID","https://linktr.ee/mortarpoint","","Biro Wisata Bawah Laut","Pusat Menyelam","Biro Wisata","Biro Perjalanan dan Wisata",,,,,,,"https://www.google.com/maps/search/?api=1&query=Mortar%20Point%20Snorkeling%20%7C%20Manta%20Ray%20Trip%20to%20Nusa%20Penida&query_place_id=ChIJN5hvZABz0i0RX7U6acoIJLg","Biro Wisata Bawah Laut"
"Tiger Rays Snorkeling","5","121","8F8P+RWF","Kabupaten Klungkung","Bali","ID","https://tigerrayssnorkeling.com/","+62 821-4593-8667","Biro Wisata Bawah Laut","Tujuan Wisata",,,,,,,,,"https://www.google.com/maps/search/?api=1&query=Tiger%20Rays%20Snorkeling&query_place_id=ChIJ26JQGwBz0i0R09oK3J2uYdE","Biro Wisata Bawah Laut"
"Manta Snorkeling","4.9","53",,"Kabupaten Klungkung","Bali","ID","https://www.malayadiveandheal.com/","+62 813-3823-1291","Agen Tur Kapal","Toko Peralatan Selam","Instruktur Selam","Biro Wisata Bawah Laut","Sekolah Renang",,,,,,"https://www.google.com/maps/search/?api=1&query=Manta%20Snorkeling&query_place_id=ChIJgzSgZoFz0i0Rrh-DAaVLfFs","Agen Tur Kapal"
"Bali Aqua Dive Center","4.8","352","Bali Aqua, Jl. Sekar Waru No.1 lt 1","Kota Denpasar","Bali","ID","https://baliaqua.com/","+62 812-3777-9099","Pusat Menyelam","Pusat Olahraga Petualangan","Agen Tur Kapal","Klub Menyelam","Toko Peralatan Selam","Kontraktor bawah laut","Instruktur Selam","Biro Wisata Bawah Laut","Layanan Rental Peralatan Olahraga Air",,"https://www.google.com/maps/search/?api=1&query=Bali%20Aqua%20Dive%20Center&query_place_id=ChIJ0yBQzL1B0i0RxjGy6mNcHuc","Pusat Menyelam"
"Nusablu Diving Penida","5","225","Jln. Grya Purna Ashram","Kabupaten Klungkung","Bali","ID","https://www.nusablu.com/","+62 822-6609-9293","Pusat Menyelam","Hotel Resor",,,,,,,,,"https://www.google.com/maps/search/?api=1&query=Nusablu%20Diving%20Penida&query_place_id=ChIJvZB2KkRz0i0R3sGnkU8FiQk","Pusat Menyelam"
"Joe's Gone Diving Bali","4.7","150","Jl. Bypass Ngurah Rai No.44A","Kota Denpasar","Bali","ID","https://www.joesgonediving.com/","+65 9760 0300","Pusat Menyelam","Toko Peralatan Selam","Instruktur Selam","Biro Wisata Bawah Laut","Pusat pelatihan",,,,,,"https://www.google.com/maps/search/?api=1&query=Joe's%20Gone%20Diving%20Bali&query_place_id=ChIJx9lYk0pA0i0RpFiaXOlY-CM","Pusat Menyelam"
"Neptune Scuba Diving","4.7","163","Jl. Suka Merta","Kota Denpasar","Bali","ID","https://neptunescubadiving.com/","+62 821-9495-4383","Pusat Menyelam","Toko Peralatan Selam","Instruktur Selam",,,,,,,,"https://www.google.com/maps/search/?api=1&query=Neptune%20Scuba%20Diving&query_place_id=ChIJVcid8aJB0i0RKNbx4yTHz3E","Pusat Menyelam"
"All 4 Diving Bali","4.8","231","Jl. Danau Tamblingan No.168","Kota Denpasar","Bali","ID","http://www.all4divingindonesia.com/","+62 811-3868-666","Pusat Menyelam",,,,,,,,,,"https://www.google.com/maps/search/?api=1&query=All%204%20Diving%20Bali&query_place_id=ChIJIfVit8tB0i0RklgshSKcQa0","Pusat Menyelam"
"Scuba Junkie Penida","4.8","199","Jln Raya Toyapakeh-Ped, Banjar Nyuh Desa Ped Nusa Penida, Klungkung Nusa, Penida","Kabupaten Klungkung","Bali","ID","https://www.scubajunkiepenida.com/","+62 811-3907-078","Pusat Menyelam",,,,,,,,,,"https://www.google.com/maps/search/?api=1&query=Scuba%20Junkie%20Penida&query_place_id=ChIJwXCwpM5z0i0RvfNzf6n-8KY","Pusat Menyelam"
"World Diving Lembongan","4.9","243","Nusa Lembongan, Pondok Baruna, Gg. Nusa Indah Jl. Jungutbatu","Kabupaten Klungkung","Bali","ID","http://www.world-diving.com/","+62 812-3900-686","Toko Peralatan Selam",,,,,,,,,,"https://www.google.com/maps/search/?api=1&query=World%20Diving%20Lembongan&query_place_id=ChIJZRbMjQpt0i0RPUOU_jN3uH8","Toko Peralatan Selam"
"Alpha World Diving","4.9","46","Gg. Meranggi No.1A","Kota Denpasar","Bali","ID","http://www.awdive.com/","+62 361 4492155","Toko Peralatan Selam","Pusat Pendidikan","Instruktur Selam","Biro Wisata Bawah Laut",,,,,,,"https://www.google.com/maps/search/?api=1&query=Alpha%20World%20Diving&query_place_id=ChIJZRXe_htB0i0R6x3-cuu9c0Y","Toko Peralatan Selam"
"Plongée BALI | BALI BREIZH DIVERS | centre de plongée PADI 5 STAR IDC - FFESSM","4.7","103","N°464 A, Jl. Bypass Ngurah Rai","Kota Denpasar","Bali","ID","https://www.scubadivingbali.com/","+62 812-4618-8744","Pusat Menyelam","Toko Peralatan Selam","Instruktur Selam","Biro Wisata Bawah Laut",,,,,,,"https://www.google.com/maps/search/?api=1&query=Plong%C3%A9e%20BALI%20%7C%20BALI%20BREIZH%20DIVERS%20%7C%20centre%20de%20plong%C3%A9e%20PADI%205%20STAR%20IDC%20-%20FFESSM&query_place_id=ChIJq2Rc_0BA0i0R_3ZSPnmk8V4","Pusat Menyelam"
"Bali Diving Academy","4.9","412","corner of, Jl. Sekuta Gg. Kalpataru","Kota Denpasar","Bali","ID","http://scubali.com/","+62 877-6004-8543","Pusat Menyelam","Toko Peralatan Selam","Biro Wisata Bawah Laut",,,,,,,,"https://www.google.com/maps/search/?api=1&query=Bali%20Diving%20Academy&query_place_id=ChIJAyBbJpRt0i0RHOJ56_PtCTE","Pusat Menyelam"
"Lembongan Discovery Dive","4.9","421","Jl. Jungut Batu","Nusa Lembongan","Bali","ID","http://www.lembongandiscoverydive.com/","+62 815-8910-377","Toko Peralatan Selam",,,,,,,,,,"https://www.google.com/maps/search/?api=1&query=Lembongan%20Discovery%20Dive&query_place_id=ChIJe4-rKnVt0i0R6HQU8G3toHQ","Toko Peralatan Selam"
"Celuk Temple","3.5","2","C72C+RCG, Br. Celuk, Sukawati","Kabupaten Gianyar","Bali","ID",,"","Pusat Informasi Pariwisata",,,,,,,,,,"https://www.google.com/maps/search/?api=1&query=Celuk%20Temple&query_place_id=ChIJ6TBpMjA-0i0RNVnCWFF73Sc","Pusat Informasi Pariwisata"
"Pudak Harum Temple",,,"C62W+7FG","Kabupaten Gianyar","Bali","ID",,"","Tempat Ibadah",,,,,,,,,,"https://www.google.com/maps/search/?api=1&query=Pudak%20Harum%20Temple&query_place_id=ChIJuyHbW6E_0i0R9_QVrMk8YAs","Tempat Ibadah"
"Pura Kawitan Arya Wang Bang Pinatih","5","1","C9MG+6CM","Kabupaten Klungkung","Bali","ID",,"","Pura",,,,,,,,,,"https://www.google.com/maps/search/?api=1&query=Pura%20Kawitan%20Arya%20Wang%20Bang%20Pinatih&query_place_id=ChIJT0JOEgAV0i0RbKVzM0VnAJQ","Pura"
"Pura Kawitan Pedoman Pertisentana Dalem Myukut","5","3","7HCX+J58","Kabupaten Klungkung","Bali","ID",,"","Pura",,,,,,,,,,"https://www.google.com/maps/search/?api=1&query=Pura%20Kawitan%20Pedoman%20Pertisentana%20Dalem%20Myukut&query_place_id=ChIJDaZZdmR30i0RqjidDLIYXj0","Pura"
"Dewata Temple 3","4.5","4","Jalan Profesor Dr Ida Bagus Mantra 150 Meter Sebelah Timur Gapura Masuk, Jalur Lambat","Kota Denpasar","Bali","ID",,"+62 852-3710-6225","Toko",,,,,,,,,,"https://www.google.com/maps/search/?api=1&query=Dewata%20Temple%203&query_place_id=ChIJTeco1gpA0i0RaD0kP7m-Abo","Toko"
"MantaCliff","4.2","228","banjar peguyangan","Kabupaten Klungkung","Bali","ID",,"+62 811-1000-3900","Tujuan Wisata",,,,,,,,,,"https://www.google.com/maps/search/?api=1&query=MantaCliff&query_place_id=ChIJ-6BdRWd70i0RcRki_A6XV_o","Tujuan Wisata"
"The Lotus Temple Spa & Beauty","4.9","15","Jl. Pratama No.85A","Kabupaten Badung","Bali","ID",,"+62 877-4565-2461","Spa",,,,,,,,,,"https://www.google.com/maps/search/?api=1&query=The%20Lotus%20Temple%20Spa%20%26%20Beauty&query_place_id=ChIJMVWj8C9D0i0RKwWt7F0V0ew","Spa"
"Temple Desa Rangkan Ketewel Parking","5","1","97HX+P8M","Kabupaten Gianyar","Bali","ID",,"","Tempat Parkir Gratis",,,,,,,,,,"https://www.google.com/maps/search/?api=1&query=Temple%20Desa%20Rangkan%20Ketewel%20Parking&query_place_id=ChIJHcCfq6AV0i0RRKRyQJ718_I","Tempat Parkir Gratis"
"Pura Dadia Dauh","4","1","C9RJ+M78, Banjar Sarimertha","Kabupaten Klungkung","Bali","ID",,"+62 818-0363-7896","Pura",,,,,,,,,,"https://www.google.com/maps/search/?api=1&query=Pura%20Dadia%20Dauh&query_place_id=ChIJAXs5xf8T0i0Ri1e2jiWkmvk","Pura"
"Ganesha temple",,,"Jl. Srikandi No.1","Kabupaten Badung","Bali","ID",,"","Pura",,,,,,,,,,"https://www.google.com/maps/search/?api=1&query=Ganesha%20temple&query_place_id=ChIJ0Va9EABD0i0RkxVa2qVuGNs","Pura"
"Merajan: Arya Pedoman (sri aji kresna kepakisan)Br.Angkal",,,"7HJR+MMR","Kabupaten Klungkung","Bali","ID",,"+62 831-1464-1483","Pura",,,,,,,,,,"https://www.google.com/maps/search/?api=1&query=Merajan%3A%20Arya%20Pedoman%20(sri%20aji%20kresna%20kepakisan)Br.Angkal&query_place_id=ChIJx6Ivsut30i0Rx9smiPof_WI","Pura"
"Manta Point Snorkeling Nusa Penida","3.5","29",,"Kabupaten Klungkung","Bali","ID","http://www.nusapenidaexcursion.com/","+62 831-1471-2976","Biro Wisata Bawah Laut","Klub Kapal","Agen Tur Kapal","Klub Memancing","Instruktur Selam","Pusat Informasi Pariwisata",,,,,"https://www.google.com/maps/search/?api=1&query=Manta%20Point%20Snorkeling%20Nusa%20Penida&query_place_id=ChIJ2dpt2ohv0i0Rd9dgg_Coi0A","Biro Wisata Bawah Laut"
"Banyumala Waterfall","4.8","5301",,"Kabupaten Buleleng","Bali","ID",,"","Tujuan Wisata",,,,,,,,,,"https://www.google.com/maps/search/?api=1&query=Banyumala%20Waterfall&query_place_id=ChIJdegEep2P0S0RlyNNjuDZzE4","Tujuan Wisata"
"Blahmantung Waterfall","4.7","186","PX2X+6H3","Kabupaten Tabanan","Bali","ID",,"","Tujuan Wisata",,,,,,,,,,"https://www.google.com/maps/search/?api=1&query=Blahmantung%20Waterfall&query_place_id=ChIJCaEpSAuH0S0RtyY9wJ0oVr8","Tujuan Wisata"
"Secret Waterfall","3.6","230","Jl. Raya Laplapan No.7","Kabupaten Gianyar","Bali","ID",,"","Tujuan Wisata",,,,,,,,,,"https://www.google.com/maps/search/?api=1&query=Secret%20Waterfall&query_place_id=ChIJ6xdeq8I90i0Rh5Dcmd4X0MY","Tujuan Wisata"
"Banyu Wana Amertha Waterfall","4.8","1430","Q4RG+229","Kabupaten Buleleng","Bali","ID",,"+62 822-4616-9096","Tujuan Wisata",,,,,,,,,,"https://www.google.com/maps/search/?api=1&query=Banyu%20Wana%20Amertha%20Waterfall&query_place_id=ChIJL6Q2CwqP0S0RRcaWKuRqTPY","Tujuan Wisata"
"Yeh Aya Waterfall","4.3","14","JW6X+JQ6","Kabupaten Tabanan","Bali","ID",,"","Tujuan Wisata",,,,,,,,,,"https://www.google.com/maps/search/?api=1&query=Yeh%20Aya%20Waterfall&query_place_id=ChIJi7M1yx4r0i0RLJ8-Ddj2Iag","Tujuan Wisata"
"Gema waterfall","5","2","95WV+X5H, Jl. Raya Sading","Kabupaten Badung","Bali","ID",,"","Tujuan Wisata",,,,,,,,,,"https://www.google.com/maps/search/?api=1&query=Gema%20waterfall&query_place_id=ChIJcTRTMQA_0i0RvrTZbc859KM","Tujuan Wisata"
"Air Terjun Leke Leke","4.5","3467","Kerobokan","Kabupaten Tabanan","Bali","ID",,"","Tujuan Wisata",,,,,,,,,,"https://www.google.com/maps/search/?api=1&query=Air%20Terjun%20Leke%20Leke&query_place_id=ChIJXfZP2tYg0i0RUaM-yoiFiXs","Tujuan Wisata"
"secret waterfall","4","23","F4FR+CQ9, Jl. Tukad Yeh Ho","Kabupaten Tabanan","Bali","ID","https://www.facebook.com/share/r/JthBzWgJwsuswAq3/?mibextid=I6gGtw","+62 878-7664-3943","Tujuan Wisata",,,,,,,,,,"https://www.google.com/maps/search/?api=1&query=secret%20waterfall&query_place_id=ChIJY3T_X3c70i0RivhnCUaDYno","Tujuan Wisata"
"Manta Bali Dive Center","4.3","6","Jl. Duyung No.160","Kota Denpasar","Bali","ID","http://balidivecenter.weebly.com/","+62 821-4636-6940","Toko Peralatan Selam",,,,,,,,,,"https://www.google.com/maps/search/?api=1&query=Manta%20Bali%20Dive%20Center&query_place_id=ChIJaZIJFMFB0i0R29TvusaQtSc","Toko Peralatan Selam"
"Scubacrew bali diving centre","4.9","14","Jl. Sekuta No.34","Kota Denpasar","Bali","ID",,"+62 812-3786-3575","Pusat Menyelam","Penginapan",,,,,,,,,"https://www.google.com/maps/search/?api=1&query=Scubacrew%20bali%20diving%20centre&query_place_id=ChIJXc2ZAU5A0i0Rp2HzKlHChZU","Pusat Menyelam"
"Ocean King Dive Shop Bali","5","2443","Jl. Bypass Ngurah Rai No.20","Kota Denpasar","Bali","ID","http://www.okdiveshop.com/","+62 361 710990","Pusat Menyelam","Toko Peralatan Selam","Toko Alat Pancing","Toko outlet","Toko Perlengkapan Olahraga","Grosir",,,,,"https://www.google.com/maps/search/?api=1&query=Ocean%20King%20Dive%20Shop%20Bali&query_place_id=ChIJC4UscnNB0i0RZFXMRF8_WGs","Pusat Menyelam"
"Bali Diving Academy Lembongan","4.9","234","island Jungut Batu","Kabupaten Klungkung","Bali","ID","http://www.scubali.com/","+62 877-6004-8543","Pusat Menyelam",,,,,,,,,,"https://www.google.com/maps/search/?api=1&query=Bali%20Diving%20Academy%20Lembongan&query_place_id=ChIJ67RUCKFt0i0RU4kHEs8BfHM","Pusat Menyelam"
"Bali Scuba Masters","4.9","135","Jl. Pratama No.85","Kabupaten Badung","Bali","ID","http://www.baliscubamasters.com/","+62 812-3637-011","Pusat Menyelam","Biro Wisata Bawah Laut",,,,,,,,,"https://www.google.com/maps/search/?api=1&query=Bali%20Scuba%20Masters&query_place_id=ChIJjZsITwhD0i0RaEnSwtr6TWM","Pusat Menyelam"
"DPM diving Nusa Penida","5","2805","Jl. Raya Toya Pakeh - Ped","Kabupaten Klungkung","Bali","ID","http://www.dpmdiving.com/","+62 812-3769-3299","Toko Peralatan Selam",,,,,,,,,,"https://www.google.com/maps/search/?api=1&query=DPM%20diving%20Nusa%20Penida&query_place_id=ChIJGaMh8SJz0i0RZ49aSHCBrS4","Toko Peralatan Selam"
"Bali Diving","4.8","232","Jl. Bypass Ngurah Rai No.46E","Kota Denpasar","Bali","ID","https://www.balidiving.com/","+62 878-6119-0174","Pusat Menyelam","Toko Peralatan Selam","Agensi wisata olahraga",,,,,,,,"https://www.google.com/maps/search/?api=1&query=Bali%20Diving&query_place_id=ChIJN2JtPrxB0i0RJGQA14Mxhto","Pusat Menyelam"
"Tamarind Divers","5","451","Nusa Lembongan, Tamarind Beach, Nusa Lembongan","Kabupaten Klungkung","Bali","ID","https://www.tamarinddivers.com/","+62 812-3862-7799","Pusat Menyelam","Instruktur Selam",,,,,,,,,"https://www.google.com/maps/search/?api=1&query=Tamarind%20Divers&query_place_id=ChIJgUPnuqVt0i0RBtc3i5SNrSA","Pusat Menyelam"
"Planet Bali Dive","5","159","Jl. Danau Poso No.29","Kota Denpasar","Bali","ID","http://www.planetbalidive.com/","+62 811-3928-789","Pusat Menyelam","Klub Menyelam","Toko Peralatan Selam","Instruktur Selam","Biro Wisata Bawah Laut",,,,,,"https://www.google.com/maps/search/?api=1&query=Planet%20Bali%20Dive&query_place_id=ChIJscniqb9B0i0RJnPipitqsZM","Pusat Menyelam"
"Noosa Dive Resort","5","332","Jl. Ped-Buyuk","Kabupaten Klungkung","Bali","ID","https://noosadiveresort.com/","+62 822-6699-6539","Pusat Menyelam","Hotel Resor",,,,,,,,,"https://www.google.com/maps/search/?api=1&query=Noosa%20Dive%20Resort&query_place_id=ChIJ96srUCdz0i0R07QPG238EtE","Pusat Menyelam"
"Blue Corner Dive Lembongan","4.9","326","Jl. Jungutbatu","Kabupaten Klungkung","Bali","ID","http://www.bluecornerdive.com/","+62 812-3761-8151","Pusat Menyelam","Hostel","Instruktur Selam","Biro Wisata Bawah Laut",,,,,,,"https://www.google.com/maps/search/?api=1&query=Blue%20Corner%20Dive%20Lembongan&query_place_id=ChIJ7_SFLQ1t0i0Ry77kxa-69rs","Pusat Menyelam"
"Siren Diving Lembongan","5","475","Nusa Lembongan, Siren Diving and Watersports Shop Lembongan Village Jungutbatu","Kabupaten Klungkung","Bali","ID","https://www.sirendivinglembongan.com/","+62 811-3802-277","Toko Peralatan Selam",,,,,,,,,,"https://www.google.com/maps/search/?api=1&query=Siren%20Diving%20Lembongan&query_place_id=ChIJQ-tUVbht0i0RKh38vAXFd_Q","Toko Peralatan Selam"
"Dune Penida dive shop","4.9","188","Jalan Sanjaya","Kabupaten Klungkung","Bali","ID","https://penida.dune-world.com/","+62 811-3811-7585","Biro Wisata Bawah Laut","Instruktur Selam",,,,,,,,,"https://www.google.com/maps/search/?api=1&query=Dune%20Penida%20dive%20shop&query_place_id=ChIJ_f-euadz0i0RdYVi4MTlz6Y","Biro Wisata Bawah Laut"
"IDC Nusa Lembongan by Scuba Center Asia","5","28","Nusa Lembongan","Kabupaten Klungkung","Bali","ID","https://www.scubacenterasia.com/course/instructor-development-course/","+62 822-4748-4788","Pusat Menyelam","Pusat Pendidikan","Instruktur Selam",,,,,,,,"https://www.google.com/maps/search/?api=1&query=IDC%20Nusa%20Lembongan%20by%20Scuba%20Center%20Asia&query_place_id=ChIJDSCCjGJt0i0R3oh1bhfXkEM","Pusat Menyelam"
"OCA Divers","5","27","Jl. Pantai Sindhu No.10A","Kota Denpasar","Bali","ID","http://www.ocadivers.com/","+62 811-3940-7100","Pusat Menyelam",,,,,,,,,,"https://www.google.com/maps/search/?api=1&query=OCA%20Divers&query_place_id=ChIJWznxwXNB0i0RPtKZ8X2R_DU","Pusat Menyelam"
"Bali Hai Diving Adventures Lembongan","4.8","184","Mushroom Beach","Kabupaten Klungkung","Bali","ID","https://balihaicruises.com/diving/#trm-lembongan","+62 811-3976-058","Pusat Menyelam","Toko Peralatan Selam","Instruktur Selam","Biro Wisata Bawah Laut",,,,,,,"https://www.google.com/maps/search/?api=1&query=Bali%20Hai%20Diving%20Adventures%20Lembongan&query_place_id=ChIJpQDjWK5t0i0RNlK7-jPV-yA","Pusat Menyelam"
"Penida Manta Dive","4.3","23","Jl. Ped - Buyuk","Kabupaten Klungkung","Bali","ID",,"+62 821-4444-6391","Pusat Menyelam","Klub Menyelam","Akomodasi berlayanan",,,,,,,,"https://www.google.com/maps/search/?api=1&query=Penida%20Manta%20Dive&query_place_id=ChIJmbMFRG910i0R3iUGC6vu_Q0","Pusat Menyelam"
"DIVE GUIDE IN BALI – Dive center","5","5","Jl. Pratama No.62a","Kabupaten Badung","Bali","ID","http://www.diveguideinbali.com/","+62 821-4480-5888","Kantor Perusahaan",,,,,,,,,,"https://www.google.com/maps/search/?api=1&query=DIVE%20GUIDE%20IN%20BALI%20%E2%80%93%20Dive%20center&query_place_id=ChIJvQTi__FD0i0RgXVV51wt0po","Kantor Perusahaan"
"Crystal Bay Snorkeling","2.6","81","7FM5+QMC","Kabupaten Klungkung","Bali","ID",,"","Biro Wisata",,,,,,,,,,"https://www.google.com/maps/search/?api=1&query=Crystal%20Bay%20Snorkeling&query_place_id=ChIJtSNjWjpv0i0RxQ7w5w5YCm0","Biro Wisata"
"Snorkeling&Island Tour Queen-Nan","4.8","118",,"Kabupaten Klungkung","Bali","ID",,"+62 812-3845-1336","Biro Perjalanan dan Wisata",,,,,,,,,,"https://www.google.com/maps/search/?api=1&query=Snorkeling%26Island%20Tour%20Queen-Nan&query_place_id=ChIJ73s1IABz0i0R9sKsoHme8w4","Biro Perjalanan dan Wisata"
"Penida Snorkeling","4.7","63",,"Kabupaten Klungkung","Bali","ID",,"+62 821-4657-5960","Biro Wisata",,,,,,,,,,"https://www.google.com/maps/search/?api=1&query=Penida%20Snorkeling&query_place_id=ChIJ5YCBOUBx0i0RPPPNJjQIf1g","Biro Wisata"
"nusa penida snorkeling tour","4","3","jalan raya kutampi","Kabupaten Klungkung","Bali","ID",,"+62 821-4690-4869","Toko",,,,,,,,,,"https://www.google.com/maps/search/?api=1&query=nusa%20penida%20snorkeling%20tour&query_place_id=ChIJBdKFaZVz0i0RTfqsZ4eG8oY","Toko"
"OK trip SNORKELING TRIP to MANTA","4.9","67","Jl. Raya Toya Pakeh - Ped","Kabupaten Klungkung","Bali","ID","https://oktripsnorkeling.com/home/","+62 812-6982-0506","Biro Wisata Bawah Laut",,,,,,,,,,"https://www.google.com/maps/search/?api=1&query=OK%20trip%20SNORKELING%20TRIP%20to%20MANTA&query_place_id=ChIJH6FuACtz0i0Rts_Djthexlw","Biro Wisata Bawah Laut"
"Newbro Snorkeling Lembongan & Nusa Penida","4.9","29","Dusun kaja","Kabupaten Klungkung","Bali","ID","https://newbrosurfing.com/snorkeling/","+62 822-3625-8403","Biro Perjalanan dan Wisata","Agen Tur Kapal","Biro Wisata Bawah Laut","Penyelenggara Perjalanan","Tujuan Wisata",,,,,,"https://www.google.com/maps/search/?api=1&query=Newbro%20Snorkeling%20Lembongan%20%26%20Nusa%20Penida&query_place_id=ChIJczD82Hpt0i0RVjBCtQNkIiw","Biro Perjalanan dan Wisata"
"NUSA Penida Tour - SNORKELING Trip Penida Island, Bali","4.9","35","Jl. Matahari Terbit","Kota Denpasar","Bali","ID","https://fastboatbalilombok.com/","+62 812-2697-6282","Agen Tur Kapal",,,,,,,,,,"https://www.google.com/maps/search/?api=1&query=NUSA%20Penida%20Tour%20-%20SNORKELING%20Trip%20Penida%20Island%2C%20Bali&query_place_id=ChIJZ5uKtnFB0i0R7Jd3DPD-vFc","Agen Tur Kapal"
"The Wall (snorkeling place)","4.5","86","8F8J+54F, Unnamed Road","Kabupaten Klungkung","Bali","ID",,"","Tujuan Wisata",,,,,,,,,,"https://www.google.com/maps/search/?api=1&query=The%20Wall%20(snorkeling%20place)&query_place_id=ChIJLbcJeTlz0i0RoqlQggSVWr0","Tujuan Wisata"
"Sailfish snorkeling trip#Lembongan fishing gt","4.8","26",,"Kabupaten Klungkung","Bali","ID",,"+62 821-4412-6336","Pusat Menyelam","Agensi wisata olahraga",,,,,,,,,"https://www.google.com/maps/search/?api=1&query=Sailfish%20snorkeling%20trip%23Lembongan%20fishing%20gt&query_place_id=ChIJ72Nl7h9t0i0R8yerzdRCdCk","Pusat Menyelam"
"Snorkeling Trip,share/join snorkeling, Private Boat, Traveling Nusa Penida. (KARDI EXPRESS)","4.5","22","8F8P+RWF","Kabupaten Klungkung","Bali","ID","https://wa.me/c/6287816328609","+62 878-1632-8609","Biro Perjalanan dan Wisata","Biro Wisata Bawah Laut",,,,,,,,,"https://www.google.com/maps/search/?api=1&query=Snorkeling%20Trip%2Cshare%2Fjoin%20snorkeling%2C%20Private%20Boat%2C%20Traveling%20Nusa%20Penida.%20(KARDI%20EXPRESS)&query_place_id=ChIJ890h_Lpz0i0RYXHsTna7IDA","Biro Perjalanan dan Wisata"
"Coconut Park Pasut Beach","4","13","Jln. raya pantai pasut","Kabupaten Tabanan","Bali","ID",,"+62 857-3887-1919","Taman",,,,,,,,,,"https://www.google.com/maps/search/?api=1&query=Coconut%20Park%20Pasut%20Beach&query_place_id=ChIJVbhfbhkx0i0RPjWj4GB4TOM","Taman"
"Nusantara Dive Bali 巴厘岛潜水","5","87","Jl. Tirta Ening No.15A","Kota Denpasar","Bali","ID","http://www.nusantaradivebali.com/","+62 812-4610-1572","Pusat Menyelam",,,,,,,,,,"https://www.google.com/maps/search/?api=1&query=Nusantara%20Dive%20Bali%20%E5%B7%B4%E5%8E%98%E5%B2%9B%E6%BD%9C%E6%B0%B4&query_place_id=ChIJV9lA87hB0i0R0kubp1KfGBA","Pusat Menyelam"
"Scuba Go Indonesia - Sanur Bali","5","307",,"Kota Denpasar","Bali","ID","https://www.scubago.id/sanur/","+62 851-9068-1843","Pusat Menyelam","Biro Wisata Bawah Laut",,,,,,,,,"https://www.google.com/maps/search/?api=1&query=Scuba%20Go%20Indonesia%20-%20Sanur%20Bali&query_place_id=ChIJzbTGA6FB0i0RH8l2OeR13pc","Pusat Menyelam"
"Big Fish Diving","4.9","276","Secret Garden Bungalows","Kabupaten Klungkung","Bali","ID","http://www.bigfishdiving.com/","+62 813-5313-6861","Pusat Menyelam",,,,,,,,,,"https://www.google.com/maps/search/?api=1&query=Big%20Fish%20Diving&query_place_id=ChIJD6Flvgpt0i0RItPoXHvxBBY","Pusat Menyelam"
"バリ島 ブルーパラダイス","4.9","58","Jl. Batur Sari No.68","Kota Denpasar","Bali","ID","http://www.blueparadise-in.com/","","Pusat Menyelam","Toko",,,,,,,,,"https://www.google.com/maps/search/?api=1&query=%E3%83%90%E3%83%AA%E5%B3%B6%20%E3%83%96%E3%83%AB%E3%83%BC%E3%83%91%E3%83%A9%E3%83%80%E3%82%A4%E3%82%B9&query_place_id=ChIJx3FNX7dB0i0RtJ3vNhaPjL4","Pusat Menyelam"
"Bali Dive Shop","4.8","1585","Jl. Bypass Ngurah Rai No.17A","Kota Denpasar","Bali","ID","http://balidiveshop.com/","+62 878-5225-2294","Toko Peralatan Selam",,,,,,,,,,"https://www.google.com/maps/search/?api=1&query=Bali%20Dive%20Shop&query_place_id=ChIJIRIwBXNB0i0RnSkwG91Ddy8","Toko Peralatan Selam"
"SCUBA HQ Diving Center Bali","5","51","Jl. Graha Wisata 1A No.17","Kota Denpasar","Bali","ID","https://scubahqdiver.com/","","Pusat Menyelam",,,,,,,,,,"https://www.google.com/maps/search/?api=1&query=SCUBA%20HQ%20Diving%20Center%20Bali&query_place_id=ChIJcxTG8CJB0i0RzRKY3PLHcZA","Pusat Menyelam"
"Garuda Dive Nusa Penida","5","166",,"Kabupaten Klungkung","Bali","ID","https://www.garudadivenusapenida.com/","+62 813-3958-6849","Pusat Menyelam",,,,,,,,,,"https://www.google.com/maps/search/?api=1&query=Garuda%20Dive%20Nusa%20Penida&query_place_id=ChIJh1z6PwBz0i0R4cPm3UW8s_8","Pusat Menyelam"
"Blue Season Bali / ブルーシーズン・バリ / 巴厘岛蔚蓝季潜水中心","4.7","241","Ruko Dewata Asih, Jl. Bypass Ngurah Rai No.9 unit No.3","Kota Denpasar","Bali","ID","http://www.baliocean.com/","+62 811-3855-598","Pusat Menyelam","Klub Menyelam","Toko Peralatan Selam","Instruktur Selam","Biro Wisata Bawah Laut",,,,,,"https://www.google.com/maps/search/?api=1&query=Blue%20Season%20Bali%20%2F%20%E3%83%96%E3%83%AB%E3%83%BC%E3%82%B7%E3%83%BC%E3%82%BA%E3%83%B3%E3%83%BB%E3%83%90%E3%83%AA%20%2F%20%E5%B7%B4%E5%8E%98%E5%B2%9B%E8%94%9A%E8%93%9D%E5%AD%A3%E6%BD%9C%E6%B0%B4%E4%B8%AD%E5%BF%83&query_place_id=ChIJ9TD1B71B0i0RpUld4H-Bxsg","Pusat Menyelam"
"Deep Roots Diving Centre","5","59",,"Kabupaten Klungkung","Bali","ID","https://linktr.ee/DeepRootsPenida?utm_source=linktree_profile_share&ltsid=df03c8f5-ac40-4029-ad62-81431fa41c64","+62 812-3759-9553","Pusat Menyelam",,,,,,,,,,"https://www.google.com/maps/search/?api=1&query=Deep%20Roots%20Diving%20Centre&query_place_id=ChIJfw0jQyxz0i0RKkagW2i3-kU","Pusat Menyelam"
"French Kiss Divers Lembongan","5","1636","Nusa Lembongan, Jl. Jungutbatu No.Raya","Kabupaten Klungkung","Bali","ID","https://plongee-indonesie.com/","+62 823-4180-6599","Pusat Menyelam","Toko Peralatan Selam",,,,,,,,,"https://www.google.com/maps/search/?api=1&query=French%20Kiss%20Divers%20Lembongan&query_place_id=ChIJG6LtwAxt0i0RsqRixuG3Jq0","Pusat Menyelam"
"MANTASCAPE DIVING","5","241","Jl. Jungutbatu","Kabupaten Klungkung","Bali","ID","http://www.mantascapediving.com/","+62 877-8738-0202","Pusat Menyelam","Klub Menyelam","Toko Peralatan Selam","Biro Wisata Bawah Laut",,,,,,,"https://www.google.com/maps/search/?api=1&query=MANTASCAPE%20DIVING&query_place_id=ChIJh6RtiVJt0i0RsWiBANMD13s","Pusat Menyelam"
"Two Fish Divers Penida","4.9","272","Jl. Batumulapan","Kabupaten Klungkung","Bali","ID","https://twofishdivers.com/diving-bali/nusa-penida/diving-penida/","+62 823-3906-2742","Toko Peralatan Selam",,,,,,,,,,"https://www.google.com/maps/search/?api=1&query=Two%20Fish%20Divers%20Penida&query_place_id=ChIJ6S8ewQpt0i0R2Cy-LFGIzBc","Toko Peralatan Selam"
"Bali Scuba","4.8","324","Jl. Danau Poso No.46","Kota Denpasar","Bali","ID","http://www.baliscuba.com/","+62 818-0504-3888","Toko Peralatan Selam",,,,,,,,,,"https://www.google.com/maps/search/?api=1&query=Bali%20Scuba&query_place_id=ChIJmzm6KBhE0i0Ro2rbOY8DIEU","Toko Peralatan Selam"
"Bali Marine Diving (BMD)","4.8","30","Jl. Cemara No.23","Kota Denpasar","Bali","ID","http://www.balimarinediving.com/","+62 812-3808-808","Biro Wisata Bawah Laut","Toko Peralatan Selam",,,,,,,,,"https://www.google.com/maps/search/?api=1&query=Bali%20Marine%20Diving%20(BMD)&query_place_id=ChIJg0BZP8BB0i0RdDSyl58qxvc","Biro Wisata Bawah Laut"
"Ceningan Divers","4.9","270","Ceningan Resort","Kabupaten Klungkung","Bali","ID","https://ceningandivers.com/","+62 811-3907-703","Pusat Menyelam","Hotel Resor","Penyelenggara Perjalanan",,,,,,,,"https://www.google.com/maps/search/?api=1&query=Ceningan%20Divers&query_place_id=ChIJw0s9rZRt0i0RmCH32hUulZ0","Pusat Menyelam"
"Makara Dive Center","4.9","57","Jl. Karang Sari No.21","Denpasar Selatan","Bali","ID","http://makaradive.com/","+62 817-1788-1777","Pusat Menyelam",,,,,,,,,,"https://www.google.com/maps/search/?api=1&query=Makara%20Dive%20Center&query_place_id=ChIJd1HHPmtB0i0R8kzYLJh6f6U","Pusat Menyelam"
"Exotis Bali Diving","5","114","Jl. Danau Buyan No.35A","Kota Denpasar","Bali","ID","https://exotisbali.com/","+62 812-3915-8883","Pusat Menyelam","Toko Peralatan Selam",,,,,,,,,"https://www.google.com/maps/search/?api=1&query=Exotis%20Bali%20Diving&query_place_id=ChIJ___wdrlB0i0RR3ysSc_7WcU","Pusat Menyelam"
"Success Dive Centre Bali","5","16","Villa Tiga 3, Gg. Jagung Jl. Batur Sari","Kota Denpasar","Bali","ID",,"+886 910 373 800","Pusat Menyelam","Agen Tur Kapal","Instruktur Selam","Biro Wisata Bawah Laut",,,,,,,"https://www.google.com/maps/search/?api=1&query=Success%20Dive%20Centre%20Bali&query_place_id=ChIJj3KxoIdB0i0R7NgYhRVISek","Pusat Menyelam"
"NAUTICA BALI DIVE CENTER & COURSE","4.2","25","Jl. Siligita Jl. Raya Nusa Dua Selatan No.99","Kabupaten Badung","Bali","ID","https://nauticadivecenter.wixsite.com/balidivenautica","+62 813-5355-2112","Pusat Menyelam","Klub Menyelam","Hostel",,,,,,,,"https://www.google.com/maps/search/?api=1&query=NAUTICA%20BALI%20DIVE%20CENTER%20%26%20COURSE&query_place_id=ChIJpXfw4DZD0i0R6ryLSHp788Y","Pusat Menyelam"
"Hebron Mountain of Prayer","4.2","6","HX9M+56W","Kabupaten Tabanan","Bali","ID",,"+62 812-3623-0136","Kapel Pernikahan",,,,,,,,,,"https://www.google.com/maps/search/?api=1&query=Hebron%20Mountain%20of%20Prayer&query_place_id=ChIJC-W7Ppgt0i0RIdv3kN3GErY","Kapel Pernikahan"
"Ceningan snorkeling trip","5","123","Nusa Ceningan","Kabupaten Klungkung","Bali","ID",,"+62 812-3716-1170","Tujuan Wisata",,,,,,,,,,"https://www.google.com/maps/search/?api=1&query=Ceningan%20snorkeling%20trip&query_place_id=ChIJ0WCzEjVt0i0RkOAVzNSSCXE","Tujuan Wisata"
"CENINGAN PARADISE ADVENTURES ,snorkeling trip & penida tour","5","652","Jl. Nusa Ceningan","Kabupaten Klungkung","Bali","ID","https://ceninganparadise.com/","+62 822-3636-2816","Penyelenggara aktivitas luar ruangan",,,,,,,,,,"https://www.google.com/maps/search/?api=1&query=CENINGAN%20PARADISE%20ADVENTURES%20%2Csnorkeling%20trip%20%26%20penida%20tour&query_place_id=ChIJ0eVy5sNt0i0RrlduQHSUpRs","Penyelenggara aktivitas luar ruangan"
"Manta Point Nusa Penida","4.4","1426",,"Kota Denpasar","Bali","ID","http://www.mantatourtransport.com/","","Tujuan Wisata",,,,,,,,,,"https://www.google.com/maps/search/?api=1&query=Manta%20Point%20Nusa%20Penida&query_place_id=ChIJ9WUPNnl60i0RBlpodzIAH2A","Tujuan Wisata"
"Bali Ocean Rider Snorkeling","4.3","268",,"Kabupaten Klungkung","Bali","ID","http://balioceanrider.com/","+62 819-9973-4022","Kantor Perusahaan",,,,,,,,,,"https://www.google.com/maps/search/?api=1&query=Bali%20Ocean%20Rider%20Snorkeling&query_place_id=ChIJpezghO1z0i0RKcpN48hWdDQ","Kantor Perusahaan"
"Sting Ray Snorkeling Nusa Penida","4.3","39","8FFQ+9HX","Kabupaten Klungkung","Bali","ID","http://www.penidasnorkeling.com/","","Agen Tur Kapal",,,,,,,,,,"https://www.google.com/maps/search/?api=1&query=Sting%20Ray%20Snorkeling%20Nusa%20Penida&query_place_id=ChIJv7IWpaFz0i0Rz2TbIaTsB90","Agen Tur Kapal"
"D and B Lembongan Snorkeling Trip","4.9","45","8CGW+VX8","Kabupaten Klungkung","Bali","ID",,"+62 812-4696-9506","Tujuan Wisata",,,,,,,,,,"https://www.google.com/maps/search/?api=1&query=D%20and%20B%20Lembongan%20Snorkeling%20Trip&query_place_id=ChIJt9JfBgBt0i0RHF9ttxx6VIU","Tujuan Wisata"
"BlueWhale Snorkeling Center","4.6","114","Jl Sanjaya","Kabupaten Klungkung","Bali","ID",,"+62 823-3960-8640","Biro Wisata",,,,,,,,,,"https://www.google.com/maps/search/?api=1&query=BlueWhale%20Snorkeling%20Center&query_place_id=ChIJWS7Opj9z0i0R2bGXiibmK_Y","Biro Wisata"
"Captain Yin Yang Snorkeling, Fishing, Sunset and Surf Tours. Instagram: @captainyin_yang Nusa Lembongan","5","569","Song Lambung Beach, Nusa Lembongan",,"Bali","ID","https://captainyinyang-lembongan.com/","+62 813-5335-5215","Penyelenggara Perjalanan",,,,,,,,,,"https://www.google.com/maps/search/?api=1&query=Captain%20Yin%20Yang%20Snorkeling%2C%20Fishing%2C%20Sunset%20and%20Surf%20Tours.%20Instagram%3A%20%40captainyin_yang%20Nusa%20Lembongan&query_place_id=ChIJx7tNu_dt0i0RX6QhwJeEYfc","Penyelenggara Perjalanan"
"Manta SNORKELING and LAND trips by PRIVATE boat and car","4.9","19","Jln.raya","Denpasar","Bali","ID","http://www.google.com/url?q=http%3A%2F%2Fwa.me%2F6285933687624&sa=D&sntz=1&usg=AOvVaw2s1Fb7VK9nxK2nK7XPGLzx","+62 859-3368-7624","Biro Wisata Bawah Laut",,,,,,,,,,"https://www.google.com/maps/search/?api=1&query=Manta%20SNORKELING%20and%20LAND%20trips%20by%20PRIVATE%20boat%20and%20car&query_place_id=ChIJv8mI3k9z0i0Rko6MZC4e2h0","Biro Wisata Bawah Laut"
"Nusa Penida Day Trip and Snorkeling - Nusa Penida Tour Packages and Snorkeling","4.8","85","Jl. Kelingking Beach","Kabupaten Klungkung","Bali","ID","https://nusapenidadaytrip.com/","+62 853-3339-9981","Biro Perjalanan dan Wisata","Agen Tiket","Biro Wisata Bawah Laut",,,,,,,,"https://www.google.com/maps/search/?api=1&query=Nusa%20Penida%20Day%20Trip%20and%20Snorkeling%20-%20Nusa%20Penida%20Tour%20Packages%20and%20Snorkeling&query_place_id=ChIJ_Zn58Xg_0i0R6NCka9nQ_SY","Biro Perjalanan dan Wisata"
"Tour and Snorkeling Lembongan - Nusa Penida","5","10","Jl. Jungutbatu","Kabupaten Klungkung","Bali","ID","http://lembonganislandtour.com/","+62 821-4775-4582","Penyelenggara aktivitas luar ruangan",,,,,,,,,,"https://www.google.com/maps/search/?api=1&query=Tour%20and%20Snorkeling%20Lembongan%20-%20Nusa%20Penida&query_place_id=ChIJpTvMHZVv0i0RAQk9sIflBXc","Penyelenggara aktivitas luar ruangan"
"snorkeling ,fishing trip ,captain Made","5","38","Lembongan ,tamarin beach","Bali","Bali","ID",,"+62 813-5399-5478","Layanan Feri",,,,,,,,,,"https://www.google.com/maps/search/?api=1&query=snorkeling%20%2Cfishing%20trip%20%2Ccaptain%20Made&query_place_id=ChIJ-Uq3HUdt0i0R80o4GxoQJQ8","Layanan Feri"
"Manta Fish Snorkeling","4.8","480","Dermaga banjar nyuh","Kabupaten Klungkung","Bali","ID","https://www.tiketpenida.com/nusa-penida","","Pusat Menyelam","Biro Perjalanan dan Wisata",,,,,,,,,"https://www.google.com/maps/search/?api=1&query=Manta%20Fish%20Snorkeling&query_place_id=ChIJzXVW87hz0i0RA0oHvdbmuNs","Pusat Menyelam"
"Sailors King Lembongan Snorkeling","5","47","ohanas beach resort","Kabupaten Klungkung","Bali","ID","https://www.instagram.com/sailorskinglembongan","+62 858-2900-0185","Biro Perjalanan dan Wisata","Agen Tur Kapal",,,,,,,,,"https://www.google.com/maps/search/?api=1&query=Sailors%20King%20Lembongan%20Snorkeling&query_place_id=ChIJa20N-r9t0i0RTIUzxLARHWE","Biro Perjalanan dan Wisata"
"Lembongan Snorkeling Tour","5","5","Nusa Lembongan, Jl. Raya Lembongan","Kabupaten Klungkung","Bali","ID",,"+62 822-6633-5055","Penyelenggara Perjalanan",,,,,,,,,,"https://www.google.com/maps/search/?api=1&query=Lembongan%20Snorkeling%20Tour&query_place_id=ChIJx7ZCn3lt0i0R1vlGmExNcrc","Penyelenggara Perjalanan"
"Emperor Divers Lembongan","5","196","8C4X+J4, Jl. Raya Lembongan","Kabupaten Klungkung","Bali","ID","https://www.emperordivers.com/day-diving-location/lembongan/","+62 811-3757-555","Pusat Menyelam","Toko Peralatan Selam",,,,,,,,,"https://www.google.com/maps/search/?api=1&query=Emperor%20Divers%20Lembongan&query_place_id=ChIJNbrnwtpt0i0RmLcuA5y5stU","Pusat Menyelam"
"Fluid Focus Freedive Lembongan | Freediving Bali","5","351","Jl. Jungutbatu","Kabupaten Klungkung","Bali","ID","http://bluecornerfreedive.com/","+62 811-3887-866","Pusat Menyelam","Toko Peralatan Selam","Biro Wisata Bawah Laut","Penyelenggara Perjalanan","Layanan Rental Peralatan Olahraga Air",,,,,,"https://www.google.com/maps/search/?api=1&query=Fluid%20Focus%20Freedive%20Lembongan%20%7C%20Freediving%20Bali&query_place_id=ChIJhY4Q3Vlt0i0RQd92M5l7qJ0","Pusat Menyelam"
"Diving center","3.3","3","8C8M+RCV","Kabupaten Klungkung","Bali","ID",,"","Tujuan Wisata",,,,,,,,,,"https://www.google.com/maps/search/?api=1&query=Diving%20center&query_place_id=ChIJaaFL4QZt0i0R2FSWrHSLvlY","Tujuan Wisata"
"SEKOLAH MENYELAM ITU SANGAT BAGUS, APALAGI DI BALI DIVING SCHOOL, SELAIN TEMPATNYA YANG BAGUS, INSTRUKTUR NYA JUGA RAMAH","5","45","Nuansa tropical sanur No.mor a15","Kota Denpasar","Bali","ID","https://balidivingschool.com/","","Pusat Menyelam","Klub Menyelam","Instruktur Selam",,,,,,,,"https://www.google.com/maps/search/?api=1&query=SEKOLAH%20MENYELAM%20ITU%20SANGAT%20BAGUS%2C%20APALAGI%20DI%20BALI%20DIVING%20SCHOOL%2C%20SELAIN%20TEMPATNYA%20YANG%20BAGUS%2C%20INSTRUKTUR%20NYA%20JUGA%20RAMAH&query_place_id=ChIJ7bfcDrBB0i0RH-6ThmLt-E8","Pusat Menyelam"
"Bali Stingray Divers","4.9","51","Gg. III","Kota Denpasar","Bali","ID","http://www.balistingraydiver.com/","+62 812-4652-9722","Pusat Menyelam",,,,,,,,,,"https://www.google.com/maps/search/?api=1&query=Bali%20Stingray%20Divers&query_place_id=ChIJ1dyki75B0i0RnDvJNJ9IDSQ","Pusat Menyelam"
"Dive Sport","4.6","133","Jalan By Pass Ngurah Rai No.25B, Padang Galak, Sanur Kaja, Denpasar Selatan","Kota Denpasar","Bali","ID","https://www.divesportbali.com/index.html","+62 361 283463","Toko Peralatan Selam",,,,,,,,,,"https://www.google.com/maps/search/?api=1&query=Dive%20Sport&query_place_id=ChIJr6YKrUFA0i0RFs4KiNvvPrE","Toko Peralatan Selam"
"Scuba Gear Indonesia","5","229","Jl. Bypass Ngurah Rai No.664","Kota Denpasar","Bali","ID","http://www.scubagearindonesia.com/","+62 813-5333-3387","Toko Peralatan Selam",,,,,,,,,,"https://www.google.com/maps/search/?api=1&query=Scuba%20Gear%20Indonesia&query_place_id=ChIJR_Xg0vhB0i0RsaZO2hrmQfI","Toko Peralatan Selam"
"Orana Dive Center","5","60","Jl. Tukad Balian No.290","Kota Denpasar","Bali","ID","http://oranadive.com/","+62 812-2555-5335","Pusat Menyelam",,,,,,,,,,"https://www.google.com/maps/search/?api=1&query=Orana%20Dive%20Center&query_place_id=ChIJH4WQF5NB0i0RGGMjONRxRf4","Pusat Menyelam"
"Nusa Penida: Scuba Diving with Pool Session and 2 Dives",,,"8GFG+26Q, Jl. Sentalkangin","Kabupaten Klungkung","Bali","ID","https://www.getyourguide.com/nusa-penida-l89276/nusa-penida-try-scuba-diving-with-pool-session-and-2-dives-t1192232/?partner_id=PCP3E0Y&currency=USD&travel_agent=1&cmp=share_to_earn","","Pusat Menyelam",,,,,,,,,,"https://www.google.com/maps/search/?api=1&query=Nusa%20Penida%3A%20Scuba%20Diving%20with%20Pool%20Session%20and%202%20Dives&query_place_id=ChIJCYTYawBz0i0RpeVeWm2LWjM","Pusat Menyelam"
"Ena Dive Center & Marine Adventures","4.7","56","Jl. Tirta Ening No.1","Kota Denpasar","Bali","ID","http://enadive.co.id/","+62 361 288829","Biro Wisata Bawah Laut",,,,,,,,,,"https://www.google.com/maps/search/?api=1&query=Ena%20Dive%20Center%20%26%20Marine%20Adventures&query_place_id=ChIJVVWFVblB0i0R8iRjxfdEjgs","Biro Wisata Bawah Laut"
"Freedive Nusa - Freediving School","4.9","682","Jl. Ped - Buyuk No.Desa","Nusa Penida","Bali","ID","https://freedivenusa.com/","+62 813-3745-2890","Pusat Menyelam","Klub Menyelam","Toko Peralatan Selam","Pusat kebugaran","Biro Wisata","Studio Yoga",,,,,"https://www.google.com/maps/search/?api=1&query=Freedive%20Nusa%20-%20Freediving%20School&query_place_id=ChIJnRQec1Fy0i0Rst-nXc4aNDk","Pusat Menyelam"
"Nusa Penida Diving by Project Laut",,,"Project Laut SSI Training Center Dusun Pendem, Desa PED, Banjar Bodong","Kabupaten Klungkung","Bali","ID","https://nusapenidadive.com/","+62 813-3065-8826","Pusat Menyelam",,,,,,,,,,"https://www.google.com/maps/search/?api=1&query=Nusa%20Penida%20Diving%20by%20Project%20Laut&query_place_id=ChIJcUVbYN5z0i0RdthemGj9Kyo","Pusat Menyelam"
"Lembongan divers","4.7","49",,"Kabupaten Klungkung","Bali","ID","https://lembongandiversbali.com/","+62 813-3983-0037","Biro Wisata Bawah Laut",,,,,,,,,,"https://www.google.com/maps/search/?api=1&query=Lembongan%20divers&query_place_id=ChIJRfoVIxpt0i0Rzgddx1pDfO8","Biro Wisata Bawah Laut"
"Freediving Penida by Pure","5","228","Jl Ped - Buyuk","Kabupaten Klungkung","Bali","ID","http://www.freedivingpenida.com/","+62 821-3875-0632","Pusat Menyelam","Agen Tur Kapal","Sekolah Renang",,,,,,,,"https://www.google.com/maps/search/?api=1&query=Freediving%20Penida%20by%20Pure&query_place_id=ChIJVyDt6OBz0i0RwH7UB9gV_mQ","Pusat Menyelam"
"AQUA DIVE MOBIL (PT. Paradise Diving Indonesia Bali, Nusa Dua)","4.8","6","Jalan Pratama, Tanjung Benoa, Kuta Selatan","Kabupaten Badung","Bali","ID","http://www.bali-scuba-diving.com/","+62 817-4711-515","Biro Perjalanan dan Wisata",,,,,,,,,,"https://www.google.com/maps/search/?api=1&query=AQUA%20DIVE%20MOBIL%20(PT.%20Paradise%20Diving%20Indonesia%20Bali%2C%20Nusa%20Dua)&query_place_id=ChIJefLIwrpD0i0RK1ja4qc9cew","Biro Perjalanan dan Wisata"
"Bali Legends Dive Center","4.9","26","Jl. Danau Poso No.55","Kota Denpasar","Bali","ID","https://www.balilegendsdivecenter.com/","+62 822-6087-7020","Toko Peralatan Selam",,,,,,,,,,"https://www.google.com/maps/search/?api=1&query=Bali%20Legends%20Dive%20Center&query_place_id=ChIJbYeMylpB0i0Rk6GNxmnpXC0","Toko Peralatan Selam"
"Mermaid Liveaboards","4.8","27","Jl. Danau Tamblingan No.75","Kota Denpasar","Bali","ID","https://www.mermaid-liveaboards.com/","+62 811-386-940","Penyelenggara Perjalanan","Perusahaan kapal pesiar","Toko Peralatan Selam","Pusat Menyelam","Biro Wisata","Biro Perjalanan dan Wisata",,,,,"https://www.google.com/maps/search/?api=1&query=Mermaid%20Liveaboards&query_place_id=ChIJMQ-U071B0i0RZc93zcVQL1c","Penyelenggara Perjalanan"
"Lembongan Dream Dive Resort","4.3","41","Lembongan island","Kabupaten Klungkung","Bali","ID",,"+62 878-0003-7888","Pusat Menyelam","Toko",,,,,,,,,"https://www.google.com/maps/search/?api=1&query=Lembongan%20Dream%20Dive%20Resort&query_place_id=ChIJJUtVeKBt0i0RHYEBQ6VlUpQ","Pusat Menyelam"
"Underwater Tribe","5","11","Jalan D. Buyan No.47","Kota Denpasar","Bali","ID","http://www.underwatertribe.com/","+62 811-3859-491","Pusat Menyelam","Biro Wisata Bawah Laut",,,,,,,,,"https://www.google.com/maps/search/?api=1&query=Underwater%20Tribe&query_place_id=ChIJkSUf80lA0i0RL9rktIsnOhM","Pusat Menyelam"
"The King Of The Sea Trip","5","44","Jl. Sarang Burung","Kabupaten Klungkung","Bali","ID","https://www.thekingofthesea.com/","+62 813-3940-3579","Penyelenggara Perjalanan",,,,,,,,,,"https://www.google.com/maps/search/?api=1&query=The%20King%20Of%20The%20Sea%20Trip&query_place_id=ChIJyU6g1tpt0i0Rs3acNApN_4w","Penyelenggara Perjalanan"
"Captain Nawan Lembongan (Private) Snorkeling Trip and Marsya Scooter Rental","5","158","Nusa Lembongan","Kabupaten Klungkung","Bali","ID",,"+62 823-4087-3747","Biro Wisata Bawah Laut",,,,,,,,,,"https://www.google.com/maps/search/?api=1&query=Captain%20Nawan%20Lembongan%20(Private)%20Snorkeling%20Trip%20and%20Marsya%20Scooter%20Rental&query_place_id=ChIJ1Vgs--pt0i0RCAfQ_Lfc3QU","Biro Wisata Bawah Laut"
"Sea & Island Excursion","4.9","324","Jl. Nusa Ceningan","Kabupaten Klungkung","Bali","ID","http://www.seaislandexcursion.com/","+62 813-3834-4328","Agen Tur Kapal",,,,,,,,,,"https://www.google.com/maps/search/?api=1&query=Sea%20%26%20Island%20Excursion&query_place_id=ChIJMaMpy0Bt0i0RulPz6VceRZY","Agen Tur Kapal"
"Captain Putu snorkeling & fishing tour","4.6","18","Nusa Lembongan","Kabupaten Klungkung","Bali","ID",,"+62 821-4717-7241","Biro Perjalanan dan Wisata",,,,,,,,,,"https://www.google.com/maps/search/?api=1&query=Captain%20Putu%20snorkeling%20%26%20fishing%20tour&query_place_id=ChIJLztw0QRt0i0R7KC7r9DhOe8","Biro Perjalanan dan Wisata"
"Twin Ocean Snorkeling","4.9","130","Ceningan Road","Kabupaten Klungkung","Bali","ID",,"+62 812-3636-9484","Penginapan",,,,,,,,,,"https://www.google.com/maps/search/?api=1&query=Twin%20Ocean%20Snorkeling&query_place_id=ChIJbfVNH_lt0i0RJz2OQ5wtrmY","Penginapan"
"DOLPHINO SNORKELING","4","225","8FFQ+FJG Dermaga Banjar Nyuh","Kabupaten Klungkung","Bali","ID","http://www.dolphinopenidasnorkeling.com/","+62 813-7773-9900","Biro Perjalanan dan Wisata",,,,,,,,,,"https://www.google.com/maps/search/?api=1&query=DOLPHINO%20SNORKELING&query_place_id=ChIJlW58LkBz0i0RY5yIyEOnlf0","Biro Perjalanan dan Wisata"
"Nusa Penida Spot Tour & Travel (META TOUR)","4.9","490",,"Kabupaten Klungkung","Bali","ID","https://www.nusapenidaspot.com/","+62 857-3817-3604","Biro Wisata","Biro Perjalanan dan Wisata",,,,,,,,,"https://www.google.com/maps/search/?api=1&query=Nusa%20Penida%20Spot%20Tour%20%26%20Travel%20(META%20TOUR)&query_place_id=ChIJTQI6SDpy0i0RP99CkYFl3C0","Biro Wisata"
"Teluk Gamat","4.6","1706","7FX9+HM5","Kabupaten Klungkung","Bali","ID",,"","Tujuan Wisata",,,,,,,,,,"https://www.google.com/maps/search/?api=1&query=Teluk%20Gamat&query_place_id=ChIJjyjroGMX0i0RVcmFU8xvl90","Tujuan Wisata"
"Tour Nusa Penida Daily | Manta Ray Snorkeling","4.9","193","Jalan","Kabupaten Klungkung","Bali","ID","https://www.penidadaily.com/","+62 857-3846-1462","Biro Perjalanan dan Wisata",,,,,,,,,,"https://www.google.com/maps/search/?api=1&query=Tour%20Nusa%20Penida%20Daily%20%7C%20Manta%20Ray%20Snorkeling&query_place_id=ChIJ4QKtg97twgwRK-RPyQReTxo","Biro Perjalanan dan Wisata"
"Black Manta Bali managed by Oceanic Flow","5","50","Gg. 3 No.1","Kota Denpasar","Bali","ID","http://www.blackmantabali.com/","+62 817-0229-573","Biro Wisata Bawah Laut","Agen Kapal Pesiar","Klub Menyelam","Pusat pelatihan","Biro Perjalanan dan Wisata",,,,,,"https://www.google.com/maps/search/?api=1&query=Black%20Manta%20Bali%20managed%20by%20Oceanic%20Flow&query_place_id=ChIJmVZcxzBB0i0RkuMQ8f-ne2Y","Biro Wisata Bawah Laut"
"Ocean warrior private Snorkeling","5","43","Dusun ceningan kawan","Kabupaten Klungkung","Bali","ID",,"+62 821-4125-1223","Pusat Olahraga Petualangan",,,,,,,,,,"https://www.google.com/maps/search/?api=1&query=Ocean%20warrior%20private%20Snorkeling&query_place_id=ChIJK5HY0Blt0i0RptQc5ivVIDM","Pusat Olahraga Petualangan"
"Dolphin Beach","4.5","121","7C9X+PWC","Kabupaten Klungkung","Bali","ID",,"","Tujuan Wisata",,,,,,,,,,"https://www.google.com/maps/search/?api=1&query=Dolphin%20Beach&query_place_id=ChIJL8GsxYxv0i0RhEbuTR9MkP4","Tujuan Wisata"
"Buyuk, Diving Spot","3.8","6","8GHX+JHC, Sea",,"Bali","ID",,"",,,,,,,,,,,"https://www.google.com/maps/search/?api=1&query=Buyuk%2C%20Diving%20Spot&query_place_id=ChIJC-9ev55z0i0RSklqgSO24s8",
"Paradha Tour and Snorkeling","5","11","Jl pantai kelingking","Kabupaten Klungkung","Bali","ID",,"+62 813-3923-1828","Agensi wisata olahraga",,,,,,,,,,"https://www.google.com/maps/search/?api=1&query=Paradha%20Tour%20and%20Snorkeling&query_place_id=ChIJkaEPxOBx0i0R7Q-F5BQLVr4","Agensi wisata olahraga"
"Manta Point Dive Nusa Penida","4.6","26","Banjar Nyuh Nusa Penida, Ped, Nusapenida, Bali 8077 Nusa Penida","Kabupaten Klungkung","Bali","ID","http://www.nusapenidaexcursion.com/","+62 831-1471-2976","Toko Peralatan Selam","Klub Menyelam","Pusat Menyelam",,,,,,,,"https://www.google.com/maps/search/?api=1&query=Manta%20Point%20Dive%20Nusa%20Penida&query_place_id=ChIJ4Vh_netz0i0RVkDKWpIUuoc","Toko Peralatan Selam"
"The Nirvana Diving Center",,,"80771","Kabupaten Klungkung","Bali","ID",,"+62 821-3572-9813","Pusat Menyelam",,,,,,,,,,"https://www.google.com/maps/search/?api=1&query=The%20Nirvana%20Diving%20Center&query_place_id=ChIJx_-sXQBt0i0Rprnt32GrywU","Pusat Menyelam"
"Mola - Mola Dive Center","4.7","19","Gardenland Residence, Blk. D No.2","Kabupaten Badung","Bali","ID","http://molamoladivingbali.com/","+62 818-356-031","Pusat Menyelam",,,,,,,,,,"https://www.google.com/maps/search/?api=1&query=Mola%20-%20Mola%20Dive%20Center&query_place_id=ChIJ-8xWiGVD0i0R5GbWixb5b8s","Pusat Menyelam"
"Master Selam","4.4","166","Jl. Bypass Ngurah Rai No.314","Kota Denpasar","Bali","ID","http://www.masterselam.com/","+62 361 283138","Toko Peralatan Selam",,,,,,,,,,"https://www.google.com/maps/search/?api=1&query=Master%20Selam&query_place_id=ChIJNaonP7VB0i0RMPkA-zz5ucs","Toko Peralatan Selam"
"World Diving Street Office",,,"Jl. Jungutbatu","Kabupaten Klungkung","Bali","ID","https://world-diving.com/","+62 812-3900-686","Pusat Menyelam",,,,,,,,,,"https://www.google.com/maps/search/?api=1&query=World%20Diving%20Street%20Office&query_place_id=ChIJ13RinBdt0i0RiD1LMf7PdTY","Pusat Menyelam"
"PRO DIVE BALI","4.2","34","Jl. Rama No.6","Kota Denpasar","Bali","ID","https://www.prodivebali.com/","+62 813-3870-4422","Biro Wisata Bawah Laut",,,,,,,,,,"https://www.google.com/maps/search/?api=1&query=PRO%20DIVE%20BALI&query_place_id=ChIJp68v0GtB0i0RnKh1ivJFbPQ","Biro Wisata Bawah Laut"
"Papas Dive Center","4.9","40","Gg. Uma Carik No.10","Kota Denpasar","Bali","ID","https://papasdive.com/","+62 812-3606-248","Biro Wisata Bawah Laut",,,,,,,,,,"https://www.google.com/maps/search/?api=1&query=Papas%20Dive%20Center&query_place_id=ChIJY26tV7pB0i0RlKuETD27mwQ","Biro Wisata Bawah Laut"
"Two Fish Divers Sanur","4.8","24","Jl. Batur Sari No.47a","Kota Denpasar","Bali","ID","https://www.twofishdivers.com/diving-bali/sanur/diving-trips-bali/","+62 812-4614-3422","Toko Peralatan Selam",,,,,,,,,,"https://www.google.com/maps/search/?api=1&query=Two%20Fish%20Divers%20Sanur&query_place_id=ChIJCwKTR7dB0i0RjDz3h65lgOI","Toko Peralatan Selam"
"Pilgrim Divers","5","22","Jl. Wira No.1","Kota Denpasar","Bali","ID","https://pilgrim-divers.com/","+62 823-4248-8624","Pusat Menyelam",,,,,,,,,,"https://www.google.com/maps/search/?api=1&query=Pilgrim%20Divers&query_place_id=ChIJJ5HGjYRB0i0RIEqA9XjlNzE","Pusat Menyelam"
"Nusablu Diving Penida - Main Road Office","5","3","Jl. Nusa Indah No.53","Kabupaten Klungkung","Bali","ID","https://www.nusablu.com/","+62 822-6609-9293","Biro Wisata Bawah Laut","Pusat Menyelam",,,,,,,,,"https://www.google.com/maps/search/?api=1&query=Nusablu%20Diving%20Penida%20-%20Main%20Road%20Office&query_place_id=ChIJzXAT8Xtz0i0RHZp1JUJ5odk","Biro Wisata Bawah Laut"
"PT KHARISMA DIVE","5","3","Jl. Bypass Ngurah Rai No.18","Kota Denpasar","Bali","ID",,"+62 361 289316","Pusat Menyelam","Klub Menyelam","Toko Peralatan Selam","Biro Wisata Bawah Laut",,,,,,,"https://www.google.com/maps/search/?api=1&query=PT%20KHARISMA%20DIVE&query_place_id=ChIJQe5oYUpA0i0R4iDt9sXoOGM","Pusat Menyelam"
"Deep Roots Dive & Yoga Resort","5","432","Deep Roots Dive & Yoga Resort Dusun Pendem, Desa PED, Banjar Bodong, Nusa Penida","Kabupaten Klungkung","Bali","ID","http://www.deeproots-penida.com/?utm_source=google&utm_medium=mybusiness&utm_campaign=profile","+62 811-3877-0033","Pusat Menyelam","Hotel Resor","Restoran","Studio Yoga",,,,,,,"https://www.google.com/maps/search/?api=1&query=Deep%20Roots%20Dive%20%26%20Yoga%20Resort&query_place_id=ChIJ9UiWCXpz0i0RseH1rL51cA0","Pusat Menyelam"
"Bali Hai Diving Adventures","4.8","13","Jl. Wahana Tirta No.1, Pedungan, Kec. Denpasar Sel., Kota Denpasar, Bali 80001 Dep","Kota Denpasar","Bali","ID","https://balihaicruises.com/diving/","+62 811-3976-058","Pusat Menyelam","Biro Wisata Bawah Laut",,,,,,,,,"https://www.google.com/maps/search/?api=1&query=Bali%20Hai%20Diving%20Adventures&query_place_id=ChIJmxOmAOhD0i0RD4XD-sU4iYg","Pusat Menyelam"
"Blue Fin Dive Center","2","2","Jl. Pratama Jl. Nusa Dua No.36X","Kabupaten Badung","Bali","ID",,"+62 361 7405656","Toko Peralatan Selam",,,,,,,,,,"https://www.google.com/maps/search/?api=1&query=Blue%20Fin%20Dive%20Center&query_place_id=ChIJISmxzSJD0i0R_cdoisUSkkE","Toko Peralatan Selam"
"BALI NICE DIVING","5","7","Jl. Bypass Ngurah Rai No.90","Kota Denpasar","Bali","ID","http://www.balinicediving.com/","+62 812-3455-3315","Pusat Menyelam","Kontraktor bawah laut","Instruktur Selam","Agensi wisata olahraga",,,,,,,"https://www.google.com/maps/search/?api=1&query=BALI%20NICE%20DIVING&query_place_id=ChIJVzxWAJNB0i0ROmpoeDzsFvs","Pusat Menyelam"
"Sanctum Hotel and Dive - Nusa Penida","4.9","117","Jl. Jungutbatu","Kabupaten Klungkung","Bali","ID","http://www.sanctumdiveindonesia.com/","+62 812-8532-5669","Toko Peralatan Selam","Klub Menyelam","Hotel","Hostel","Akomodasi berlayanan",,,,,,"https://www.google.com/maps/search/?api=1&query=Sanctum%20Hotel%20and%20Dive%20-%20Nusa%20Penida&query_place_id=ChIJzc9ZvZ5z0i0RtW-hlAOTKTs","Toko Peralatan Selam"
"Diving Tulamben Bali","4","1","C8R5+M95, Jalan Raya","Kabupaten Gianyar","Bali","ID","https://promodivingtulamben.weebly.com/","+62 822-3636-5656","Pusat Menyelam",,,,,,,,,,"https://www.google.com/maps/search/?api=1&query=Diving%20Tulamben%20Bali&query_place_id=ChIJ_TXoX1oX0i0R3EHvMQHTKXI","Pusat Menyelam"
"Divemaster Lembongan by Legend Diving","5","13","NUSA LEMBONGAN","Kabupaten Klungkung","Bali","ID","https://www.divemasterlembongan.com/","+62 821-4647-6678","Pusat Menyelam","Toko Peralatan Selam",,,,,,,,,"https://www.google.com/maps/search/?api=1&query=Divemaster%20Lembongan%20by%20Legend%20Diving&query_place_id=ChIJvdfyGh1t0i0R_2i_ndGh_PU","Pusat Menyelam"
"Mekar Sari Dive & Watersport","4.5","265","Jl. Pratama No.100X","Kabupaten Badung","Bali","ID","https://mekarsariwatersport.com/","+62 813-3737-7369","Pusat Menyelam","Pusat Olahraga Petualangan","Layanan Rental Peralatan Olahraga Air",,,,,,,,"https://www.google.com/maps/search/?api=1&query=Mekar%20Sari%20Dive%20%26%20Watersport&query_place_id=ChIJ1wAsNLpD0i0R5puZyGqXZnU","Pusat Menyelam"
"Discover Nusa Penida","4.9","566","Jalan Raya Toyapakeh, Desa Ped, Nusa Penida","Kabupaten Klungkung","Bali","ID","https://www.discovernusapenida.com/","+62 857-3734-3308","Pusat Informasi Pariwisata",,,,,,,,,,"https://www.google.com/maps/search/?api=1&query=Discover%20Nusa%20Penida&query_place_id=ChIJ_w4xkGVy0i0R2HKENC8fois","Pusat Informasi Pariwisata"
"ADITI CRUISES SNORKELING TRIP to MANTA","4.9","161",,"Kabupaten Klungkung","Bali","ID",,"+62 821-4831-8387","Biro Wisata Bawah Laut",,,,,,,,,,"https://www.google.com/maps/search/?api=1&query=ADITI%20CRUISES%20SNORKELING%20TRIP%20to%20MANTA&query_place_id=ChIJK1iBhnJz0i0Rji_9b6MLVqU","Biro Wisata Bawah Laut"
"Captain Blank Lembongan Snorkeling Trips","5","23","8CJX+359, Jalan Raya Lembongan","Kabupaten Klungkung","Bali","ID","https://www.instagram.com/sailorskinglembongan","+62 823-5933-9911","Agen Tur Kapal",,,,,,,,,,"https://www.google.com/maps/search/?api=1&query=Captain%20Blank%20Lembongan%20Snorkeling%20Trips&query_place_id=ChIJIYliKQBt0i0Rjs8Xr04I8Jg","Agen Tur Kapal"
"Manta Ray Excursion","4.8","131","8HG8+3J3, Jl. Ped-Buyuk","Kabupaten Klungkung","Bali","ID","https://wa.link/jhhkrl","+62 853-3351-1243","Pusat Menyelam","Biro Wisata Bawah Laut",,,,,,,,,"https://www.google.com/maps/search/?api=1&query=Manta%20Ray%20Excursion&query_place_id=ChIJmQi9fwBz0i0Rqm_X3BVDIeg","Pusat Menyelam"
"Blue Lagoon activities ceningan","4.8","211","Jl. Blue Lagoon Ceningan","Kabupaten Klungkung","Bali","ID","https://bluelagoonactivitiesceningan.com/","+62 813-3772-1668","Biro Wisata Bawah Laut",,,,,,,,,,"https://www.google.com/maps/search/?api=1&query=Blue%20Lagoon%20activities%20ceningan&query_place_id=ChIJ740Du7lt0i0RM5AhlDuKSTw","Biro Wisata Bawah Laut"
"Golden Horizon - Snorkeling Bali","4.9","87","Jl. Pantai Merta Sari","Kota Denpasar","Bali","ID","https://goldenhorizon.id/","+62 823-4217-7776","Penyelenggara Perjalanan",,,,,,,,,,"https://www.google.com/maps/search/?api=1&query=Golden%20Horizon%20-%20Snorkeling%20Bali&query_place_id=ChIJkaS2LxpB0i0Rf2pq-Bo4-_8","Penyelenggara Perjalanan"
"Nusa Penida Explorer","4.8","628","Jalan Raya Toya Pakeh, Desa Toya Pakeh Nusa Penida","Kabupaten Klungkung","Bali","ID","http://www.nusapenidaexplorer.com/","+62 818-0533-3747","Pusat Informasi Pariwisata",,,,,,,,,,"https://www.google.com/maps/search/?api=1&query=Nusa%20Penida%20Explorer&query_place_id=ChIJzZY3e2Vy0i0Rf1u_QsDiivQ","Pusat Informasi Pariwisata"
"Smile Nusa Penida Tour & Travel","4.9","419","Jln","Kabupaten Klungkung","Bali","ID","http://www.smilenusapenida.com/","+62 882-1915-1707","Biro Perjalanan dan Wisata",,,,,,,,,,"https://www.google.com/maps/search/?api=1&query=Smile%20Nusa%20Penida%20Tour%20%26%20Travel&query_place_id=ChIJt6tBsEpz0i0R8VJLxyxGq4I","Biro Perjalanan dan Wisata"
"View Nusa Penida Tour & Snorkeling activities","3","4","Dusun karang dawa","Kabupaten Klungkung","Bali","ID","https://wa.me/message/TY27Y6PZDX2HG1","+62 812-3722-0297","Biro Perjalanan dan Wisata",,,,,,,,,,"https://www.google.com/maps/search/?api=1&query=View%20Nusa%20Penida%20Tour%20%26%20Snorkeling%20activities&query_place_id=ChIJtX9Z7YFx0i0R-mfHSHDgVX8","Biro Perjalanan dan Wisata"
"Beach Access 1 ABU Bali Property","4.5","2","C2RH+WV","Kabupaten Tabanan","Bali","ID",,"","Tujuan Wisata",,,,,,,,,,"https://www.google.com/maps/search/?api=1&query=Beach%20Access%201%20ABU%20Bali%20Property&query_place_id=ChIJJ-WXs_cx0i0RVYCxkVQRYwY","Tujuan Wisata"
"Bebali beach","4.7","15","F256+785, Jl. Bebali","Kabupaten Tabanan","Bali","ID",,"","Tujuan Wisata",,,,,,,,,,"https://www.google.com/maps/search/?api=1&query=Bebali%20beach&query_place_id=ChIJCf-oZIYx0i0RkWsmXRaDRoI","Tujuan Wisata"
"adipuspa corner","4.8","4","F24F+32P","Kabupaten Tabanan","Bali","ID",,"","Tujuan Wisata",,,,,,,,,,"https://www.google.com/maps/search/?api=1&query=adipuspa%20corner&query_place_id=ChIJ6_O-mHQx0i0RQRxCJaLX-3E","Tujuan Wisata"
"Tambak gede tegal mengkeb","5","2","F228+FP","Kabupaten Tabanan","Bali","ID",,"","Tujuan Wisata",,,,,,,,,,"https://www.google.com/maps/search/?api=1&query=Tambak%20gede%20tegal%20mengkeb&query_place_id=ChIJ7cCNMwAx0i0RLDFtDXMrDR8","Tujuan Wisata"
"Pura puseh dan pura desa adat Tegalmengkeb Kelod","5","1","F23H+MRM, Unnamed Road","Kabupaten Tabanan","Bali","ID",,"","Pura",,,,,,,,,,"https://www.google.com/maps/search/?api=1&query=Pura%20puseh%20dan%20pura%20desa%20adat%20Tegalmengkeb%20Kelod&query_place_id=ChIJ2dTsQVUx0i0RPi8gxhOADzs","Pura"
"Pura Dalem Adat Tegalmengkeb Kelod","4.2","6","F23H+JR5","Kabupaten Tabanan","Bali","ID",,"+62 831-1722-0565","Pura",,,,,,,,,,"https://www.google.com/maps/search/?api=1&query=Pura%20Dalem%20Adat%20Tegalmengkeb%20Kelod&query_place_id=ChIJM9h1SpQx0i0Rys1koNIUzrU","Pura"
"Subak gebang gading bawah","4.3","3","F23F+CRP, Unnamed Road","Kabupaten Tabanan","Bali","ID",,"","Pura",,,,,,,,,,"https://www.google.com/maps/search/?api=1&query=Subak%20gebang%20gading%20bawah&query_place_id=ChIJBf4i0Qgx0i0Rb7H4EJyqIGY","Pura"
"Pura luhur semulungan","4.6","5","C2RH+WV","Kabupaten Tabanan","Bali","ID",,"","Tujuan Wisata",,,,,,,,,,"https://www.google.com/maps/search/?api=1&query=Pura%20luhur%20semulungan&query_place_id=ChIJK_A5LwAx0i0RsbLyK9jz0_0","Tujuan Wisata"
"Success Dive Academy","5","2","Jl. Segara Ayu","Kota Denpasar","Bali","ID","http://www.successdivecentre.com/","+62 813-3713-2843","Biro Wisata Bawah Laut","Instruktur Selam",,,,,,,,,"https://www.google.com/maps/search/?api=1&query=Success%20Dive%20Academy&query_place_id=ChIJc4384r9B0i0R782DbgVnhWc","Biro Wisata Bawah Laut"
"EL Scuba Indonesia","5","5","Jl. Danau Tondano No.55","Kota Denpasar","Bali","ID","https://elscubadiving.com/contact-us","+62 838-2131-5858","Pusat Menyelam","Instruktur Selam","Biro Wisata Bawah Laut",,,,,,,,"https://www.google.com/maps/search/?api=1&query=EL%20Scuba%20Indonesia&query_place_id=ChIJw4u5YQBB0i0RHBTiYwULjYY","Pusat Menyelam"
"Mola Mola Dive Center - Nusa Penida",,,"8G96+MQ","Kabupaten Klungkung","Bali","ID","http://www.molamoladivingbali.com/","+62 821-4646-5226","Pusat Menyelam",,,,,,,,,,"https://www.google.com/maps/search/?api=1&query=Mola%20Mola%20Dive%20Center%20-%20Nusa%20Penida&query_place_id=ChIJn1apJQBz0i0RS_gnNZKPC7M","Pusat Menyelam"
"Dive Bali Last Paradise",,,"Jl. Danau Poso","Kota Denpasar","Bali","ID",,"+62 897-9154-753","Pusat Menyelam",,,,,,,,,,"https://www.google.com/maps/search/?api=1&query=Dive%20Bali%20Last%20Paradise&query_place_id=ChIJqX-a57VB0i0RvUMO4GIQr-w","Pusat Menyelam"
"Sanctum Exploration","5","17","Jl. Danau Poso No.39","Kota Denpasar","Bali","ID","http://www.sanctumexploration.com/","+62 812-3838-6192","Toko Peralatan Selam","Instruktur Selam",,,,,,,,,"https://www.google.com/maps/search/?api=1&query=Sanctum%20Exploration&query_place_id=ChIJ56OBnNNB0i0R-PnHyj_1zEE","Toko Peralatan Selam"
"TIME DIVERS PENIDA | 時光潛水","5","12","Jalan Ped Toyapakeh","Kabupaten Klungkung","Bali","ID","https://www.timediverspenida.com/","+62 813-5396-3318","Pusat Menyelam","Toko Peralatan Selam",,,,,,,,,"https://www.google.com/maps/search/?api=1&query=TIME%20DIVERS%20PENIDA%20%7C%20%E6%99%82%E5%85%89%E6%BD%9B%E6%B0%B4&query_place_id=ChIJF1K7VABz0i0Rmda6hyetCow","Pusat Menyelam"
"Bali And Go Scuba Diving","5","5","Padang Galak, Jl. Bypass Ngurah Rai","Kota Denpasar","Bali","ID","http://www.baliandgo.com/","+62 811-911-075","Pusat Menyelam",,,,,,,,,,"https://www.google.com/maps/search/?api=1&query=Bali%20And%20Go%20Scuba%20Diving&query_place_id=ChIJsw-KDTRB0i0ReKYMRVQNtHI","Pusat Menyelam"
"Macaws Divers","5","1",,"Kabupaten Klungkung","Bali","ID","https://www.macawsdivers.com/","+62 813-3065-1586","Pusat Menyelam",,,,,,,,,,"https://www.google.com/maps/search/?api=1&query=Macaws%20Divers&query_place_id=ChIJ04U1b8Bt0i0Rlhcf255zR84","Pusat Menyelam"
"Project Laut","5","47","Project Laut SSI Training Center","Kabupaten Klungkung","Bali","ID","https://www.projectlaut.org/","+62 813-3065-8826","Pusat Menyelam",,,,,,,,,,"https://www.google.com/maps/search/?api=1&query=Project%20Laut&query_place_id=ChIJvwBvjsBz0i0Rfma8HUir1RI","Pusat Menyelam"
"Benoa Tirta Harum Dive Center & Dive School","5","3","Jl. Pratama No.36x","Kabupaten Badung","Bali","ID",,"+62 811-3960-0609","Kantor Perusahaan",,,,,,,,,,"https://www.google.com/maps/search/?api=1&query=Benoa%20Tirta%20Harum%20Dive%20Center%20%26%20Dive%20School&query_place_id=ChIJv9rG9mFD0i0RlzmUj5enAEg","Kantor Perusahaan"
"Quenzo Dive Center",,,"FF5X+FMW, Jl. Penataran Agung","Kabupaten Karangasem","Bali","ID","https://www.quenzodive.com/","+62 816-555-228","Pusat Menyelam",,,,,,,,,,"https://www.google.com/maps/search/?api=1&query=Quenzo%20Dive%20Center&query_place_id=ChIJbfUBEwAP0i0ReOC1XcwQSk0","Pusat Menyelam"
"DIVE DIVE DIVE BALI","4.4","8","Jl. Tukad Punggawa No.123","Kota Denpasar","Bali","ID",,"+62 361 283246","Pusat Menyelam",,,,,,,,,,"https://www.google.com/maps/search/?api=1&query=DIVE%20DIVE%20DIVE%20BALI&query_place_id=ChIJvQckuIdB0i0RExa2eIWKIgA","Pusat Menyelam"
"Alpha Dive Bali","5","7","Jl. Kresek No.88","Kota Denpasar","Bali","ID","https://alphadivebali.com/","+62 813-3954-3332","Pusat Menyelam","Klub Menyelam","Biro Wisata Bawah Laut",,,,,,,,"https://www.google.com/maps/search/?api=1&query=Alpha%20Dive%20Bali&query_place_id=ChIJxTHiKKFB0i0Rrg_-bQ0RRjM","Pusat Menyelam"
"Diving Course Menyelam.id","5","2","Gg. Mawar IX No.23","Kota Denpasar","Bali","ID",,"+62 823-2283-7006","Pusat Menyelam",,,,,,,,,,"https://www.google.com/maps/search/?api=1&query=Diving%20Course%20Menyelam.id&query_place_id=ChIJR-MQ1rgfu4AR4niBNAYLN8I","Pusat Menyelam"
"Atomic Diving",,,,"Kota Denpasar","Bali","ID","https://linktr.ee/atomicdiving","+62 811-4208-288","Pusat Menyelam",,,,,,,,,,"https://www.google.com/maps/search/?api=1&query=Atomic%20Diving&query_place_id=ChIJrbbIZRJB0i0Rb6Aj4MNpDok","Pusat Menyelam"
"Blue Oasis Dive",,,"77Q4+J9P, Jalan Cemara, Sanur,, Denpasar Selatan","Kota Denpasar","Bali","ID","http://www.blueoasisdive.com/","+62 361 287749","Pusat Menyelam",,,,,,,,,,"https://www.google.com/maps/search/?api=1&query=Blue%20Oasis%20Dive&query_place_id=ChIJSRnSSJRB0i0RaQog12l8tvw","Pusat Menyelam"
"Bali Dive - Bali Last Paradise",,,"8CFX+M9J","Kabupaten Klungkung","Bali","ID",,"+62 851-2642-3232","Pusat Menyelam",,,,,,,,,,"https://www.google.com/maps/search/?api=1&query=Bali%20Dive%20-%20Bali%20Last%20Paradise&query_place_id=ChIJYYdWT1tt0i0RpSrdZ7mj6FE","Pusat Menyelam"
"Surya Segara Marine Center","4.3","8","Jl. Raya Nusa Dua Selatan Nusa Dua No.09","Kabupaten Badung","Bali","ID",,"+62 361 775052","Perjalanan",,,,,,,,,,"https://www.google.com/maps/search/?api=1&query=Surya%20Segara%20Marine%20Center&query_place_id=ChIJvRTCnDJD0i0RxB7oMV1eb60","Perjalanan"
"Snorkeling Safari Tour","2","5","7FM5+MPJ","Kabupaten Klungkung","Bali","ID","https://nusapenidainfo.com/snorkeling_in_nusa_penda","+62 821-6105-0050","Kantor Perusahaan",,,,,,,,,,"https://www.google.com/maps/search/?api=1&query=Snorkeling%20Safari%20Tour&query_place_id=ChIJT9WcUAhu0i0RmbOWNGFWsKw","Kantor Perusahaan"
"Dune Aurora Liveaboard Indonesia","5","173","Jl. Bypass Ngurah Rai No.96E","Kota Denpasar","Bali","ID","https://liveaboard.dune-world.com/","+62 812-3858-464","Biro Wisata Bawah Laut",,,,,,,,,,"https://www.google.com/maps/search/?api=1&query=Dune%20Aurora%20Liveaboard%20Indonesia&query_place_id=ChIJD5XnzLlB0i0R9Ve9xffNFXQ","Biro Wisata Bawah Laut"
"Penida Snorkeling & Sunset Cruise",,,"8FFQ+9JV, Jl. Bias Muntig","Kabupaten Klungkung","Bali","ID","http://www.penidasnorkeling.com/","","Agen Tur Kapal",,,,,,,,,,"https://www.google.com/maps/search/?api=1&query=Penida%20Snorkeling%20%26%20Sunset%20Cruise&query_place_id=ChIJ2XNVWyRz0i0R4l5NJeAcwFY","Agen Tur Kapal"
"Lembongan Penida Snorkeling and Tour","5","5","Sunday Beach, Jl. Raya Lembongan","Kabupaten Klungkung","Bali","ID","https://lembonganpenidatrip.com/","+62 851-9030-0403","Biro Perjalanan dan Wisata","Jasa Taksi",,,,,,,,,"https://www.google.com/maps/search/?api=1&query=Lembongan%20Penida%20Snorkeling%20and%20Tour&query_place_id=ChIJwzONrz5t0i0R_-6iHVrTrKc","Biro Perjalanan dan Wisata"
"LEMBONGAN JACKSON TRIP • Snorkeling • Fishing • Island Tours and Scooter Rental Nusa Lembongan","5","134","8F55+WFQ","Kabupaten Klungkung","Bali","ID","https://sites.google.com/view/jackson-trip/halaman-muka","+62 821-4791-3957","Biro Perjalanan dan Wisata","Pusat Informasi Pariwisata",,,,,,,,,"https://www.google.com/maps/search/?api=1&query=LEMBONGAN%20JACKSON%20TRIP%20%E2%80%A2%20Snorkeling%20%E2%80%A2%20Fishing%20%E2%80%A2%20Island%20Tours%20and%20Scooter%20Rental%20Nusa%20Lembongan&query_place_id=ChIJsUbMPgBt0i0RwMcCS8PddD4","Biro Perjalanan dan Wisata"
"Lembongan paradise trip | snorkeling trip | island activity | scooter rental","5","26","Jl. Jungutbatu","Kabupaten Klungkung","Bali","ID","https://lembonganparadisetrip.com/","+62 877-5197-6958","Pusat Informasi Pariwisata","Persewaan Skuter","Penyelenggara Perjalanan","Layanan Transportasi",,,,,,,"https://www.google.com/maps/search/?api=1&query=Lembongan%20paradise%20trip%20%7C%20snorkeling%20trip%20%7C%20island%20activity%20%7C%20scooter%20rental&query_place_id=ChIJ-2jnW69t0i0RCbQrNq2VMig","Pusat Informasi Pariwisata"
"Blaxy Snorkeling & Warung","5","127","Jalan Mangrove","Kabupaten Klungkung","Bali","ID",,"+62 819-9943-3339","Penyelenggara Perjalanan","Rumah Makan",,,,,,,,,"https://www.google.com/maps/search/?api=1&query=Blaxy%20Snorkeling%20%26%20Warung&query_place_id=ChIJmWcahHpt0i0Rb6bsSFa4BpE","Penyelenggara Perjalanan"
"Ojek Nusa Penida","4.8","62",,"Kabupaten Klungkung","Bali","ID","http://www.ojeknusapenida.net/","+62 823-4142-8375","Biro Wisata",,,,,,,,,,"https://www.google.com/maps/search/?api=1&query=Ojek%20Nusa%20Penida&query_place_id=ChIJ1bBdgWNx0i0RMnwExlO2eAo","Biro Wisata"
"Pura luhur pengalongan",,,"F22H+H5C","Kabupaten Tabanan","Bali","ID",,"","Pura",,,,,,,,,,"https://www.google.com/maps/search/?api=1&query=Pura%20luhur%20pengalongan&query_place_id=ChIJP8X5YgAx0i0RjoQ8-45wMZ0","Pura"
"PT. Hot Dog Water Sport and Dive Center","3.9","325","66FF+G34, Jl. Pratama No.62E","Kabupaten Badung","Bali","ID",,"+62 361 778090","Klub Olahraga",,,,,,,,,,"https://www.google.com/maps/search/?api=1&query=PT.%20Hot%20Dog%20Water%20Sport%20and%20Dive%20Center&query_place_id=ChIJnxDe-JZD0i0Rh_JH4wQjbyI","Klub Olahraga"
"Bali Dive Safaris","5","1","Jl. Tirta Ening No.2","Kota Denpasar","Bali","ID",,"+62 899-9313-515","Pusat Menyelam",,,,,,,,,,"https://www.google.com/maps/search/?api=1&query=Bali%20Dive%20Safaris&query_place_id=ChIJ30vwN39B0i0RDPGf6KJb8rU","Pusat Menyelam"
"Nautica Bali Dive Center & Course","5","2","Jl. Pratama No.62","Kabupaten Badung","Bali","ID",,"+62 361 778538","Biro Perjalanan dan Wisata",,,,,,,,,,"https://www.google.com/maps/search/?api=1&query=Nautica%20Bali%20Dive%20Center%20%26%20Course&query_place_id=ChIJpRHqgA9D0i0RfJxVldJlt7w","Biro Perjalanan dan Wisata"
"Urvil Dive School Bali",,,"Jl. Jepun Kuning No.9H","Kota Denpasar","Bali","ID",,"+62 818-0200-3005","Pusat Menyelam",,,,,,,,,,"https://www.google.com/maps/search/?api=1&query=Urvil%20Dive%20School%20Bali&query_place_id=ChIJ0yx60rs_0i0RsEFbemTVdRg","Pusat Menyelam"
"Emperor Divers Lembongan - Second Office",,,"Jalan Raya Nusa Lembongan","Kabupaten Klungkung","Bali","ID","https://www.emperordivers.com/day-diving-location/lembongan/","+62 811-3757-555","Pusat Menyelam","Toko Peralatan Selam",,,,,,,,,"https://www.google.com/maps/search/?api=1&query=Emperor%20Divers%20Lembongan%20-%20Second%20Office&query_place_id=ChIJ3Ueo6Ptt0i0RNtsBJGOmd-Q","Pusat Menyelam"
"Bali Dive Tour","5","4",,"Kabupaten Klungkung","Bali","ID",,"+62 878-5123-6503","Biro Perjalanan dan Wisata","Agen Tur Kapal","Layanan Leasing Mobil","Pusat Menyelam","Layanan Feri","Hotel","Persewaan Skuter","Penyelenggara Perjalanan","Layanan Rental Peralatan Olahraga Air",,"https://www.google.com/maps/search/?api=1&query=Bali%20Dive%20Tour&query_place_id=ChIJgWeftkFz0i0RG8zyt8X9g1Q","Biro Perjalanan dan Wisata"
"Sea Safari Cruises","4.4","270","Jl. Raya Pelabuhan Benoa No.102b","Kota Denpasar","Bali","ID","http://www.seasafaricruises.com/","+62 361 721212","Pusat Menyelam","Perusahaan kapal pesiar","Agen Kapal Pesiar","Penyewaan Kapal Pancing",,,,,,,"https://www.google.com/maps/search/?api=1&query=Sea%20Safari%20Cruises&query_place_id=ChIJ--yJpulD0i0RNQnLMvrtwXA","Pusat Menyelam"
"AquaNest Experience","5","61",,"Kabupaten Badung","Bali","ID","http://www.aquanestexperience.com/","+62 822-9999-0993","Pusat Menyelam",,,,,,,,,,"https://www.google.com/maps/search/?api=1&query=AquaNest%20Experience&query_place_id=ChIJLcuA9ThD0i0R_zRXFtnFRRE","Pusat Menyelam"
"traveltruster - fun diving, diving courses & snorkelling in Bali","4.7","3",,,,,"https://www.traveltruster.com/","+62 813-2094-8424","Penyelenggara aktivitas luar ruangan","Service establishment",,,,,,,,,"https://www.google.com/maps/search/?api=1&query=traveltruster%20-%20fun%20diving%2C%20diving%20courses%20%26%20snorkelling%20in%20Bali&query_place_id=ChIJpwLmhrlB0i0R0XUdlhwMZrE","Penyelenggara aktivitas luar ruangan"
"GoFreediving Nusa Penida","5","13","Jln Raya Toya Pakeh Ped","Kabupaten Klungkung","Bali","ID","https://gofreediving.co/","+62 812-3975-3761","Pusat Menyelam",,,,,,,,,,"https://www.google.com/maps/search/?api=1&query=GoFreediving%20Nusa%20Penida&query_place_id=ChIJmVxAi2Fz0i0Ri3EJRL6uHr4","Pusat Menyelam"
"One Breath Lembongan Freediving School","5","15","Nusa Lembongan","Kabupaten Klungkung","Bali","ID","http://monkeyactivities.com/freediving-courses-lembongan/","+62 881-0388-21318","Pusat Menyelam",,,,,,,,,,"https://www.google.com/maps/search/?api=1&query=One%20Breath%20Lembongan%20Freediving%20School&query_place_id=ChIJUaj9qABt0i0RJWR69M0tlPg","Pusat Menyelam"
"Dive - Yellow Bridge","4.1","10","8C4W+C85, Jalan Yellow Bridge Nusa Lembongan Lembongan","Kabupaten Klungkung","Bali","ID","https://www.bluecornerdive.com/yellow-bridge/","+62 819-3434-3260","Toko Peralatan Selam","Instruktur Selam",,,,,,,,,"https://www.google.com/maps/search/?api=1&query=Dive%20-%20Yellow%20Bridge&query_place_id=ChIJdcW5Xa5t0i0R4foE78_Ak1w","Toko Peralatan Selam"
"Toko pusat menyelam Bali Diventure","5","3",,,,,"http://www.balidiventure.com/","+62 821-4723-8098","Toko Peralatan Selam","Service establishment",,,,,,,,,"https://www.google.com/maps/search/?api=1&query=Toko%20pusat%20menyelam%20Bali%20Diventure&query_place_id=ChIJNTtxRPY_0i0RDPDT2DFUY7I","Toko Peralatan Selam"
"Bali diving center",,,,,,,"https://diving-bali.com/","+62 813-2573-6245","Instruktur Selam","Service establishment",,,,,,,,,"https://www.google.com/maps/search/?api=1&query=Bali%20diving%20center&query_place_id=ChIJkw895CaegScR3LWLLNE9cs4","Instruktur Selam"
"Agus lembongan trips","5","12","Banjar kaja desa lembongan","Kabupaten Klungkung","Bali","ID",,"+62 821-4707-5403","Biro Perjalanan dan Wisata",,,,,,,,,,"https://www.google.com/maps/search/?api=1&query=Agus%20lembongan%20trips&query_place_id=ChIJDyrtam9t0i0RdoRz5VJEUVY","Biro Perjalanan dan Wisata"
"Warung Coming snorkeling","5","22","Unnamed Road","Kabupaten Klungkung","Bali","ID",,"+62 821-4486-1900","Restoran",,,,,,,,,,"https://www.google.com/maps/search/?api=1&query=Warung%20Coming%20snorkeling&query_place_id=ChIJ1TYSYh5t0i0REk15IwcG2Es","Restoran"
"Newbro Surfing Nusa Lembongan","5","564","Br Kaja Jungutbatu","Kabupaten Klungkung","Bali","ID","https://linktr.ee/newbrosurfing","+62 822-3625-8403","Sekolah Selancar","Agen Tur Kapal","Penyewaan Kapal Pancing","Agen Tur Keliling Kota","Toko Selancar",,,,,,"https://www.google.com/maps/search/?api=1&query=Newbro%20Surfing%20Nusa%20Lembongan&query_place_id=ChIJLdpLcqBt0i0R9Ngiex0bJgA","Sekolah Selancar"
"Taxi Nusa Penida (Rent Car, Snorkeling Manta Rays, Ticket Fast Boat Sanur / Gili Trawangan / Lombok)","5","183","Banjar nyuh port","Kabupaten Klungkung","Bali","ID","https://www.instagram.com/travelling.nusapenida?igsh=anRpdDh2MnlkN2Js","+62 812-4621-9466","Biro Wisata",,,,,,,,,,"https://www.google.com/maps/search/?api=1&query=Taxi%20Nusa%20Penida%20(Rent%20Car%2C%20Snorkeling%20Manta%20Rays%2C%20Ticket%20Fast%20Boat%20Sanur%20%2F%20Gili%20Trawangan%20%2F%20Lombok)&query_place_id=ChIJydV8EwBz0i0RTEPAeFWSy10","Biro Wisata"
"Bali Hai Cruises","4.6","955","Jl. Wahana Tirta No.1","Kota Denpasar","Bali","ID","https://balihaicruises.com/","+62 361 720331","Perusahaan kapal pesiar","Agen Kapal Pesiar","Instruktur Selam","Agen Tur Keliling Kota",,,,,,,"https://www.google.com/maps/search/?api=1&query=Bali%20Hai%20Cruises&query_place_id=ChIJh1TC_OdD0i0ReM8KZM0R2Ts","Perusahaan kapal pesiar"
"Sea Adventure Lembongan","4.6","74",,"Kabupaten Klungkung","Bali","ID",,"+62 822-3680-8684","Biro Wisata Bawah Laut",,,,,,,,,,"https://www.google.com/maps/search/?api=1&query=Sea%20Adventure%20Lembongan&query_place_id=ChIJuSHt2Glt0i0RJhIWRXqwMvI","Biro Wisata Bawah Laut"
"Pura Ratu Biyang Segara",,,"C2PP+PM2, Unnamed Road","Kabupaten Tabanan","Bali","ID",,"","Pura",,,,,,,,,,"https://www.google.com/maps/search/?api=1&query=Pura%20Ratu%20Biyang%20Segara&query_place_id=ChIJ65tErvQx0i0RYKMLS_tg8Kk","Pura"
"Krisna Water Sports","4.4","640","RX9P+QJJ, Jl. Seririt- Singaraja","Kabupaten Buleleng","Bali","ID","http://www.krisnanorthbali.com/","+62 811-3973-311","Taman Rekreasi Air","Tujuan Wisata",,,,,,,,,"https://www.google.com/maps/search/?api=1&query=Krisna%20Water%20Sports&query_place_id=ChIJb4Iru7Kc0S0Rmj0L9Q5qMrE","Taman Rekreasi Air"
"Arena Bermain Anak ""UTG""","5","1","Utara Lapangan","Kabupaten Jembrana","Bali","ID",,"+62 819-3635-7035","Taman Hiburan",,,,,,,,,,"https://www.google.com/maps/search/?api=1&query=Arena%20Bermain%20Anak%20%22UTG%22&query_place_id=ChIJ804iM3XZ0y0RZzgvL4l-H-o","Taman Hiburan"
"ALamandaoe BaLi PooL","4.3","195",,"Kabupaten Buleleng","Bali","ID","https://www.facebook.com/alamandaoe5","+62 812-3611-727","Kolam Renang Umum","Tujuan Wisata","Taman Rekreasi Air",,,,,,,,"https://www.google.com/maps/search/?api=1&query=ALamandaoe%20BaLi%20PooL&query_place_id=ChIJAQAAADyO0S0RDjBPWoSnPzo","Kolam Renang Umum"
"5GX Bali","4.7","472","Jalan Legian No.99, Legian, Kuta","Kabupaten Badung","Bali","ID",,"+62 819-9973-3399","Wahana Taman Hiburan","Tujuan Wisata",,,,,,,,,"https://www.google.com/maps/search/?api=1&query=5GX%20Bali&query_place_id=ChIJ42S2wsZG0i0R7FPGj3F-v4c","Wahana Taman Hiburan"
"Darma Phala Water Park","4.1","133","Jl. Yeh Tukad Salak","Kabupaten Buleleng","Bali","ID",,"+62 852-3946-1025","Kolam Renang","Kolam Renang Umum","Taman Rekreasi Air",,,,,,,,"https://www.google.com/maps/search/?api=1&query=Darma%20Phala%20Water%20Park&query_place_id=ChIJkd9LkEZp0S0R3fPuDnQhjNE","Kolam Renang"
"Umadhatu Waterpark","4.2","153","G323+HJ3, Jl. Megati-Bantas","Kabupaten Tabanan","Bali","ID",,"+62 813-3730-6741","Wahana Taman Hiburan",,,,,,,,,,"https://www.google.com/maps/search/?api=1&query=Umadhatu%20Waterpark&query_place_id=ChIJr-wJVDkx0i0Rb2spJoWQu9U","Wahana Taman Hiburan"
"Taman Nasional Bali Barat","4.4","3141","VFCG+X44","Kabupaten Buleleng","Bali","ID","https://www.btnbalibarat.com/","+62 365 61060","Taman Nasional","Tujuan Wisata",,,,,,,,,"https://www.google.com/maps/search/?api=1&query=Taman%20Nasional%20Bali%20Barat&query_place_id=ChIJZ6RQfWVD0S0RstBUppm878Y","Taman Nasional"
"Tropical Rainforest, Bali Barat National Park","4.2","15",,"Kabupaten Jembrana","Bali","ID","http://birdinginbali.blogspot.com/","","Taman Nasional",,,,,,,,,,"https://www.google.com/maps/search/?api=1&query=Tropical%20Rainforest%2C%20Bali%20Barat%20National%20Park&query_place_id=ChIJYTuR22Zd0S0R-PEzrujxAhY","Taman Nasional"
"D'ABIANsy waterpark","4.2","188","JMFR+FJC","Kabupaten Jembrana","Bali","ID",,"","Tujuan Wisata",,,,,,,,,,"https://www.google.com/maps/search/?api=1&query=D'ABIANsy%20waterpark&query_place_id=ChIJEUk0GBHZ0y0R0CaklZ7cHT0","Tujuan Wisata"
"Morgan water park","5","1","JJ66+Q73","Kabupaten Jembrana","Bali","ID",,"","Tujuan Wisata",,,,,,,,,,"https://www.google.com/maps/search/?api=1&query=Morgan%20water%20park&query_place_id=ChIJ7f7tHADf0y0Rh6JCUx-QR4o","Tujuan Wisata"
"Taman Satwa Tabanan (Tasta Zoo)","3.9","271","Br. Tegeh","Kabupaten Tabanan","Bali","ID",,"","Taman",,,,,,,,,,"https://www.google.com/maps/search/?api=1&query=Taman%20Satwa%20Tabanan%20(Tasta%20Zoo)&query_place_id=ChIJRxqR3xcn0i0RQtHfM4sS6LU","Taman"
"Dolphin snorkeling","4.9","60","Jl. Pantai Bagus Lovina","Kabupaten Buleleng","Bali","ID","https://dolphintaksulovina.com/","+62 813-3834-3390","Tujuan Wisata",,,,,,,,,,"https://www.google.com/maps/search/?api=1&query=Dolphin%20snorkeling&query_place_id=ChIJLZ5voXib0S0RGlwODmraupE","Tujuan Wisata"
"Menjangan Snorkeling Trip & Diving","5","1557","Pejarakan, Jl. Banyuwedang","Kabupaten Buleleng","Bali","ID","https://menjanganislandtrip.com/","+62 812-3857-8042","Biro Wisata Bawah Laut","Pusat Olahraga Petualangan","Agen Tur Kapal","Pusat Menyelam","Penyelenggara aktivitas luar ruangan","Instruktur Selam","Agen Tur Keliling Kota","Biro Wisata","Penyelenggara Perjalanan","Layanan Rental Peralatan Olahraga Air","https://www.google.com/maps/search/?api=1&query=Menjangan%20Snorkeling%20Trip%20%26%20Diving&query_place_id=ChIJpzbIolNp0S0RiFY2BQM1dsw","Biro Wisata Bawah Laut"
"One Day Nusa Penida Tour - Snorkeling Nusa Penida Island,Bali Indonesia","5","398","Beside Mercure Hotel Kuta Beach, Jl. Pantai Kuta","Kabupaten Badung","Bali","ID","https://wa.link/r3rjlc","+62 823-3972-5028","Biro Wisata",,,,,,,,,,"https://www.google.com/maps/search/?api=1&query=One%20Day%20Nusa%20Penida%20Tour%20-%20Snorkeling%20Nusa%20Penida%20Island%2CBali%20Indonesia&query_place_id=ChIJX_ehl6hH0i0RWQzYyfzaedQ","Biro Wisata"
"Blue Lagoon Snorkeling","4.5","312","D'Steel Coffe Kitchen, Jl. Silayukti","Kabupaten Karangasem","Bali","ID","http://bluelagoonsnorkeling.com/","+62 812-3807-3339","Biro Wisata Bawah Laut",,,,,,,,,,"https://www.google.com/maps/search/?api=1&query=Blue%20Lagoon%20Snorkeling&query_place_id=ChIJLVt3JcUP0i0RZlj0Fxl5M6A","Biro Wisata Bawah Laut"
"BALI SNORKELING","4.8","139","Jl. Juwet Sari Gg Permata Jingga No.4","Kota Denpasar","Bali","ID","https://balisnorkelingtour.com/","+62 819-9977-3432","Biro Perjalanan dan Wisata",,,,,,,,,,"https://www.google.com/maps/search/?api=1&query=BALI%20SNORKELING&query_place_id=ChIJGUfiEVBB0i0RJUBJe49W0k8","Biro Perjalanan dan Wisata"
"Menjangan Snorkeling & Dive Trip Bali | Menjangan Island Experience","5","188","Jln Seririt Gilimanuk","Kabupaten Buleleng","Bali","ID","https://www.menjanganbali.com/","+62 878-7459-3795","Biro Wisata Bawah Laut","Pusat Olahraga Petualangan","Jasa Sewa Perahu","Agen Tur Kapal","Persewaan Kano & Kayak","Klub Menyelam","Pusat Menyelam","Instruktur Selam","Penyelenggara Perjalanan","Biro Perjalanan dan Wisata","https://www.google.com/maps/search/?api=1&query=Menjangan%20Snorkeling%20%26%20Dive%20Trip%20Bali%20%7C%20Menjangan%20Island%20Experience&query_place_id=ChIJby0Rl4Jp0S0ReSKVSiBFZG4","Biro Wisata Bawah Laut"
"NUSA PENIDA TOUR AND SNORKELING","5","100","Jl. Kayu Aya No.125","Kabupaten Badung","Bali","ID","https://wa.link/movezr","","Agen Tur Kapal",,,,,,,,,,"https://www.google.com/maps/search/?api=1&query=NUSA%20PENIDA%20TOUR%20AND%20SNORKELING&query_place_id=ChIJaeVJUoJH0i0RettYuE1-UB8","Agen Tur Kapal"
"Made Dana Snorkeling Service Padangbai","4.9","188","Blue lagoon beach, Jl. Silayukti","Kabupaten Karangasem","Bali","ID","https://madedanasnorkeling.com/","","Biro Wisata Bawah Laut",,,,,,,,,,"https://www.google.com/maps/search/?api=1&query=Made%20Dana%20Snorkeling%20Service%20Padangbai&query_place_id=ChIJK8bajKgP0i0RcDmj2X-jkF8","Biro Wisata Bawah Laut"
"Pemuteran Menjangan Snorkeling & Diving","5","231",,"Kabupaten Buleleng","Bali","ID",,"+62 858-5744-7602","Biro Wisata Bawah Laut","Pusat Olahraga Petualangan","Agen Tur Kapal","Klub Menyelam","Pusat Menyelam","Penyelenggara aktivitas luar ruangan","Instruktur Selam","Penyelenggara Perjalanan","Biro Perjalanan dan Wisata",,"https://www.google.com/maps/search/?api=1&query=Pemuteran%20Menjangan%20Snorkeling%20%26%20Diving&query_place_id=ChIJDxlYi-Fv0S0RHkik8LGabSw","Biro Wisata Bawah Laut"
"BLUE LAGOON SNORKELING TOUR","5","1","Jl. Juwet Sari Gg. Permata Jingga No.4","Kota Denpasar","Bali","ID","https://bluelagoonbalisnorkeling.com/","+62 813-3628-131","Penyelenggara Perjalanan",,,,,,,,,,"https://www.google.com/maps/search/?api=1&query=BLUE%20LAGOON%20SNORKELING%20TOUR&query_place_id=ChIJ5SIT-uhB0i0R5CtVfOWmfwQ","Penyelenggara Perjalanan"
"S.E.A. Diving Bali","4.9","511","Jl","Kabupaten Badung","Bali","ID","http://www.seadivingbali.com/","","Pusat Menyelam",,,,,,,,,,"https://www.google.com/maps/search/?api=1&query=S.E.A.%20Diving%20Bali&query_place_id=ChIJeTQ1HwVF0i0RNIMmt60ceZI","Pusat Menyelam"
"AquaMarine Diving - Bali","4.7","175","Jl. Petitenget No.2A","Kabupaten Badung","Bali","ID","https://www.aquamarinediving.com/","+62 361 4738020","Biro Wisata Bawah Laut","Biro Perjalanan dan Wisata",,,,,,,,,"https://www.google.com/maps/search/?api=1&query=AquaMarine%20Diving%20-%20Bali&query_place_id=ChIJNRQvk2pH0i0RjHjSe2CNPaY","Biro Wisata Bawah Laut"
"Abyss Ocean World","5","231","Jalan Raya Gilimanuk, Yeh Panas","Bali","Bali","ID","https://abyssoceanworld.com/","+62 822-3779-5135","Toko Peralatan Selam","Biro Wisata",,,,,,,,,"https://www.google.com/maps/search/?api=1&query=Abyss%20Ocean%20World&query_place_id=ChIJYY_XBe1u0S0R44Vrv_SKePU","Toko Peralatan Selam"
"Arrows Dive Centre","4.9","169","Singaraja, Jl. Mawar","Kabupaten Buleleng","Bali","ID","http://arrows-dive.com/","+62 362 41504","Toko Peralatan Selam",,,,,,,,,,"https://www.google.com/maps/search/?api=1&query=Arrows%20Dive%20Centre&query_place_id=ChIJn-nKQD6b0S0RglW5wyj3FAo","Toko Peralatan Selam"
"Intrinity Divers","5","473","Jl. Pantai Batu Bolong No.35A","Kabupaten Badung","Bali","ID","http://www.intrinitydivers.com/","+62 821-4676-2375","Pusat Menyelam",,,,,,,,,,"https://www.google.com/maps/search/?api=1&query=Intrinity%20Divers&query_place_id=ChIJSb5_k4k40i0RndVzGslgM90","Pusat Menyelam"
"Holy Stretch Bali - Assisted Stretching","5","5","Pasut Beach Retreat","Kabupaten Tabanan","Bali","ID","https://www.holystretchbali.com/","+62 895-0945-6476","Pusat Kebugaran",,,,,,,,,,"https://www.google.com/maps/search/?api=1&query=Holy%20Stretch%20Bali%20-%20Assisted%20Stretching&query_place_id=ChIJb_r9ovwx0i0RmUhelEnkE3U","Pusat Kebugaran"
"Arton Resort & Beach Club","4.2","384","Jl. Pantai Bahari","Kabupaten Jembrana","Bali","ID","http://www.artonresortvillabali.com/","","Hotel Resor","Restoran",,,,,,,,,"https://www.google.com/maps/search/?api=1&query=Arton%20Resort%20%26%20Beach%20Club&query_place_id=ChIJaafmWZfW0y0RMzuRqUOZvko","Hotel Resor"
"Lilly by The Sea","4.4","145","Banjar Pasut","Kabupaten Tabanan","Bali","ID",,"+62 859-4747-7571","Restoran",,,,,,,,,,"https://www.google.com/maps/search/?api=1&query=Lilly%20by%20The%20Sea&query_place_id=ChIJj0eCSCIx0i0RVWYzvK7x1DY","Restoran"
"Bintara Art Gallery - Local Handmade Souvenir Shop in Bali","4.9","1295","Jl. Bypass Ngurah Rai","Kabupaten Badung","Bali","ID","https://bintaraartbali.com/","+62 817-291-621","Toko Suvenir","Galeri Seni","Kerajinan",,,,,,,,"https://www.google.com/maps/search/?api=1&query=Bintara%20Art%20Gallery%20-%20Local%20Handmade%20Souvenir%20Shop%20in%20Bali&query_place_id=ChIJtTVmFLJG0i0RvfpsixaEtA0","Toko Suvenir"
"Windhu Sari Art Market","4.1","727","Jl. Buwitan No.4X","Kabupaten Gianyar","Bali","ID",,"+62 361 295800","Toko Suvenir","Toko Barang Antik",,,,,,,,,"https://www.google.com/maps/search/?api=1&query=Windhu%20Sari%20Art%20Market&query_place_id=ChIJR4tcxrA_0i0RjWNHsygkJRQ","Toko Suvenir"
"Art Market","2","2","66GF+G26, Jl. Pratama","Kabupaten Badung","Bali","ID",,"","Toko Pakaian",,,,,,,,,,"https://www.google.com/maps/search/?api=1&query=Art%20Market&query_place_id=ChIJMyZ29ghD0i0R6e-rWzEAKNY","Toko Pakaian"
"Pasar Seni Legian","4.4","1213","Jl. Melasti No.86","Kabupaten Badung","Bali","ID",,"","Pasar","Pasar tradisional",,,,,,,,,"https://www.google.com/maps/search/?api=1&query=Pasar%20Seni%20Legian&query_place_id=ChIJQ9mB18NG0i0R2N9d3puuIi4","Pasar"
"Pasar Seni Bali","4.3","104","Pasar Seni Pagi Grosir, JL. Letnan satu Wayan Sutha I, No. 100x - 101x, Gianyar","Kabupaten Gianyar","Bali","ID",,"+62 361 8710976","Pasar","Toko Aksesori Pakaian",,,,,,,,,"https://www.google.com/maps/search/?api=1&query=Pasar%20Seni%20Bali&query_place_id=ChIJt8Q_YCg-0i0RnkHsKQ2b3cE","Pasar"
"NELAYAN ART MARKET","4.4","42","Jl. Lkr. Nelayan No..33","Kabupaten Badung","Bali","ID","https://linktr.ee/nelayanartmarket","+62 859-3700-6978","Pasar",,,,,,,,,,"https://www.google.com/maps/search/?api=1&query=NELAYAN%20ART%20MARKET&query_place_id=ChIJJQuFXABH0i0R4VOMojY0Oeo","Pasar"
"Sukawati Art Market Block B","4.5","2","Jl. Raya Sukawati, Pasar Seni, Kec. Sukawati, Kabupaten Gianyar, Bali 80582 | Komplek Pasar Seni Sukawati Gedung B, Ruko Kios No 6","Kabupaten Gianyar","Bali","ID",,"","Pasar",,,,,,,,,,"https://www.google.com/maps/search/?api=1&query=Sukawati%20Art%20Market%20Block%20B&query_place_id=ChIJ22g1YFQ_0i0RXmJ4Qmo7ZW0","Pasar"
"View point Kedonganan","4.7","3","65V9+29R, Jl. Pantai Kedonganan","Kabupaten Badung","Bali","ID",,"","Tujuan Wisata",,,,,,,,,,"https://www.google.com/maps/search/?api=1&query=View%20point%20Kedonganan&query_place_id=ChIJfcMvPwBF0i0RPb6AcXSgG50","Tujuan Wisata"
"Lookout point","4.6","27","662P+WP5","Kabupaten Badung","Bali","ID",,"","Tujuan Wisata",,,,,,,,,,"https://www.google.com/maps/search/?api=1&query=Lookout%20point&query_place_id=ChIJi74YBABD0i0RXynfshqkoNk","Tujuan Wisata"
"View Point of White Rock Beach","4.6","16","5524+VRG","Kabupaten Badung","Bali","ID",,"","Tujuan Wisata",,,,,,,,,,"https://www.google.com/maps/search/?api=1&query=View%20Point%20of%20White%20Rock%20Beach&query_place_id=ChIJXy9CXQBb0i0RPYjJzvFTEZY","Tujuan Wisata"
"Padang Beach viewpoint from the bridge","2.7","3","Jl. Labuansait No.250","Kabupaten Badung","Bali","ID",,"","Titik Pemandangan",,,,,,,,,,"https://www.google.com/maps/search/?api=1&query=Padang%20Beach%20viewpoint%20from%20the%20bridge&query_place_id=ChIJvw8DGQBF0i0RGWdSyKHf95Q","Titik Pemandangan"
"Sunset point","4.6","14","6428+4XW Tanah Mimpi, Jl. Pantai Cemongkak","Kabupaten Badung","Bali","ID",,"","Taman",,,,,,,,,,"https://www.google.com/maps/search/?api=1&query=Sunset%20point&query_place_id=ChIJczXRrgVF0i0RjFDAiT28cW4","Taman"
"End of route Uluwatu Temple View point","4.2","17","53FM+CV","Kabupaten Badung","Bali","ID",,"","Tujuan Wisata",,,,,,,,,,"https://www.google.com/maps/search/?api=1&query=End%20of%20route%20Uluwatu%20Temple%20View%20point&query_place_id=ChIJU64wMQBR0i0RNGRuPx9D7fM","Tujuan Wisata"
"Kuakua viewpoint","5","1","537Q+C8","Kabupaten Badung","Bali","ID",,"","Dek Observasi",,,,,,,,,,"https://www.google.com/maps/search/?api=1&query=Kuakua%20viewpoint&query_place_id=ChIJFYJfQABR0i0RJ6TbhpvAnws","Dek Observasi"
"Yuvica Viewpoint",,,"53FM+CV","Kabupaten Badung","Bali","ID",,"","Titik Pemandangan",,,,,,,,,,"https://www.google.com/maps/search/?api=1&query=Yuvica%20Viewpoint&query_place_id=ChIJOw-7WgBR0i0RQ4gImwGU63E","Titik Pemandangan"
"Dimastos Sunset point","4.1","84","538P+7R5","Kabupaten Badung","Bali","ID",,"","Tujuan Wisata",,,,,,,,,,"https://www.google.com/maps/search/?api=1&query=Dimastos%20Sunset%20point&query_place_id=ChIJQzzEycJR0i0RPSGoCLyvwbM","Tujuan Wisata"
"Hidden area viewing spot","4.7","16","543R+FMC","Kabupaten Badung","Bali","ID",,"","Taman",,,,,,,,,,"https://www.google.com/maps/search/?api=1&query=Hidden%20area%20viewing%20spot&query_place_id=ChIJzfefVntb0i0RuFy-bfOlypc","Taman"
"Balangan cliff sunset point","4.3","29","Unnamed Road","Kabupaten Badung","Bali","ID",,"","Pusat Rekreasi",,,,,,,,,,"https://www.google.com/maps/search/?api=1&query=Balangan%20cliff%20sunset%20point&query_place_id=ChIJIQ8dhXJF0i0R3e7-u8kc9ok","Pusat Rekreasi"
"Tebing Pantai Balangan","4.7","639","Jl. Pantai Balangan No.54","Kabupaten Badung","Bali","ID",,"+62 361 9009270","Tujuan Wisata",,,,,,,,,,"https://www.google.com/maps/search/?api=1&query=Tebing%20Pantai%20Balangan&query_place_id=ChIJl3cclhFF0i0RbSh25ZoqDQA","Tujuan Wisata"
"hidden free view point","3.6","10","543X+CQ9","Kabupaten Badung","Bali","ID",,"","Area Mendaki",,,,,,,,,,"https://www.google.com/maps/search/?api=1&query=hidden%20free%20view%20point&query_place_id=ChIJIcOEDABb0i0RDmwdaakSd9U","Area Mendaki"
"GWK view Hidden Gem","4.6","37","55M7+WVR","Kabupaten Badung","Bali","ID","https://www.instagram.com/hasyim_tmw?igsh=MXRqdW5pdWVzYTZ0Nw%3D%3D&utm_source=qr","","Tujuan Wisata",,,,,,,,,,"https://www.google.com/maps/search/?api=1&query=GWK%20view%20Hidden%20Gem&query_place_id=ChIJmbn3ZgBF0i0RZ4dsav7HAWo","Tujuan Wisata"
"Sunset spot","4.6","7","6439+48","Kabupaten Badung","Bali","ID",,"","Tujuan Wisata",,,,,,,,,,"https://www.google.com/maps/search/?api=1&query=Sunset%20spot&query_place_id=ChIJlUz-QWFF0i0Rvac3IPlCePA","Tujuan Wisata"
"Sunrise point","3.7","3","87F7+RJ4","Kota Denpasar","Bali","ID",,"","Tujuan Wisata",,,,,,,,,,"https://www.google.com/maps/search/?api=1&query=Sunrise%20point&query_place_id=ChIJVeOsFwBB0i0RYau7gsPie58","Tujuan Wisata"
"Jaran Hill","4.7","328","53GP+C3G","Kabupaten Badung","Bali","ID",,"",,,,,,,,,,,"https://www.google.com/maps/search/?api=1&query=Jaran%20Hill&query_place_id=ChIJ15SVVQJQ0i0RIGdzhGwHeZk",
"Sunset Deck @ Beachwalk Shopping Center","4.5","10","75M9+8GX, Jl. Pantai Kuta","Kabupaten Badung","Bali","ID",,"","Tujuan Wisata",,,,,,,,,,"https://www.google.com/maps/search/?api=1&query=Sunset%20Deck%20%40%20Beachwalk%20Shopping%20Center&query_place_id=ChIJaVCTE4hH0i0RTv6fXtzGndk","Tujuan Wisata"
"Sunset Point Canggu","4.4","64","84RH+CVM, Jl. Pantai Batu Bolong","Kabupaten Badung","Bali","ID",,"","Restoran",,,,,,,,,,"https://www.google.com/maps/search/?api=1&query=Sunset%20Point%20Canggu&query_place_id=ChIJhSgHvdxH0i0RTaKQl0ItpH0","Restoran"
"Warung Kuta Art Market","3.7","11","Jl. Kartika Plaza No.1","Kabupaten Badung","Bali","ID",,"+62 819-3652-8685","Pusat Perbelanjaan",,,,,,,,,,"https://www.google.com/maps/search/?api=1&query=Warung%20Kuta%20Art%20Market&query_place_id=ChIJE8i4igZH0i0R2xoRnJTAEVU","Pusat Perbelanjaan"
"Art Market Living Room","3.8","4","8593+Q6H, Jl. Petitenget","Kabupaten Badung","Bali","ID",,"+62 821-4676-3065","Toko Aksesori Pakaian",,,,,,,,,,"https://www.google.com/maps/search/?api=1&query=Art%20Market%20Living%20Room&query_place_id=ChIJWRdHHA5H0i0R8ffzhSeQzNw","Toko Aksesori Pakaian"
"Lumangan Viewpoint","4.5","2","7F74+25","Kabupaten Klungkung","Bali","ID",,"","Tujuan Wisata",,,,,,,,,,"https://www.google.com/maps/search/?api=1&query=Lumangan%20Viewpoint&query_place_id=ChIJm2cqKQBv0i0RAmQlBn75aqI","Tujuan Wisata"
"Viewpoint - Panca Mekar Agung & Sea","5","1","7GCH+XCM","Kabupaten Klungkung","Bali","ID",,"","Tujuan Wisata",,,,,,,,,,"https://www.google.com/maps/search/?api=1&query=Viewpoint%20-%20Panca%20Mekar%20Agung%20%26%20Sea&query_place_id=ChIJnXmCTABx0i0R9ZoKOL0DaWQ","Tujuan Wisata"
"Southernmost Point Of Bali Island","4.7","127","5526+2M3, Unnamed Road","Kabupaten Badung","Bali","ID",,"","Tujuan Wisata",,,,,,,,,,"https://www.google.com/maps/search/?api=1&query=Southernmost%20Point%20Of%20Bali%20Island&query_place_id=ChIJEyAot2Rb0i0RcojAj-EVspw","Tujuan Wisata"
"Beautiful Sea View Point","5","11","5525+X26, Pantai melasti","Kabupaten Badung","Bali","ID",,"","Tujuan Wisata",,,,,,,,,,"https://www.google.com/maps/search/?api=1&query=Beautiful%20Sea%20View%20Point&query_place_id=ChIJ7QzpQQBb0i0RcrG6xtQuKu0","Tujuan Wisata"
"BGS sunset point","4","28","6GXV+78X, Jl. Batu Kandik-Tanglad","Kabupaten Klungkung","Bali","ID",,"","Tujuan Wisata",,,,,,,,,,"https://www.google.com/maps/search/?api=1&query=BGS%20sunset%20point&query_place_id=ChIJqwIDqTRx0i0RTM1p5cfmeeA","Tujuan Wisata"
"Seganing Cliff View Point","5","3","6FQP+JP9","Kabupaten Klungkung","Bali","ID",,"","Tujuan Wisata",,,,,,,,,,"https://www.google.com/maps/search/?api=1&query=Seganing%20Cliff%20View%20Point&query_place_id=ChIJw_kACgBx0i0RgCoyno5TKjU","Tujuan Wisata"
"The Kroya Panorama Points","4.7","137","6GWQ+QJ","Kabupaten Klungkung","Bali","ID",,"+62 852-3910-3262","Tujuan Wisata",,,,,,,,,,"https://www.google.com/maps/search/?api=1&query=The%20Kroya%20Panorama%20Points&query_place_id=ChIJfYsu0_1x0i0RamoPbURDk9I","Tujuan Wisata"
"TEBING PANDAWA","4.8","58","555R+7P5","Kabupaten Badung","Bali","ID",,"","Titik Pemandangan",,,,,,,,,,"https://www.google.com/maps/search/?api=1&query=TEBING%20PANDAWA&query_place_id=ChIJGeg4M-5d0i0R7f2RJM5pO4E","Titik Pemandangan"
"Sunset View at Tanah Lot","4.8","726","93JP+HP2","Kabupaten Tabanan","Bali","ID",,"","Tujuan Wisata",,,,,,,,,,"https://www.google.com/maps/search/?api=1&query=Sunset%20View%20at%20Tanah%20Lot&query_place_id=ChIJdVIo0II30i0RIyLJoFYGnfA","Tujuan Wisata"
"Beautiful View of Garuda Wisnu Kencana (GWK)","5","1","55M9+98G","Kabupaten Badung","Bali","ID",,"","Titik Pemandangan",,,,,,,,,,"https://www.google.com/maps/search/?api=1&query=Beautiful%20View%20of%20Garuda%20Wisnu%20Kencana%20(GWK)&query_place_id=ChIJm3IacQBb0i0R-W905Zk-n60","Titik Pemandangan"
"Sawah noerman","5","7","Jl. Pantai Batu Mejan","Kabupaten Badung","Bali","ID",,"+62 812-3625-3935","Titik Pemandangan",,,,,,,,,,"https://www.google.com/maps/search/?api=1&query=Sawah%20noerman&query_place_id=ChIJq0uKaCQ50i0RK39pvp0W1-E","Titik Pemandangan"
"Sunrise Spot","5","2","Jl. Pantai Batu Bolong No.12c","Kabupaten Badung","Bali","ID",,"","Titik Pemandangan",,,,,,,,,,"https://www.google.com/maps/search/?api=1&query=Sunrise%20Spot&query_place_id=ChIJP78g1hQ50i0RfczUyQjFP0c","Titik Pemandangan"
"Ekowisata Subak Umadesa","4.4","8","Subak Angabaya, Jl. Sari Gadung No.15","Kota Denpasar","Bali","ID",,"","Titik Pemandangan",,,,,,,,,,"https://www.google.com/maps/search/?api=1&query=Ekowisata%20Subak%20Umadesa&query_place_id=ChIJn2vFUZ8_0i0RfYjBUfi-fS8","Titik Pemandangan"
"Bukit Timbis","3.6","8",,"Kabupaten Badung","Bali","ID",,"","Titik Pemandangan",,,,,,,,,,"https://www.google.com/maps/search/?api=1&query=Bukit%20Timbis&query_place_id=ChIJh4bBAp1c0i0RrBLi3Csunjs","Titik Pemandangan"
"Happy sunset batujaran","4.8","347","Jl. Batu Jaran","Kabupaten Badung","Bali","ID",,"","Tujuan Wisata",,,,,,,,,,"https://www.google.com/maps/search/?api=1&query=Happy%20sunset%20batujaran&query_place_id=ChIJqZLbCRNR0i0RLp_qt8daoSE","Tujuan Wisata"
"Tugu Perjuangan","4.1","16","Jl. Raya Gerih No.108","Kabupaten Badung","Bali","ID",,"","Titik Pemandangan",,,,,,,,,,"https://www.google.com/maps/search/?api=1&query=Tugu%20Perjuangan&query_place_id=ChIJM4jYjh480i0RkqzAdxA-e-I","Titik Pemandangan"
"Sunset Beach Tanah Lot","4.7","388","Unnamed Road No.82121","Kabupaten Tabanan","Bali","ID","https://www.booking.com/hotel/id/sunset-beach-tanah-lot.html?lang=xu","+62 812-3631-807","Tujuan Wisata",,,,,,,,,,"https://www.google.com/maps/search/?api=1&query=Sunset%20Beach%20Tanah%20Lot&query_place_id=ChIJtezYDNU50i0R-yH_5onJIqg","Tujuan Wisata"
"Rumah Pohon Jogging Track Sukawati","4.6","9","97MX+XFR","Kabupaten Gianyar","Bali","ID",,"","Titik Pemandangan",,,,,,,,,,"https://www.google.com/maps/search/?api=1&query=Rumah%20Pohon%20Jogging%20Track%20Sukawati&query_place_id=ChIJp5LAkKQV0i0RDk_oXNKSJTs","Titik Pemandangan"
"Padang galak kesiman","4.5","115","87P6+X73","Kota Denpasar","Bali","ID",,"","Titik Pemandangan",,,,,,,,,,"https://www.google.com/maps/search/?api=1&query=Padang%20galak%20kesiman&query_place_id=ChIJQQOS5YpB0i0RyCfZpgaL6e8","Titik Pemandangan"
"Pura Luhur Uluwatu","4.6","51669",,"Kabupaten Badung","Bali","ID",,"","Tujuan Wisata","Teater Seni Pertunjukan","Pura",,,,,,,,"https://www.google.com/maps/search/?api=1&query=Pura%20Luhur%20Uluwatu&query_place_id=ChIJkYHLIPxP0i0RlQTbpxuNuQw","Tujuan Wisata"
"Banah View","4.6","15","6FJP+JR6","Kabupaten Klungkung","Bali","ID","http://www.ahabali.com/","","Tujuan Wisata",,,,,,,,,,"https://www.google.com/maps/search/?api=1&query=Banah%20View&query_place_id=ChIJWfWHgaxx0i0Rx8UPoVYmbiA","Tujuan Wisata"
"Snow Cliff ViewPoint","3","2","6FQP+JPH, Desa Pekraman Sebuluh, Desa","Kabupaten Klungkung","Bali","ID",,"","Area Mendaki",,,,,,,,,,"https://www.google.com/maps/search/?api=1&query=Snow%20Cliff%20ViewPoint&query_place_id=ChIJIY5JgiNx0i0RBouqlE2NMUw","Area Mendaki"
"Ohana's lookout and panoramic photo opportunity","4.4","72",,"Kabupaten Klungkung","Bali","ID","http://www.ohanas.co/","","Tujuan Wisata",,,,,,,,,,"https://www.google.com/maps/search/?api=1&query=Ohana's%20lookout%20and%20panoramic%20photo%20opportunity&query_place_id=ChIJ8daGhI5t0i0R7SC1AUgs_bQ","Tujuan Wisata"
"Sunset Point Pantai Cemongkak","4.5","51","54W8+QMH, Jl. Bangbang Metuug","Kabupaten Badung","Bali","ID",,"","Tujuan Wisata",,,,,,,,,,"https://www.google.com/maps/search/?api=1&query=Sunset%20Point%20Pantai%20Cemongkak&query_place_id=ChIJmRQuZAtF0i0RxY0rPJOs9bQ","Tujuan Wisata"
"Point of View Cappuccino P.O.V Bali","5","21","Jl. Raya Denpasar - Gilimanuk","Kabupaten Tabanan","Bali","ID",,"+62 895-4293-79959","Kafe",,,,,,,,,,"https://www.google.com/maps/search/?api=1&query=Point%20of%20View%20Cappuccino%20P.O.V%20Bali&query_place_id=ChIJs6cgtKQ70i0RlwR1bMzlDMg","Kafe"
"sunset bridge point","5","2","8HH4+8W9",,,"ID",,"","Tujuan Wisata",,,,,,,,,,"https://www.google.com/maps/search/?api=1&query=sunset%20bridge%20point&query_place_id=ChIJg0jpHQBz0i0RkjuXAq9HaeI","Tujuan Wisata"
"Panorama point Uluwatu","4.7","166","Jl. Raya Uluwatu Pecatu","Kabupaten Badung","Bali","ID",,"+62 812-3901-1636","Kafe",,,,,,,,,,"https://www.google.com/maps/search/?api=1&query=Panorama%20point%20Uluwatu&query_place_id=ChIJFer6vqxR0i0RjyZu_lLyz30","Kafe"
"Rice Paddy Walk & Viewpoint","3.7","3","C47M+4G8","Kabupaten Tabanan","Bali","ID",,"","Area Mendaki",,,,,,,,,,"https://www.google.com/maps/search/?api=1&query=Rice%20Paddy%20Walk%20%26%20Viewpoint&query_place_id=ChIJFXzzDQA50i0RqZdTEe7-5gc","Area Mendaki"
"Banah Sunset Point","4.5","28","6FMP+7J7","Kabupaten Klungkung","Bali","ID",,"+62 821-4510-0800","Titik Pemandangan",,,,,,,,,,"https://www.google.com/maps/search/?api=1&query=Banah%20Sunset%20Point&query_place_id=ChIJY-gFXTtw0i0RGL5m4izgRAs","Titik Pemandangan"
"Teletubbies Hill","4.1","1244","Unnamed Rd No.80771","Kabupaten Klungkung","Bali","ID",,"","Tujuan Wisata",,,,,,,,,,"https://www.google.com/maps/search/?api=1&query=Teletubbies%20Hill&query_place_id=ChIJYfEnJEV30i0RS9pcaNa604M","Tujuan Wisata"
"Kimanis Sunset Point","4","14","6GRQ+X8Q, Unnamed Road","Kabupaten Klungkung","Bali","ID",,"","Tujuan Wisata",,,,,,,,,,"https://www.google.com/maps/search/?api=1&query=Kimanis%20Sunset%20Point&query_place_id=ChIJDfpGcrNx0i0RsSoYPVJzR_Y","Tujuan Wisata"
"Uluwatu Surf & Yoga Retreats","5","10","Jl. Labuansait","Kabupaten Badung","Bali","ID","https://uluwatusurfyogaretreats.com/?utm_source=google&utm_medium=gmb&utm_campaign=[usyr]","+62 811-3894-440","Pusat Retret Yoga",,,,,,,,,,"https://www.google.com/maps/search/?api=1&query=Uluwatu%20Surf%20%26%20Yoga%20Retreats&query_place_id=ChIJH_SZanZF0i0RCRy8jrmsg3U","Pusat Retret Yoga"
"Pelan Pelan Bali Surf Camp & Yoga Retreat","4.9","251","Banjar Batan Tanjung","Kabupaten Badung","Bali","ID","https://pelanbali.com/","+62 812-9421-9481","Pusat Retret Yoga","Hotel","Sekolah Selancar","Pusat Kebugaran",,,,,,,"https://www.google.com/maps/search/?api=1&query=Pelan%20Pelan%20Bali%20Surf%20Camp%20%26%20Yoga%20Retreat&query_place_id=ChIJbeIPTmQ40i0RFHMoXNIY_5g","Pusat Retret Yoga"
"Big room across intuitive flow yoga studio",,,,"Kabupaten Gianyar","Bali","ID","https://www.booking.com/hotel/id/big-room-across-intuitive-flow-yoga-studio.en-gb.html?aid=2068758&utm_source=seogooglelocal&utm_medium=description&utm_term=hotel-15054271&utm_campaign=en-gb&label=seogooglelocal-link-imagesaow-hotel-15054271_grp-3_gendate-20260426","","Penginapan","Persewaan liburan",,,,,,,,,"https://www.google.com/maps/search/?api=1&query=Big%20room%20across%20intuitive%20flow%20yoga%20studio&query_place_id=ChIJ5zKuQzw90i0Rh3T76ZDCFXY","Penginapan"
"2BR Villa Private Pool - Near Alchemy Yoga Studio",,,,"Kabupaten Gianyar","Bali","ID","https://www.booking.com/hotel/id/2br-villa-private-pool-near-alchemy-yoga-studio.en-gb.html?aid=2068758&utm_source=seogooglelocal&utm_medium=description&utm_term=hotel-15868684&utm_campaign=en-gb&label=seogooglelocal-link-imagesaow-hotel-15868684_grp-0_gendate-20260426","","Penginapan","Persewaan liburan",,,,,,,,,"https://www.google.com/maps/search/?api=1&query=2BR%20Villa%20Private%20Pool%20-%20Near%20Alchemy%20Yoga%20Studio&query_place_id=ChIJ9wSDcD090i0Ru1K6Ezk44Jw","Penginapan"
"Daily Bliss Yoga","5","164",,"Kabupaten Jembrana","Bali","ID","https://www.instagram.com/dailyblissyoga/","+62 831-1499-3538","Studio Yoga",,,,,,,,,,"https://www.google.com/maps/search/?api=1&query=Daily%20Bliss%20Yoga&query_place_id=ChIJ92vc3EbV0y0RLJFmruVMjUI","Studio Yoga"
"Balian Spirit Yoga","5","40","Jl. Pantai Balian No.67","Kabupaten Tabanan","Bali","ID","http://www.balianspirityoga.com/","+62 831-1727-6210","Studio Yoga",,,,,,,,,,"https://www.google.com/maps/search/?api=1&query=Balian%20Spirit%20Yoga&query_place_id=ChIJt2Xz2H0t0i0RXwH82IEax1k","Studio Yoga"
"Alchemy Yoga and Meditation Center Uluwatu","4.9","1684","Jl. Pantai Bingin No.9","Kabupaten Badung","Bali","ID","https://www.alchemyyogacenter.com/","+62 811-3888-130","Studio Yoga",,,,,,,,,,"https://www.google.com/maps/search/?api=1&query=Alchemy%20Yoga%20and%20Meditation%20Center%20Uluwatu&query_place_id=ChIJK9upCaEjo4QRMlUN5V0qtXY","Studio Yoga"
"Samadi Bali","4.4","518","Jl. Canggu Padang Linjong No.39","Kabupaten Badung","Bali","ID","http://www.samadibali.com/","+62 813-2525-7500","Studio Yoga","Toko Aksesori Pakaian","Toko Suvenir","Restoran Makanan Sehat","Toko Es Krim","Restoran makan siang","Restoran","Pusat Retret","Toko Swalayan","Pusat Kebugaran","https://www.google.com/maps/search/?api=1&query=Samadi%20Bali&query_place_id=ChIJ_3rIT2M40i0RMpz37sk8LSY","Studio Yoga"
"Bwellness Yoga, Pilates and Climbing l Uluwatu","5","80","Bwork, Jl. Labuansait No.169","Kabupaten Badung","Bali","ID","https://bookings.vibefam.com/bwellness","+62 811-2874-1998","Studio Yoga","Studio Pilates","Arena Panjat Tebing Dalam Ruang",,,,,,,,"https://www.google.com/maps/search/?api=1&query=Bwellness%20Yoga%2C%20Pilates%20and%20Climbing%20l%20Uluwatu&query_place_id=ChIJFX_fkNZF0i0RXpB-VHBV1Y8","Studio Yoga"
"𝗔𝗛𝗜𝗠𝗦𝗔 YOGA","5","52",,"Kabupaten Jembrana","Bali","ID","https://instagram.com/ahimsayoga_westbali?igshid=ZDdkNTZiNTM=","+62 878-6147-7400","Studio Yoga",,,,,,,,,,"https://www.google.com/maps/search/?api=1&query=%F0%9D%97%94%F0%9D%97%9B%F0%9D%97%9C%F0%9D%97%A0%F0%9D%97%A6%F0%9D%97%94%20YOGA&query_place_id=ChIJMWFOGFXV0y0Rothc5d2hFVg","Studio Yoga"
"YogaUnion Bali Fire Shala","4.9","276","Jl. Subak Sok Wayah","Kabupaten Gianyar","Bali","ID","https://yogaunionbali.com/","+62 812-3715-4225","Studio Yoga","Pusat Retret",,,,,,,,,"https://www.google.com/maps/search/?api=1&query=YogaUnion%20Bali%20Fire%20Shala&query_place_id=ChIJJ-ut_9890i0RdUfM90mxbqY","Studio Yoga"
"The Practice","4.5","412","Jl. Pantai Batu Bolong No.94","Kabupaten Badung","Bali","ID","http://www.thepracticebali.com/","+62 812-3670-2160","Studio Yoga",,,,,,,,,,"https://www.google.com/maps/search/?api=1&query=The%20Practice&query_place_id=ChIJoRVDd3g40i0RcSUzne_wHxA","Studio Yoga"
"Bali Yoga Studio","5","11","Jl. Bisma No.78","Kabupaten Gianyar","Bali","ID","https://baliyogastudio.org/","+62 813-5904-695","Studio Yoga",,,,,,,,,,"https://www.google.com/maps/search/?api=1&query=Bali%20Yoga%20Studio&query_place_id=ChIJ4_KS_GI90i0RdHkmxcF3E4w","Studio Yoga"
"The Yoga Barn","4.3","2177","F7M8+PVG, Jl. Sukma Kesuma","Kabupaten Gianyar","Bali","ID","http://www.theyogabarn.com/","+62 361 971236","Studio Yoga","Restoran","Akomodasi berlayanan","Pusat Kebugaran",,,,,,,"https://www.google.com/maps/search/?api=1&query=The%20Yoga%20Barn&query_place_id=ChIJU_Y875490i0RHKyhC_x-bRU","Studio Yoga"
"Alchemy Yoga","4.9","2391","Jl. Penestanan","Kabupaten Gianyar","Bali","ID","https://www.alchemyyogacenter.com/?utm_source=google&utm_medium=wix_google_business_profile&utm_campaign=579501895684892670","+62 812-2837-5036","Studio Yoga",,,,,,,,,,"https://www.google.com/maps/search/?api=1&query=Alchemy%20Yoga&query_place_id=ChIJ-c4tzlM90i0RKf-B2o_c-Ww","Studio Yoga"
"Surf & Yoga Bali","4.9","325","Gang Melati Desa No.7, Kacamatan","Kabupaten Badung","Bali","ID","http://www.surfnyogacanggu.com/","+62 821-3143-859","Studio Yoga","Sekolah Selancar",,,,,,,,,"https://www.google.com/maps/search/?api=1&query=Surf%20%26%20Yoga%20Bali&query_place_id=ChIJTwQNvAs50i0RP_7TgaxADl0","Studio Yoga"
"Ubud Yoga Centre","4.3","331","Jl. Raya Singakerta No.108","Kabupaten Gianyar","Bali","ID","http://ubudyogacentre.com/","+62 811-3803-266","Studio Yoga","Studio Yoga Bikram","Kafe","Program Kebugaran Fisik","Toko","Pusat Retret Yoga",,,,,"https://www.google.com/maps/search/?api=1&query=Ubud%20Yoga%20Centre&query_place_id=ChIJvXNMz6A90i0RuPKpzC8r5tI","Studio Yoga"
"Mission Flow Studio","4.9","195",,"Kabupaten Badung","Bali","ID","https://missionflowstudio.com/","+62 822-2160-4481","Studio Yoga","Studio Pilates","Studio latihan",,,,,,,,"https://www.google.com/maps/search/?api=1&query=Mission%20Flow%20Studio&query_place_id=ChIJraKLos050i0R6QacW5VryzY","Studio Yoga"
"The Flea Market Seminyak Bali","3.7","3105","Jl. Kayu Aya No.17","Kabupaten Badung","Bali","ID","https://fleamarketbali.com/","+62 821-4453-2810","Pasar","Tujuan Wisata",,,,,,,,,"https://www.google.com/maps/search/?api=1&query=The%20Flea%20Market%20Seminyak%20Bali&query_place_id=ChIJexAR9RpH0i0R0oLfx8SaXRo","Pasar"
"Art Market Umasari Kerobokan","3.4","26","Jl. Petitenget No.101-8","Kabupaten Badung","Bali","ID",,"","Pusat Perbelanjaan",,,,,,,,,,"https://www.google.com/maps/search/?api=1&query=Art%20Market%20Umasari%20Kerobokan&query_place_id=ChIJUcAJWgRH0i0Rbculj20FS3c","Pusat Perbelanjaan"
"Tegalgundul Art Market","5","11","Jl. Pantai Berawa No.Br","Kabupaten Badung","Bali","ID",,"+62 881-0805-03406","Pasar grosir",,,,,,,,,,"https://www.google.com/maps/search/?api=1&query=Tegalgundul%20Art%20Market&query_place_id=ChIJf6ch8wRH0i0RrqXTDl2-8oM","Pasar grosir"
"Seminyak Gallery - Bali Arts & Crafts","4.5","37","Jl. Kayu Jati No.1A","Kabupaten Badung","Bali","ID","https://www.instagram.com/seminyakgallery?igsh=dWdxZXh1c2dzeHpw","+62 878-1838-8726","Toko Kerajinan Tangan","Toko Pakaian","Mal outlet","Toko Suvenir",,,,,,,"https://www.google.com/maps/search/?api=1&query=Seminyak%20Gallery%20-%20Bali%20Arts%20%26%20Crafts&query_place_id=ChIJNbiSmxdH0i0RKPC1sDphui4","Toko Kerajinan Tangan"
"Pasar Seni Kumbasari","4.4","4356","Jl. Gajah Mada","Kota Denpasar","Bali","ID",,"","Pasar","Pusat Kesenian","Tujuan Wisata",,,,,,,,"https://www.google.com/maps/search/?api=1&query=Pasar%20Seni%20Kumbasari&query_place_id=ChIJ528XG6JA0i0R42MhlL97NU8","Pasar"
"Dewangga Art Market","4.8","25","Jl. Bypass Ngurah Rai No.2","Kabupaten Badung","Bali","ID",,"+62 822-4761-8733","Pusat Perbelanjaan",,,,,,,,,,"https://www.google.com/maps/search/?api=1&query=Dewangga%20Art%20Market&query_place_id=ChIJKbw1ob5D0i0RTetVunbUcvE","Pusat Perbelanjaan"
"IDA's Art Market","1","1","75J9+JXM, Jl. Poppies II","Kabupaten Badung","Bali","ID",,"+62 813-3840-1784","Toko Pakaian",,,,,,,,,,"https://www.google.com/maps/search/?api=1&query=IDA's%20Art%20Market&query_place_id=ChIJqWJIo75G0i0RyUVaiD4IMQ4","Toko Pakaian"
"Sukawati market 2","4.5","266","97WJ+669, Jl. Dasarata","Kabupaten Gianyar","Bali","ID",,"","Pasar",,,,,,,,,,"https://www.google.com/maps/search/?api=1&query=Sukawati%20market%202&query_place_id=ChIJ6dWJKCs-0i0RiUOKKSGmQ3M","Pasar"
"Royal art shop pratama nusa dua",,,"jalan pratama no . 59 near the conrad hotel ( block A.3","Kabupaten Badung","Bali","ID",,"+62 818-0550-6587","Pusat Perbelanjaan",,,,,,,,,,"https://www.google.com/maps/search/?api=1&query=Royal%20art%20shop%20pratama%20nusa%20dua&query_place_id=ChIJ-xVrfxpD0i0R_3mVkstl4Nw","Pusat Perbelanjaan"
"Seminyak Village Art Market",,,"Jl. Raya Seminyak No.29A","Kabupaten Badung","Bali","ID",,"",,,,,,,,,,,"https://www.google.com/maps/search/?api=1&query=Seminyak%20Village%20Art%20Market&query_place_id=ChIJiS7UB99G0i0ROHtEwCMseAA",
"Dewangga Art Shop","4.4","41","Jl. Ps. Kumbasari Lantai 3","Kota Denpasar","Bali","ID",,"+62 361 437359","Toko Kerajinan Tangan",,,,,,,,,,"https://www.google.com/maps/search/?api=1&query=Dewangga%20Art%20Shop&query_place_id=ChIJaSu6E6JA0i0RhGyWf_wuFAI","Toko Kerajinan Tangan"
"Jaya Kesuma Art Market",,,"Jl. Cemara No.100","Kota Denpasar","Bali","ID",,"","Pasar",,,,,,,,,,"https://www.google.com/maps/search/?api=1&query=Jaya%20Kesuma%20Art%20Market&query_place_id=ChIJcWBNVABB0i0R3dz_s6iOO_8","Pasar"
"Pasar Seni Guwang","4.3","5705","Jl. Dasarata","Kabupaten Gianyar","Bali","ID",,"","Pasar tradisional",,,,,,,,,,"https://www.google.com/maps/search/?api=1&query=Pasar%20Seni%20Guwang&query_place_id=ChIJ00VQ5yw_0i0RqTMwKgIAv68","Pasar tradisional"
"Nusa dua art market,Restaurant and Spa","5","1","Jl. Nusa Dua No.60","Kabupaten Badung","Bali","ID",,"+62 812-3610-3251","Toko Suvenir",,,,,,,,,,"https://www.google.com/maps/search/?api=1&query=Nusa%20dua%20art%20market%2CRestaurant%20and%20Spa&query_place_id=ChIJB8H-BQBD0i0RDlcRRRmbnxg","Toko Suvenir"
"Canggu Center","4.4","258","Echo Beach villa, Jl. Pantai Batu Mejan","Kabupaten Badung","Bali","ID","https://www.canggucenter.com/","+62 818-542-000","Galeri Seni","Restoran",,,,,,,,,"https://www.google.com/maps/search/?api=1&query=Canggu%20Center&query_place_id=ChIJsWTI4xI50i0Ry5AESqf15_c","Galeri Seni"
"Shocked Dog Market Canggu - Bazaar","4.3","136","Jl. Pantai Batu Bolong No.11","Kabupaten Badung","Bali","ID","https://shockeddogcanggu.com/","","Pasar",,,,,,,,,,"https://www.google.com/maps/search/?api=1&query=Shocked%20Dog%20Market%20Canggu%20-%20Bazaar&query_place_id=ChIJM0Ii-gs50i0R4mPy86Mw6zI","Pasar"
"Art Market",,,,"Kota Denpasar","Bali","ID",,"",,,,,,,,,,,"https://www.google.com/maps/search/?api=1&query=Art%20Market&query_place_id=ChIJwaeTPuhD0i0RQYx6erK1NSA",
"ULU LOVE MARKET","3.7","88","Jl. Labuansait No.11","Kabupaten Badung","Bali","ID",,"","Pusat Perbelanjaan",,,,,,,,,,"https://www.google.com/maps/search/?api=1&query=ULU%20LOVE%20MARKET&query_place_id=ChIJvTP5YgBF0i0R13nM1BobjPQ","Pusat Perbelanjaan"
"sunset CHILI THICK and beautiful RAVINE","5","3","6GP9+X3Q","Kabupaten Klungkung","Bali","ID",,"+62 813-3731-2048","Titik Pemandangan",,,,,,,,,,"https://www.google.com/maps/search/?api=1&query=sunset%20CHILI%20THICK%20and%20beautiful%20RAVINE&query_place_id=ChIJGVoC5Ytx0i0RTyasudGZ0Ts","Titik Pemandangan"
"KC Lakeside","5","5",,"Kabupaten Klungkung","Bali","ID",,"","Titik Pemandangan","Kedai Kopi","Tempat Acara Memancing",,,,,,,,"https://www.google.com/maps/search/?api=1&query=KC%20Lakeside&query_place_id=ChIJHXRcGZ0T0i0RFQXujONZ_PQ","Titik Pemandangan"
"Tikungan Sorrento","3.7","3","8C3X+5P4","Kabupaten Klungkung","Bali","ID",,"","Titik Pemandangan",,,,,,,,,,"https://www.google.com/maps/search/?api=1&query=Tikungan%20Sorrento&query_place_id=ChIJ0ffwCdVt0i0RwNLdbvMKSew","Titik Pemandangan"
"BUKIT KAMASAN","4.5","6","6GHW+C96","Kabupaten Klungkung","Bali","ID",,"+62 853-3734-4303","Titik Pemandangan",,,,,,,,,,"https://www.google.com/maps/search/?api=1&query=BUKIT%20KAMASAN&query_place_id=ChIJR5PuHSxx0i0RBvxmIRysJtE","Titik Pemandangan"
"SEBUN PANDAN HILLS",,,"6GG6+QQ","Kabupaten Klungkung","Bali","ID",,"+62 813-3731-2048","Titik Pemandangan",,,,,,,,,,"https://www.google.com/maps/search/?api=1&query=SEBUN%20PANDAN%20HILLS&query_place_id=ChIJVV56IABx0i0RRULxhtvQQpw","Titik Pemandangan"
"Flipcliff","5","23","7CQR+83W Flipcliff, Nusa Ceningan","Kabupaten Klungkung","Bali","ID",,"","Titik Pemandangan",,,,,,,,,,"https://www.google.com/maps/search/?api=1&query=Flipcliff&query_place_id=ChIJBxcmXjVt0i0RUNfm6K4Xubw","Titik Pemandangan"
"SEGANING CLIF SUNSET POINT","5","7","6FQP+JPH, Desa Pekraman Sebuluh, Desa","Kabupaten Klungkung","Bali","ID",,"","Tujuan Wisata",,,,,,,,,,"https://www.google.com/maps/search/?api=1&query=SEGANING%20CLIF%20SUNSET%20POINT&query_place_id=ChIJJ98Jiadx0i0Rj6ejxhYo-gE","Tujuan Wisata"
"Uluwatu Beach","4.8","56","53PQ+29J Uluwatu Beach","Kabupaten Badung","Bali","ID",,"","Tujuan Wisata",,,,,,,,,,"https://www.google.com/maps/search/?api=1&query=Uluwatu%20Beach&query_place_id=ChIJ7Z7m9nJP0i0RduIaMSjOBV8","Tujuan Wisata"
"Karang Boma Cliff","4.6","2068","Unnamed Road","Kabupaten Badung","Bali","ID",,"+62 831-7768-2192","Tujuan Wisata",,,,,,,,,,"https://www.google.com/maps/search/?api=1&query=Karang%20Boma%20Cliff&query_place_id=ChIJCe8G_AtQ0i0R0JR4F-xW47U","Tujuan Wisata"
"Paddy View Villa Bali","4.7","14","94JQ+7V5","Kabupaten Badung","Bali","ID",,"+62 361 8646940","Akomodasi berlayanan",,,,,,,,,,"https://www.google.com/maps/search/?api=1&query=Paddy%20View%20Villa%20Bali&query_place_id=ChIJwSyrav840i0RfD0b65UsIu0","Akomodasi berlayanan"
"Warung Sunset view","4.9","111","Semarapura","Kabupaten Klungkung","Bali","ID",,"+62 821-4483-5492","Kedai Sarapan & Makan Siang",,,,,,,,,,"https://www.google.com/maps/search/?api=1&query=Warung%20Sunset%20view&query_place_id=ChIJp_AvjbJx0i0RiP3_dCIDkQI","Kedai Sarapan & Makan Siang"
"View point",,,"CCXP+2MG, Jl. Prof. Dr. Ida Bagus Mantra","Kabupaten Klungkung","Bali","ID",,"","Area Pengamatan Burung",,,,,,,,,,"https://www.google.com/maps/search/?api=1&query=View%20point&query_place_id=ChIJrQQCcwAR0i0RaZnlRan-mVo","Area Pengamatan Burung"
"Pantai Blue Point","4.6","791",,"Kabupaten Badung","Bali","ID",,"","Pantai",,,,,,,,,,"https://www.google.com/maps/search/?api=1&query=Pantai%20Blue%20Point&query_place_id=ChIJ0azUW_lP0i0R6y0_eDmg2YA","Pantai"
"Balangan Beach","4.5","2269","Jl. Pantai Balangan No.54","Kabupaten Badung","Bali","ID",,"","Tujuan Wisata",,,,,,,,,,"https://www.google.com/maps/search/?api=1&query=Balangan%20Beach&query_place_id=ChIJ_TLw0oxF0i0RKqoXJNwDGG0","Tujuan Wisata"
"View sawag","5","1","C44W+99M, Br gamongan","Kabupaten Tabanan","Bali","ID",,"","Area Mendaki",,,,,,,,,,"https://www.google.com/maps/search/?api=1&query=View%20sawag&query_place_id=ChIJTxfTxhA50i0R78sgtZD8y4g","Area Mendaki"
"Grill Pinggir Tebing","5","3","543R+CMR, Unnamed Road","Kabupaten Badung","Bali","ID",,"","Tujuan Wisata",,,,,,,,,,"https://www.google.com/maps/search/?api=1&query=Grill%20Pinggir%20Tebing&query_place_id=ChIJN-ICEQBb0i0RcxECPn0Y7xw","Tujuan Wisata"
"Echo Beach Sunset Point","4.5","96","Jl. Pantai Batu Mejan","Kabupaten Badung","Bali","ID",,"+62 816-298-956","Restoran",,,,,,,,,,"https://www.google.com/maps/search/?api=1&query=Echo%20Beach%20Sunset%20Point&query_place_id=ChIJW84kOb850i0RcX8rPjNPXVU","Restoran"
"H&L Sunset Beach","4","25",,"Kabupaten Klungkung","Bali","ID",,"","Tujuan Wisata",,,,,,,,,,"https://www.google.com/maps/search/?api=1&query=H%26L%20Sunset%20Beach&query_place_id=ChIJKzuqzmt70i0Rncy07P_W0GM","Tujuan Wisata"
"Green Point Villa - Deluxe Bungalow with Sea View",,,,"Kabupaten Tabanan","Bali","ID","https://br.bluepillow.com/search/68e3dccff93025efadabc762?dest=nuit&cat=&lat=-8.56659&lng=115.05479&language=pt","","Penginapan","Persewaan liburan",,,,,,,,,"https://www.google.com/maps/search/?api=1&query=Green%20Point%20Villa%20-%20Deluxe%20Bungalow%20with%20Sea%20View&query_place_id=ChIJiec2o9sw0i0RE5YndAJq2wc","Penginapan"
"Pantai Medewi","4.5","715","Jl. Pantai Medewi","Kabupaten Jembrana","Bali","ID","http://www.jembranakab.go.id/","","Pantai",,,,,,,,,,"https://www.google.com/maps/search/?api=1&query=Pantai%20Medewi&query_place_id=ChIJ1SYZN6HW0y0RTsSZh4dDH-E","Pantai"
"Pantai Pemuteran","4.3","352",,"Kabupaten Buleleng","Bali","ID","http://www.funfundive.com/","","Pantai",,,,,,,,,,"https://www.google.com/maps/search/?api=1&query=Pantai%20Pemuteran&query_place_id=ChIJ3UsH5Ytu0S0RMh7ToHhE2h4","Pantai"
"White Sand Beach","4.6","143","VH77+CCC","Kabupaten Buleleng","Bali","ID",,"","Lahan Piknik",,,,,,,,,,"https://www.google.com/maps/search/?api=1&query=White%20Sand%20Beach&query_place_id=ChIJa-yjBIVp0S0RDGMLmGXEmsI","Lahan Piknik"
"Prapat Agung Beach","4.3","101",,"Kabupaten Buleleng","Bali","ID",,"+62 821-4188-8442","Pantai",,,,,,,,,,"https://www.google.com/maps/search/?api=1&query=Prapat%20Agung%20Beach&query_place_id=ChIJ702GA-9D0S0R3jCQTitbWUc","Pantai"
"Romantic Beach Pemuteran","4.7","33","VJ7V+PG8","Kabupaten Buleleng","Bali","ID",,"","Paviliun Pantai",,,,,,,,,,"https://www.google.com/maps/search/?api=1&query=Romantic%20Beach%20Pemuteran&query_place_id=ChIJMdq8MpZu0S0RqwywHQGPgHI","Paviliun Pantai"
"Yeh Kuning Beach jembrana","4.5","73",,"Kabupaten Jembrana","Bali","ID",,"","Pantai Umum",,,,,,,,,,"https://www.google.com/maps/search/?api=1&query=Yeh%20Kuning%20Beach%20jembrana&query_place_id=ChIJzVz-SvzY0y0R_WSu94ZFmtQ","Pantai Umum"
"Melaya Cabanas","4.9","39",,"Kabupaten Jembrana","Bali","ID",,"+62 858-4715-0503","Pantai",,,,,,,,,,"https://www.google.com/maps/search/?api=1&query=Melaya%20Cabanas&query_place_id=ChIJsY75WLJd0S0RpQfaOMYtATA","Pantai"
"Gondol Sunset Beach","4.5","15","RPW7+56","Kabupaten Buleleng","Bali","ID",,"","Tujuan Wisata",,,,,,,,,,"https://www.google.com/maps/search/?api=1&query=Gondol%20Sunset%20Beach&query_place_id=ChIJz-RUz5Zv0S0RlCfpPfUfW-g","Tujuan Wisata"
"Sumberkima Beach","4.4","17","VJG9+3FH","Kabupaten Buleleng","Bali","ID",,"","Tujuan Wisata",,,,,,,,,,"https://www.google.com/maps/search/?api=1&query=Sumberkima%20Beach&query_place_id=ChIJ66mdTMdp0S0R55eHqJkgiUY","Tujuan Wisata"
"Surya Art Shop","5","1","77R5+X27 Jaya Kesuma Art Market, Jl. Cemara","Kota Denpasar","Bali","ID",,"+62 822-4789-8371","Toko Suvenir",,,,,,,,,,"https://www.google.com/maps/search/?api=1&query=Surya%20Art%20Shop&query_place_id=ChIJh8Nc2b9B0i0RFi-mqUdPg7M","Toko Suvenir"
"YudanaX Art Market","3.7","3","C743+MC4","Kabupaten Gianyar","Bali","ID",,"","Toko Perlengkapan Kesenian",,,,,,,,,,"https://www.google.com/maps/search/?api=1&query=YudanaX%20Art%20Market&query_place_id=ChIJt230vTE_0i0RyiWn1njMEQc","Toko Perlengkapan Kesenian"
"Mammoth Art Gallery And Wood Carving","4.3","502","Jl. Raya Negara No.202","Kabupaten Gianyar","Bali","ID",,"+62 813-1239-3939","Galeri Seni",,,,,,,,,,"https://www.google.com/maps/search/?api=1&query=Mammoth%20Art%20Gallery%20And%20Wood%20Carving&query_place_id=ChIJK_LWlT0-0i0RxZiSuXvk8yM","Galeri Seni"
"Area Jaya Mini Mart & Art","4.7","45","Jl. Pratama No.81","Kabupaten Badung","Bali","ID",,"","Minimarket","Toko Swalayan",,,,,,,,,"https://www.google.com/maps/search/?api=1&query=Area%20Jaya%20Mini%20Mart%20%26%20Art&query_place_id=ChIJA9kUWQhD0i0RFiHOJg3Vm1o","Minimarket"
"Love Anchor","4.1","2421","Jl. Pantai Batu Bolong No.56 Unit A","Kabupaten Badung","Bali","ID","https://www.loveanchorcanggu.com/","+62 361 9091276","Pusat Perbelanjaan","Grosir minuman beralkohol","Toko Pakaian Bayi","Toko Pakaian","Grosir pakaian","Toko Organik","Studio Fotografi","Toko Suvenir","Toko Pakaian Renang","Toko Mainan","https://www.google.com/maps/search/?api=1&query=Love%20Anchor&query_place_id=ChIJl6fuank40i0RsicrYP5o-_Y","Pusat Perbelanjaan"
"Asri Art Shop","4.4","8","Jl. Danau Tamblingan No.204","Kota Denpasar","Bali","ID",,"+62 361 288941","Toko Suvenir",,,,,,,,,,"https://www.google.com/maps/search/?api=1&query=Asri%20Art%20Shop&query_place_id=ChIJF1ictsBB0i0R1zq8PFfEUQM","Toko Suvenir"
"Arte",,,"949M+GCW, Jl. Raya Tanah Lot","Kabupaten Badung","Bali","ID",,"","Pasar",,,,,,,,,,"https://www.google.com/maps/search/?api=1&query=Arte&query_place_id=ChIJITd6_h050i0RG75Q-4-y_xk","Pasar"
"Carla Spa Kuta Art Market","4.8","404","Jl. Kuta Art Market No.8","Kabupaten Badung","Bali","ID",,"+62 811-3971-4445","Day Spa",,,,,,,,,,"https://www.google.com/maps/search/?api=1&query=Carla%20Spa%20Kuta%20Art%20Market&query_place_id=ChIJNZsDFABH0i0Rpn4EDA6V9U0","Day Spa"
"SEMAR KUNING 1 Artist Cooperative","4.5","889","Jl. A.A. Gede Rai No.8","Kabupaten Gianyar","Bali","ID",,"+62 812-3626-083","Galeri Seni","Tujuan Wisata",,,,,,,,,"https://www.google.com/maps/search/?api=1&query=SEMAR%20KUNING%201%20Artist%20Cooperative&query_place_id=ChIJYYryopU90i0R7YY8QtsUXr4","Galeri Seni"
"Bali Rahayu Painting","4.8","37","Jl. Kuta Art Market Jl. Bakung Sari","Kabupaten Badung","Bali","ID","https://www.instagram.com/balirahayupainting/profilecard/?igsh=MWZtbGpibzRkczBqeA==","+62 877-6272-5490","Toko Suvenir",,,,,,,,,,"https://www.google.com/maps/search/?api=1&query=Bali%20Rahayu%20Painting&query_place_id=ChIJ69IoU2pH0i0RauKw-Vcgm9o","Toko Suvenir"
"Warung Kopi Bali Art Market Kuta","5","19","Food Court Kayu Santen, Jl. Kuta Art Market","Kabupaten Badung","Bali","ID",,"+62 819-7613-168","Kedai Kopi",,,,,,,,,,"https://www.google.com/maps/search/?api=1&query=Warung%20Kopi%20Bali%20Art%20Market%20Kuta&query_place_id=ChIJgZbZdgBH0i0RB0JrpD86mMM","Kedai Kopi"
"Raditya7Art Painting",,,"C73M+262, Jl. Lettu Wayan Sutha","Kabupaten Gianyar","Bali","ID",,"+62 851-0017-5371","Pasar",,,,,,,,,,"https://www.google.com/maps/search/?api=1&query=Raditya7Art%20Painting&query_place_id=ChIJ_-W4Qyg-0i0RsWdCHP7grjI","Pasar"
"NOVI SHOP ART MARKET",,,"Jl. Sahadewa No.10B","Kabupaten Badung","Bali","ID",,"+62 819-3979-6082","Toko Pakaian",,,,,,,,,,"https://www.google.com/maps/search/?api=1&query=NOVI%20SHOP%20ART%20MARKET&query_place_id=ChIJnya4kxlH0i0Rvol0Zd4-gsw","Toko Pakaian"
"CAK Art Gallery","5","182","Jl. Raya Mas No.18","Kabupaten Gianyar","Bali","ID","https://linktr.ee/cak_artgallery","+62 811-392-855","Galeri Seni","Toko Mebel Antik","Toko Barang Antik","Grosir Mebel","Lukisan",,,,,,"https://www.google.com/maps/search/?api=1&query=CAK%20Art%20Gallery&query_place_id=ChIJHaXVFv090i0R8qhEAFBz1cY","Galeri Seni"
"Samuh Art Market","4.5","4","666G+WJ3","Kabupaten Badung","Bali","ID",,"","Toko Mebel",,,,,,,,,,"https://www.google.com/maps/search/?api=1&query=Samuh%20Art%20Market&query_place_id=ChIJRYN0fQBD0i0Riyw57A8fclI","Toko Mebel"
"Karya Mas Wood Carving","4.4","260","C7XC+6W5, JL Raya Mas","Kabupaten Gianyar","Bali","ID",,"+62 361 975284","Kerajinan",,,,,,,,,,"https://www.google.com/maps/search/?api=1&query=Karya%20Mas%20Wood%20Carving&query_place_id=ChIJoUoi0Gs90i0RDnKsZwq5cnw","Kerajinan"
"Pasar Seni Sukowati","4.5","17","Jl. Raya Sukawati No.22X","Kabupaten Gianyar","Bali","ID",,"","Pusat Perbelanjaan",,,,,,,,,,"https://www.google.com/maps/search/?api=1&query=Pasar%20Seni%20Sukowati&query_place_id=ChIJBYckYq8_0i0RmSM7e5pCx6I","Pusat Perbelanjaan"
"Rama Krisna Oleh Oleh Bali 24 Jam","4.5","33194","Jl. Raya Tuban No.2X","Kabupaten Badung","Bali","ID","http://krisnabali.co.id/","+62 361 764532","Toko Suvenir","Toko Makanan","Pusat Perbelanjaan","Toko",,,,,,,"https://www.google.com/maps/search/?api=1&query=Rama%20Krisna%20Oleh%20Oleh%20Bali%2024%20Jam&query_place_id=ChIJob-7FQVE0i0RCVFJtpDafgw","Toko Suvenir"
"KIDZ World","5","1","Jl. Kuta Art Market No.18","Kabupaten Badung","Bali","ID",,"+62 361 758737","Toko Mainan",,,,,,,,,,"https://www.google.com/maps/search/?api=1&query=KIDZ%20World&query_place_id=ChIJR8maUKNG0i0R0LAFze5wIAg","Toko Mainan"
"Blue Point Beach","4.5","55","Jl. Mamo No.201","Kabupaten Badung","Bali","ID",,"","Pantai",,,,,,,,,,"https://www.google.com/maps/search/?api=1&query=Blue%20Point%20Beach&query_place_id=ChIJcf9SNvlP0i0RMH81CNVGFmY","Pantai"
"Sunny Point Penida - Twin Room with Garden View","5","8",,"Kabupaten Klungkung","Bali","ID","https://br.bluepillow.com/search/5cd4e31fe24da416c497f6fd/500911004?dest=bkng&cat=House&lat=-8.68169&lng=115.50099&language=pt","","Rumah","Persewaan liburan",,,,,,,,,"https://www.google.com/maps/search/?api=1&query=Sunny%20Point%20Penida%20-%20Twin%20Room%20with%20Garden%20View&query_place_id=ChIJWTIkFkNy0i0RokRmP-LjEF0","Rumah"
"Korawa Beach","4.7","66",,"Kabupaten Klungkung","Bali","ID",,"","Tujuan Wisata",,,,,,,,,,"https://www.google.com/maps/search/?api=1&query=Korawa%20Beach&query_place_id=ChIJU2u3ez5u0i0RzatvkmBgQrs","Tujuan Wisata"
"point.of.view.ekko.architect","5","1","959J+2V4","Kota Denpasar","Bali","ID",,"+62 821-4444-0520","Kantor Perusahaan",,,,,,,,,,"https://www.google.com/maps/search/?api=1&query=point.of.view.ekko.architect&query_place_id=ChIJHR_8e0g50i0RuTXCTs5SgRA","Kantor Perusahaan"
"Safsaf & Hudhud view point","5","1","646G+433 Balangan cliff","Kabupaten Badung","Bali","ID",,"","Tujuan Wisata",,,,,,,,,,"https://www.google.com/maps/search/?api=1&query=Safsaf%20%26%20Hudhud%20view%20point&query_place_id=ChIJ60DVKwBF0i0Ri2UxQYTEYic","Tujuan Wisata"
"Pura Beji Puncak Mundi (Titik Puncak Tertinggi)","4.7","3","7G9G+PVM","Kabupaten Klungkung","Bali","ID",,"","Titik Pemandangan",,,,,,,,,,"https://www.google.com/maps/search/?api=1&query=Pura%20Beji%20Puncak%20Mundi%20(Titik%20Puncak%20Tertinggi)&query_place_id=ChIJl9LRmwxx0i0RDIuKpY6kdxs","Titik Pemandangan"
"Debur bay ceningan",,,"8F24+FRF, Unnamed Road","Kabupaten Klungkung","Bali","ID",,"","Titik Pemandangan",,,,,,,,,,"https://www.google.com/maps/search/?api=1&query=Debur%20bay%20ceningan&query_place_id=ChIJO4rInLJt0i0R1qT9w3Jm_-I","Titik Pemandangan"
"Bukit Rama sun Han set view",,,,"Kabupaten Klungkung","Bali","ID",,"","Titik Pemandangan",,,,,,,,,,"https://www.google.com/maps/search/?api=1&query=Bukit%20Rama%20sun%20Han%20set%20view&query_place_id=ChIJsdHJFp9x0i0RQLNlxk8uYNI","Titik Pemandangan"
"penematan elte",,,"Simpang Pesanggaran - Simpang Sanur No.777","Kota Denpasar","Bali","ID",,"","Titik Pemandangan",,,,,,,,,,"https://www.google.com/maps/search/?api=1&query=penematan%20elte&query_place_id=ChIJe0QLKABB0i0R7xY_9oURhpU","Titik Pemandangan"
"Taman Budaya Garuda Wisnu Kencana","4.5","70657","Jl. Raya Uluwatu","Kabupaten Badung","Bali","ID","https://www.gwkbali.com/","+62 361 700808","Tujuan Wisata","Taman",,,,,,,,,"https://www.google.com/maps/search/?api=1&query=Taman%20Budaya%20Garuda%20Wisnu%20Kencana&query_place_id=ChIJx97hVM9E0i0RUVpPBj5miBk","Tujuan Wisata"
"Lokasi Budidaya Rumput Laut Lembongan","5","2","8C4R+CCM, Jl. Raya Lembongan","Kabupaten Klungkung","Bali","ID",,"","Titik Pemandangan",,,,,,,,,,"https://www.google.com/maps/search/?api=1&query=Lokasi%20Budidaya%20Rumput%20Laut%20Lembongan&query_place_id=ChIJM89HuuVt0i0REtAKIv2r8Pk","Titik Pemandangan"
"Cosala Art Shop","5","105","Jl. Yoga Perkanthi No.2b","Kabupaten Badung","Bali","ID",,"+62 877-6302-1647","Toko Suvenir",,,,,,,,,,"https://www.google.com/maps/search/?api=1&query=Cosala%20Art%20Shop&query_place_id=ChIJG5h-zQFF0i0R6_aG99OgiQs","Toko Suvenir"
"Sukawati Street Market","5","3","C73J+GXC Komplek Pasar Seni Sukawati, Jl. Lettu Wayan Sutha","Kabupaten Gianyar","Bali","ID",,"","Toko Suvenir",,,,,,,,,,"https://www.google.com/maps/search/?api=1&query=Sukawati%20Street%20Market&query_place_id=ChIJhY-vqww_0i0RedOiB9oXoJE","Toko Suvenir"
"Krisna Oleh-Oleh khas Bali","4.5","4840","Jl. Nusa Kambangan No.160 A","Kota Denpasar","Bali","ID","http://krisnabali.co.id/","+62 361 4745641","Toko Suvenir","Pusat Perbelanjaan",,,,,,,,,"https://www.google.com/maps/search/?api=1&query=Krisna%20Oleh-Oleh%20khas%20Bali&query_place_id=ChIJMU6GFr9A0i0RDp0DmxIFqPg","Toko Suvenir"
"Pasar Umum Sukawati","4.3","201","Jl. Raya Sukawati No.75X","Kabupaten Gianyar","Bali","ID",,"","Pasar tradisional",,,,,,,,,,"https://www.google.com/maps/search/?api=1&query=Pasar%20Umum%20Sukawati&query_place_id=ChIJ4TvdJCg-0i0R-6c29BSrx8Q","Pasar tradisional"
"Bali Rune Art",,,"Kuta Square, Jl. Kuta Art Market Jl. Bakung Sari","Kabupaten Badung","Bali","ID",,"+62 877-6075-0588","Grosir kerajinan tangan",,,,,,,,,,"https://www.google.com/maps/search/?api=1&query=Bali%20Rune%20Art&query_place_id=ChIJwcY52jNH0i0Rb6LJCBso70g","Grosir kerajinan tangan"
"Minum Kopi - Art Market Kuta","5","6","Jl. Kuta Art Market No.F9","Kabupaten Badung","Bali","ID","https://www.instagram.com/minumkopi.nusantara/","","Kedai Kopi",,,,,,,,,,"https://www.google.com/maps/search/?api=1&query=Minum%20Kopi%20-%20Art%20Market%20Kuta&query_place_id=ChIJyaqpeQBH0i0RKAuvH_evMG8","Kedai Kopi"
"Krisna Art Shop","4.3","19","Jl. Bypass Ngurah Rai No.26","Kota Denpasar","Bali","ID",,"","Kerajinan",,,,,,,,,,"https://www.google.com/maps/search/?api=1&query=Krisna%20Art%20Shop&query_place_id=ChIJn2el-3JB0i0RjQyHyLOYi1g","Kerajinan"
"Sari Dewata Shop","5","1","75GC+449, Jl. Kuta Art Market No.F9","Kabupaten Badung","Bali","ID",,"+62 812-4557-3040","Toko Suvenir",,,,,,,,,,"https://www.google.com/maps/search/?api=1&query=Sari%20Dewata%20Shop&query_place_id=ChIJfwD5T6NG0i0RRjl4PLSLeYk","Toko Suvenir"
"Pasar malam Sukawati","4.4","595","Jl. Raya Sukawati No.75X","Kabupaten Gianyar","Bali","ID",,"","Pasar Malam",,,,,,,,,,"https://www.google.com/maps/search/?api=1&query=Pasar%20malam%20Sukawati&query_place_id=ChIJY2DmFSg-0i0RZrR7vTAtxME","Pasar Malam"
"Rossi Shop","5","11","Jl. Kuta Art Market No.F9","Kabupaten Badung","Bali","ID",,"+62 812-3939-5218","Toko Suvenir",,,,,,,,,,"https://www.google.com/maps/search/?api=1&query=Rossi%20Shop&query_place_id=ChIJweqgz8dH0i0RK5iEKWwQosc","Toko Suvenir"
"Kios Sari Dewi","5","2","C73M+74J, Jalan Raya","Kabupaten Gianyar","Bali","ID",,"+62 819-1628-6712","Toko Suvenir",,,,,,,,,,"https://www.google.com/maps/search/?api=1&query=Kios%20Sari%20Dewi&query_place_id=ChIJdTrvMCg-0i0RzYD_22ZORxs","Toko Suvenir"
"pasar sukawati baru","4.6","49","Jl. Pantai Purnama No.49x","Kabupaten Gianyar","Bali","ID",,"","Pusat Perbelanjaan",,,,,,,,,,"https://www.google.com/maps/search/?api=1&query=pasar%20sukawati%20baru&query_place_id=ChIJG-F-JnsV0i0Rnv2e1FCBbAA","Pusat Perbelanjaan"
"Miga Bali","4.5","282","Jl. Raya Celuk","Kabupaten Gianyar","Bali","ID",,"+62 361 8405093","Toko Suvenir",,,,,,,,,,"https://www.google.com/maps/search/?api=1&query=Miga%20Bali&query_place_id=ChIJxWNImbVB0i0REwnmzCKYRzE","Toko Suvenir"
"Yana Art Gallery","4.3","616","Jl. Raya Sakah","Kabupaten Gianyar","Bali","ID",,"+62 813-3972-8588","Galeri Seni",,,,,,,,,,"https://www.google.com/maps/search/?api=1&query=Yana%20Art%20Gallery&query_place_id=ChIJoeBUGP490i0R_yoqSeRgW0w","Galeri Seni"
"Pasar Wisata Sukawati Bali","4.4","35","No., Jl. Raya Sukawati No.75X","Kabupaten Gianyar","Bali","ID",,"","Pusat Perbelanjaan",,,,,,,,,,"https://www.google.com/maps/search/?api=1&query=Pasar%20Wisata%20Sukawati%20Bali&query_place_id=ChIJV8u7PSg-0i0RDWClGdwnJoo","Pusat Perbelanjaan"
"ANIS Collection","5","1","84RM+WP9 Nelayan Art.Market, Jl. Nelayan No.33","Kabupaten Badung","Bali","ID",,"+62 819-3618-1578","Toko Kerajinan Tangan",,,,,,,,,,"https://www.google.com/maps/search/?api=1&query=ANIS%20Collection&query_place_id=ChIJoXuENb5H0i0RGfKTzLtjeKw","Toko Kerajinan Tangan"
"Sim Card and eSim Telkomsel Kuta Art Market","4.9","111","Jl. Kartika Plaza No.18","Kabupaten Badung","Bali","ID","http://www.balisimcard.com/","+62 812-4647-7707","Toko Internet",,,,,,,,,,"https://www.google.com/maps/search/?api=1&query=Sim%20Card%20and%20eSim%20Telkomsel%20Kuta%20Art%20Market&query_place_id=ChIJQ0ro5WNF0i0RTV0TS7dsUkI","Toko Internet"
"Bali Jaya Painting",,,"85C3+294, Jalan Petitenget, Art Market Living Room, Kerobokan Kelod, Seminyak, Kuta Utara","Kabupaten Badung","Bali","ID",,"+62 812-3985-491","Toko",,,,,,,,,,"https://www.google.com/maps/search/?api=1&query=Bali%20Jaya%20Painting&query_place_id=ChIJhUGpHQ5H0i0RLTtwFwDFIZ4","Toko"
"Gunung Patas","4.8","5",,"Kabupaten Buleleng","Bali","ID",,"","Puncak Gunung",,,,,,,,,,"https://www.google.com/maps/search/?api=1&query=Gunung%20Patas&query_place_id=ChIJl9HWP1F50S0RcFcmDGwyHug","Puncak Gunung"
"Gn. Musi","4.5","2",,"Kabupaten Buleleng","Bali","ID",,"","Puncak Gunung",,,,,,,,,,"https://www.google.com/maps/search/?api=1&query=Gn.%20Musi&query_place_id=ChIJJZjgpXFw0S0RM6RtrirJouk","Puncak Gunung"
"Gn. Mese",,,,"Kabupaten Jembrana","Bali","ID",,"","Puncak Gunung",,,,,,,,,,"https://www.google.com/maps/search/?api=1&query=Gn.%20Mese&query_place_id=ChIJy5MxN5Nk0S0RuqAo6QCa1jE","Puncak Gunung"
"Pegunungan Bakungan","3.7","11",,"Kabupaten Jembrana","Bali","ID",,"","Puncak Gunung",,,,,,,,,,"https://www.google.com/maps/search/?api=1&query=Pegunungan%20Bakungan&query_place_id=ChIJsaPFe8dC0S0RbbSKs12eFak","Puncak Gunung"
"Gn. Merebuk","3","2",,"Kabupaten Jembrana","Bali","ID",,"","Puncak Gunung",,,,,,,,,,"https://www.google.com/maps/search/?api=1&query=Gn.%20Merebuk&query_place_id=ChIJPTh9_Lxl0S0RHmMaSzotJaU","Puncak Gunung"
"Trekking mountain","5","3","RMR2+JH","Kabupaten Buleleng","Bali","ID",,"","Area Mendaki",,,,,,,,,,"https://www.google.com/maps/search/?api=1&query=Trekking%20mountain&query_place_id=ChIJt0G3SQBv0S0RC_IDa3Gwh1E","Area Mendaki"
"Gn. Gondol","4.7","12",,"Kabupaten Buleleng","Bali","ID",,"","Puncak Gunung",,,,,,,,,,"https://www.google.com/maps/search/?api=1&query=Gn.%20Gondol&query_place_id=ChIJQX3CzNdx0S0Rmg_2AnSGGHA","Puncak Gunung"
"Gn. Tirta",,,,"Kabupaten Buleleng","Bali","ID",,"","Puncak Gunung",,,,,,,,,,"https://www.google.com/maps/search/?api=1&query=Gn.%20Tirta&query_place_id=ChIJz83yualv0S0RB4gZTy5Gu8o","Puncak Gunung"
"Gn. Salak",,,,"Kabupaten Jembrana","Bali","ID",,"","Puncak Gunung",,,,,,,,,,"https://www.google.com/maps/search/?api=1&query=Gn.%20Salak&query_place_id=ChIJ5fPO83580S0Rf3DPUBdTcSo","Puncak Gunung"
"Gn. Patra","4","1",,"Kabupaten Jembrana","Bali","ID",,"","Puncak Gunung",,,,,,,,,,"https://www.google.com/maps/search/?api=1&query=Gn.%20Patra&query_place_id=ChIJzTEVpb5m0S0R0vnA4mrIQH0","Puncak Gunung"
"Gn. Melaya","5","1",,"Kabupaten Jembrana","Bali","ID",,"","Puncak Gunung",,,,,,,,,,"https://www.google.com/maps/search/?api=1&query=Gn.%20Melaya&query_place_id=ChIJZYZLrttn0S0R1FXM7PP9AG8","Puncak Gunung"
"Gn. Sari",,,,"Kabupaten Jembrana","Bali","ID",,"","Puncak Gunung",,,,,,,,,,"https://www.google.com/maps/search/?api=1&query=Gn.%20Sari&query_place_id=ChIJUfChJY5j0S0RQAmIJAbDSV0","Puncak Gunung"
"Gn. Bratan","5","6",,"Kabupaten Buleleng","Bali","ID",,"","Puncak Gunung",,,,,,,,,,"https://www.google.com/maps/search/?api=1&query=Gn.%20Bratan&query_place_id=ChIJgyDqUpRu0S0RW69Bxx16mC0","Puncak Gunung"
"Gn. Huluteluktrima",,,,"Kabupaten Buleleng","Bali","ID",,"","Puncak Gunung",,,,,,,,,,"https://www.google.com/maps/search/?api=1&query=Gn.%20Huluteluktrima&query_place_id=ChIJ7U_PAkFo0S0RDwK39tBDPYo","Puncak Gunung"
"Gn. Kemong",,,,"Kabupaten Buleleng","Bali","ID",,"","Puncak Gunung",,,,,,,,,,"https://www.google.com/maps/search/?api=1&query=Gn.%20Kemong&query_place_id=ChIJn-yQXRZw0S0RXBsoqporDfY","Puncak Gunung"
"Gn. Bangkiangjaran",,,,"Kabupaten Jembrana","Bali","ID",,"","Puncak Gunung",,,,,,,,,,"https://www.google.com/maps/search/?api=1&query=Gn.%20Bangkiangjaran&query_place_id=ChIJPwOMxm1o0S0REZKOa-Nw1uc","Puncak Gunung"
"Gn. Lalang","4.5","2",,"Kabupaten Jembrana","Bali","ID",,"","Puncak Gunung",,,,,,,,,,"https://www.google.com/maps/search/?api=1&query=Gn.%20Lalang&query_place_id=ChIJ6bPiGolj0S0Rg2Otz4Qg-Pw","Puncak Gunung"
"Pasar Badung","4.5","18297","Jl. Sulawesi","Kota Denpasar","Bali","ID",,"","Pasar tradisional","Pasar",,,,,,,,,"https://www.google.com/maps/search/?api=1&query=Pasar%20Badung&query_place_id=ChIJEcsIC6JA0i0RXn4iHsIOYMA","Pasar tradisional"
"Sanur Market","3.6","52","8767+Q5X, Unnamed Road","Kota Denpasar","Bali","ID",,"","Pasar",,,,,,,,,,"https://www.google.com/maps/search/?api=1&query=Sanur%20Market&query_place_id=ChIJcWkomqxB0i0RUTJnFtQWZ-0","Pasar"
"Kuta Market","4.3","1046","Jalan Raya","Kabupaten Badung","Bali","ID",,"","Pasar tradisional","Pasar","Toko Suvenir",,,,,,,,"https://www.google.com/maps/search/?api=1&query=Kuta%20Market&query_place_id=ChIJK_gL6LpG0i0R1rGydI_X1NU","Pasar tradisional"
"Pepito Market","4.4","987","Jl. Hayam Wuruk No.158","Kota Denpasar","Bali","ID","http://pepitosupermarket.com/","+62 817-4871-287","Toko Swalayan","Toko bahan makanan",,,,,,,,,"https://www.google.com/maps/search/?api=1&query=Pepito%20Market&query_place_id=ChIJv0Hh7V1A0i0RUalQuXA2aa4","Toko Swalayan"
"Pepito Market Uluwatu","4.5","1910","Jl. Raya Uluwatu","Kabupaten Badung","Bali","ID","http://pepitosupermarket.com/","+62 817-4871-244","Toko Swalayan","Toko Minuman Keras",,,,,,,,,"https://www.google.com/maps/search/?api=1&query=Pepito%20Market%20Uluwatu&query_place_id=ChIJ9a4RTM9E0i0RNVFjR3-HLp4","Toko Swalayan"
"Gourmet Market Jimbaran by Pepito","4.6","2464","Jl. Raya Uluwatu No.138","Kabupaten Badung","Bali","ID","http://www.gourmetmarket.co.id/","+62 817-4871-288","Toko bahan makanan","Toko Swalayan",,,,,,,,,"https://www.google.com/maps/search/?api=1&query=Gourmet%20Market%20Jimbaran%20by%20Pepito&query_place_id=ChIJe7mQybhF0i0R0xFsVElQQdw","Toko bahan makanan"
"Pasar Taman Griya","4.3","947","657Q+J75, Jl. Danau Bratan Timur","Kabupaten Badung","Bali","ID",,"","Pasar tradisional",,,,,,,,,,"https://www.google.com/maps/search/?api=1&query=Pasar%20Taman%20Griya&query_place_id=ChIJz3cYeJ1E0i0RmOyOlD-3mmw","Pasar tradisional"
"Pepito Market Pererenan","4.1","432","Pepito Market Pererenan","Kabupaten Badung","Bali","ID","http://www.pepitosupermarket.com/","+62 817-4871-294","Toko Swalayan","ATM",,,,,,,,,"https://www.google.com/maps/search/?api=1&query=Pepito%20Market%20Pererenan&query_place_id=ChIJP21feFw40i0RwF3vqCb-1UI","Toko Swalayan"
"The Market","4.5","14","86C5+2QC, Jl. Satelit","Kota Denpasar","Bali","ID",,"+62 895-1432-1101","Toko bahan makanan",,,,,,,,,,"https://www.google.com/maps/search/?api=1&query=The%20Market&query_place_id=ChIJkd-LJsNA0i0R1fTIdqesaCk","Toko bahan makanan"
"Taman Sari Market","4.4","767","Jl. Gn. Tangkuban Perahu No.1","Kabupaten Badung","Bali","ID",,"","Pasar tradisional",,,,,,,,,,"https://www.google.com/maps/search/?api=1&query=Taman%20Sari%20Market&query_place_id=ChIJO23SJkBH0i0RZqmIQ12aqfM","Pasar tradisional"
"Pasar Batan Kendal","4.3","990","Jl. Mertasari No.643","Kota Denpasar","Bali","ID",,"+62 361 723522","Pasar","Toko",,,,,,,,,"https://www.google.com/maps/search/?api=1&query=Pasar%20Batan%20Kendal&query_place_id=ChIJpwh6GHNB0i0Ry3L_mvW5D7M","Pasar"
"Pasar Kreneng","4.4","8864","Jl. Rijasa","Kota Denpasar","Bali","ID",,"","Pasar tradisional","Pasar",,,,,,,,,"https://www.google.com/maps/search/?api=1&query=Pasar%20Kreneng&query_place_id=ChIJ_RfwtoRA0i0RyDCUR8I0tZs","Pasar tradisional"
"Pepito Market Eco Beach","4.4","1613","Jl. Pantai Batu Bolong","Kabupaten Badung","Bali","ID","http://www.pepitosupermarket.com/","+62 877-0005-9888","Toko Swalayan",,,,,,,,,,"https://www.google.com/maps/search/?api=1&query=Pepito%20Market%20Eco%20Beach&query_place_id=ChIJDQcyMIg40i0Rls46mg2olsc","Toko Swalayan"
"Pepito Market Canggu","4.4","1771","Jl. Raya Canggu No.101X","Kabupaten Badung","Bali","ID","http://www.pepitosupermarket.co.id/","+62 817-4871-289","Toko Swalayan",,,,,,,,,,"https://www.google.com/maps/search/?api=1&query=Pepito%20Market%20Canggu&query_place_id=ChIJw-l8n5A40i0RiWKvH3jAkEI","Toko Swalayan"
"Sindhu Night Market","4.3","1731","8776+W29, Jl. Pasar No.2","Kota Denpasar","Bali","ID",,"","Pasar Malam","Pasar",,,,,,,,,"https://www.google.com/maps/search/?api=1&query=Sindhu%20Night%20Market&query_place_id=ChIJh9SNZDVA0i0RzptNzMnYR8M","Pasar Malam"
"Pasar Muding Sari","4.3","600","Jl. Gunung Sanghyang No.278","Kabupaten Badung","Bali","ID",,"","Pasar","Pasar tradisional",,,,,,,,,"https://www.google.com/maps/search/?api=1&query=Pasar%20Muding%20Sari&query_place_id=ChIJfahI7qU40i0RFnm54mlfGfA","Pasar"
"Pepito Market Gatot Subroto","4.4","567","Jl. Gatot Subroto Tim. No.207","Kota Denpasar","Bali","ID","http://pepitosupermarket.com/","+62 817-4871-297","Toko Swalayan",,,,,,,,,,"https://www.google.com/maps/search/?api=1&query=Pepito%20Market%20Gatot%20Subroto&query_place_id=ChIJbwarW1A_0i0RZEsT8JJcmhg","Toko Swalayan"
"Daun The Gift Shop","4.9","214","Kuta Square Blok E 25-27, Jl. Bakung Sari","Kabupaten Badung","Bali","ID","http://www.daunthegiftshop.com/","+62 815-5850-0312","Toko Suvenir",,,,,,,,,,"https://www.google.com/maps/search/?api=1&query=Daun%20The%20Gift%20Shop&query_place_id=ChIJl6n6V6NG0i0Rm7cockWIpr4","Toko Suvenir"
"Sesari gift & souvenirs","5","22","Jl. Danau Tamblingan No.170","Kota Denpasar","Bali","ID",,"","Toko Suvenir",,,,,,,,,,"https://www.google.com/maps/search/?api=1&query=Sesari%20gift%20%26%20souvenirs&query_place_id=ChIJ-3cvzcdB0i0RWs89fyWGarM","Toko Suvenir"
"Souvenir Moment Bali (Souvenir Pernikahan Bali)","4.8","61","Jl. Gemitir No.32","Kota Denpasar","Bali","ID","http://www.souvenirmoment.com/","+62 817-9789-600","Toko Suvenir",,,,,,,,,,"https://www.google.com/maps/search/?api=1&query=Souvenir%20Moment%20Bali%20(Souvenir%20Pernikahan%20Bali)&query_place_id=ChIJFZxJivQ_0i0R_MVMM-gE-V8","Toko Suvenir"
"Kampung Souvenir - Pusat Daster dan Oleh Oleh Khas Bali","4.9","674","Jl. Mertasari No.50B","Kota Denpasar","Bali","ID","https://kampungsouvenir.com/","+62 819-9992-1296","Toko Suvenir",,,,,,,,,,"https://www.google.com/maps/search/?api=1&query=Kampung%20Souvenir%20-%20Pusat%20Daster%20dan%20Oleh%20Oleh%20Khas%20Bali&query_place_id=ChIJLQfZcRBB0i0Ru2K_F1i11tY","Toko Suvenir"
"The Keranjang Bali","4.8","42228","Jl. Bypass Ngurah Rai No.97","Kabupaten Badung","Bali","ID","https://thekeranjangbali.com/","+62 361 4755575","Toko Suvenir","Pusat Perbelanjaan",,,,,,,,,"https://www.google.com/maps/search/?api=1&query=The%20Keranjang%20Bali&query_place_id=ChIJE3N6eqhG0i0RckSPuw726-A","Toko Suvenir"
"Jemba Jemba Souvenir","4.7","26","Jl. Terompong No.5","Kabupaten Badung","Bali","ID","http://jembasouvenir.carrd.co/","+62 812-3142-3384","Toko Suvenir",,,,,,,,,,"https://www.google.com/maps/search/?api=1&query=Jemba%20Jemba%20Souvenir&query_place_id=ChIJ8cH4K09D0i0RcEB5Lko--6g","Toko Suvenir"
"Krisna Oleh Oleh Bali Bypass","4.6","16511","Jl. Bypass Ngurah Rai","Kabupaten Badung","Bali","ID","http://krisnabali.co.id/","+62 361 4756333","Toko Suvenir",,,,,,,,,,"https://www.google.com/maps/search/?api=1&query=Krisna%20Oleh%20Oleh%20Bali%20Bypass&query_place_id=ChIJHRld3ahG0i0Rgffy4dR0wwQ","Toko Suvenir"
"Krisna Oleh-Oleh Khas Bali Desa Wisata Blangsinga","4.7","2207","Jl. Raya Blangsinga","Kabupaten Gianyar","Bali","ID","https://krisnabali.co.id/krisna-desa-wisata-blangsinga/","+62 811-3982-341","Toko Suvenir",,,,,,,,,,"https://www.google.com/maps/search/?api=1&query=Krisna%20Oleh-Oleh%20Khas%20Bali%20Desa%20Wisata%20Blangsinga&query_place_id=ChIJN_oNkvAV0i0RoXdkLA9pOBM","Toko Suvenir"
"KRISNA Oleh-Oleh Khas Bali - Samasta Jimbaran","4.3","368","Jl. Wanagiri","Kabupaten Badung","Bali","ID","https://krisnabali.co.id/","","Toko Suvenir",,,,,,,,,,"https://www.google.com/maps/search/?api=1&query=KRISNA%20Oleh-Oleh%20Khas%20Bali%20-%20Samasta%20Jimbaran&query_place_id=ChIJzX19We1E0i0RSMGbh0As0j8","Toko Suvenir"
"Bali Agung Souvenir ( Souvenir Pernikahan Bali) )","4.7","23","Jl. Cokroaminoto Gg. Kamboja No.8","Kota Denpasar","Bali","ID",,"+62 857-3944-3155","Toko Suvenir",,,,,,,,,,"https://www.google.com/maps/search/?api=1&query=Bali%20Agung%20Souvenir%20(%20Souvenir%20Pernikahan%20Bali)%20)&query_place_id=ChIJ0Rh1sUc_0i0Rk6WwzVaVIjI","Toko Suvenir"
"Erlangga 2 Pusat Oleh-oleh Bali","4.6","11969","Jl. Nusa Kambangan No.162","Kota Denpasar","Bali","ID",,"+62 361 228860","Toko Suvenir",,,,,,,,,,"https://www.google.com/maps/search/?api=1&query=Erlangga%202%20Pusat%20Oleh-oleh%20Bali&query_place_id=ChIJCXXTXb9A0i0RKbBT4Pk07Gc","Toko Suvenir"
"Uluwatu Souvenir","4.6","13","Jl. Raya Uluwatu Jl. Raya Uluwatu Pecatu","Kabupaten Badung","Bali","ID",,"+62 878-6220-1021","Toko Suvenir",,,,,,,,,,"https://www.google.com/maps/search/?api=1&query=Uluwatu%20Souvenir&query_place_id=ChIJla_2DQBb0i0R25UMrNA6nuw","Toko Suvenir"
"The Collective Shop","4.9","216","Jl. Labuansait No.54","Kabupaten Badung","Bali","ID",,"+62 812-3901-0381","Toko Suvenir","Toko Kerajinan Tangan",,,,,,,,,"https://www.google.com/maps/search/?api=1&query=The%20Collective%20Shop&query_place_id=ChIJP5V8QjpF0i0RLok3nepQpfU","Toko Suvenir"
"Unagi Handicraft","4.5","475","Jl. Teuku Umar Barat Jl. Marlboro No.383","Kota Denpasar","Bali","ID","http://unagihandycraft.com/","+62 812-2700-1152","Toko Suvenir",,,,,,,,,,"https://www.google.com/maps/search/?api=1&query=Unagi%20Handicraft&query_place_id=ChIJObHjZzRH0i0RGi8b1c2fzGc","Toko Suvenir"
"Kencana Souvenir","3.9","33","55R8+CVW, Jl. Kw. Garuda Wisnu Kencana","Kabupaten Badung","Bali","ID","http://www.gwkbali.com/","+62 361 700808","Toko Suvenir",,,,,,,,,,"https://www.google.com/maps/search/?api=1&query=Kencana%20Souvenir&query_place_id=ChIJrym_HlNF0i0RwgKOF2lRXwg","Toko Suvenir"
"Daun the gift shop","4.9","33","Jl. Sudamala ruko No.15D","Kota Denpasar","Bali","ID","http://www.daunthegiftshop.com/","+62 361 756253","Toko",,,,,,,,,,"https://www.google.com/maps/search/?api=1&query=Daun%20the%20gift%20shop&query_place_id=ChIJ17mdBj9B0i0RUOve-bt5AkQ","Toko"
"Pasar Desa Jimbaran","4.3","678","Jl. Uluwatu I No.26","Kabupaten Badung","Bali","ID",,"","Pasar",,,,,,,,,,"https://www.google.com/maps/search/?api=1&query=Pasar%20Desa%20Jimbaran&query_place_id=ChIJ5eNEvWNE0i0RAtpuTJBRf2I","Pasar"
"Pepito Market Petitenget","4.4","1051","Jl. Petitenget No.18, Kerobokan Kelod, Kuta Utara","Kabupaten Badung","Bali","ID","https://pepitosupermarket.com/","+62 877-0002-1888","Toko Swalayan",,,,,,,,,,"https://www.google.com/maps/search/?api=1&query=Pepito%20Market%20Petitenget&query_place_id=ChIJQxPax2xH0i0Rv5wxJbU7dmM","Toko Swalayan"
"Pasar Desa Kelan","4.3","637","Jl. Raya Uluwatu No.89X","Kabupaten Badung","Bali","ID",,"","Pasar",,,,,,,,,,"https://www.google.com/maps/search/?api=1&query=Pasar%20Desa%20Kelan&query_place_id=ChIJx3wRCw1E0i0RpVfd0N_n9tg","Pasar"
"Treasure Baliniki Market Canggu","4.5","62","Jalan Short cut No.7","Kabupaten Badung","Bali","ID","https://www.instagram.com/canggutreasuremarket?igsh=MXkwNXZ2bzFlajBoYw==","+62 877-8847-6153","Pasar Grosir Pakaian",,,,,,,,,,"https://www.google.com/maps/search/?api=1&query=Treasure%20Baliniki%20Market%20Canggu&query_place_id=ChIJI7cuZ0s50i0R1ftrd6N62Dg","Pasar Grosir Pakaian"
"West Bali National Park Tour","5","228","Jl. Anggur Dusun Goris Asri","Kabupaten Buleleng","Bali","ID","https://www.westbalinationalparktour.com/","+62 821-4625-2805","Penyelenggara aktivitas luar ruangan","Pusat Olahraga Petualangan","Area Pengamatan Burung","Pemandu pendakian","Biro Wisata Bawah Laut","Penyelenggara Perjalanan","Tujuan Wisata",,,,"https://www.google.com/maps/search/?api=1&query=West%20Bali%20National%20Park%20Tour&query_place_id=ChIJEQyJSrVp0S0RQtnS1_zDUwA","Penyelenggara aktivitas luar ruangan"
"Plataran L'Harmonie - West Bali National Park","4.7","30","West Bali National Park, Jl. Seririt-Gilimanuk","Singaraja","Bali","ID","https://plataran.com/property/plataran-lharmonie-west-bali/","+62 361 411388","Cagar Alam","Taman margasatwa",,,,,,,,,"https://www.google.com/maps/search/?api=1&query=Plataran%20L'Harmonie%20-%20West%20Bali%20National%20Park&query_place_id=ChIJl0N0m5pp0S0Rp4jQYcvmChg","Cagar Alam"
"Tourist Information Centre.Bali Barat National Park","4.5","22","Jl. Raya Denpasar - Gilimanuk Cekik - Seririt","Kabupaten Jembrana","Bali","ID","https://whatsapp.com/channel/0029VaAPpte1NCrPnRf3Zt1M","+62 819-3167-5011","Pusat Pengunjung","Area Pengamatan Burung","Area Mendaki","Penyelenggara aktivitas luar ruangan","Penyelenggara Perjalanan","Tujuan Wisata","Pusat Informasi Pariwisata",,,,"https://www.google.com/maps/search/?api=1&query=Tourist%20Information%20Centre.Bali%20Barat%20National%20Park&query_place_id=ChIJxVgJfGVD0S0RidEO_GDwcN4","Pusat Pengunjung"
"The National Park Villa with Private Pool","5","1",,"Kabupaten Buleleng","Bali","ID","https://www.booking.com/hotel/id/the-national-park-villa.en-gb.html?aid=2068758&utm_source=seogooglelocal&utm_medium=description&utm_term=hotel-15142202&utm_campaign=en-gb&label=seogooglelocal-link-imagesaow-hotel-15142202_grp-2_gendate-20260426","","Vila","Persewaan liburan",,,,,,,,,"https://www.google.com/maps/search/?api=1&query=The%20National%20Park%20Villa%20with%20Private%20Pool&query_place_id=ChIJe9JxG_du0S0R1m46HyFI8G4","Vila"
"Ali snorkling Bali menjangan(West Bali) National Park office","4.3","31","Jl. Banyuwedang","Kabupaten Buleleng","Bali","ID","https://www.instagram.com/alicruzbali?igsh=NWx6cTRkdzYyZDVl","+62 878-4305-4819","Taman Nasional","Biro Wisata Bawah Laut",,,,,,,,,"https://www.google.com/maps/search/?api=1&query=Ali%20snorkling%20Bali%20menjangan(West%20Bali)%20National%20Park%20office&query_place_id=ChIJFdsr1Rdp0S0RSxvO-EeYzDE","Taman Nasional"
"Bumi Perkemahan Balai Taman Nasional Bali Barat","4.4","119","RC5R+RXG, Jl. Raya Denpasar - Gilimanuk","Kabupaten Jembrana","Bali","ID","https://florence-recomends-you.eu/campgrounds-hall-west-bali-national-park-indonesia","","Bumi perkemahan",,,,,,,,,,"https://www.google.com/maps/search/?api=1&query=Bumi%20Perkemahan%20Balai%20Taman%20Nasional%20Bali%20Barat&query_place_id=ChIJmzbUQG9D0S0RqOX9sIexv5s","Bumi perkemahan"
"Gilimanuk","4.6","36","RCQQ+343, Jl. Raya Denpasar - Gilimanuk","Kabupaten Jembrana","Bali","ID",,"","Hutan Nasional",,,,,,,,,,"https://www.google.com/maps/search/?api=1&query=Gilimanuk&query_place_id=ChIJmaaxXABD0S0RI5c2Nx9krD4","Hutan Nasional"
"SPTN Wilayah II Buleleng","3.5","200",,"Kabupaten Buleleng","Bali","ID",,"+62 813-3807-8010","Tujuan Wisata",,,,,,,,,,"https://www.google.com/maps/search/?api=1&query=SPTN%20Wilayah%20II%20Buleleng&query_place_id=ChIJDf6KxU5C0S0Rs1fNLHxRXUk","Tujuan Wisata"
"Kantor Taman Nasional Menjangan","4.6","252","WG33+M63","Kabupaten Buleleng","Bali","ID",,"","Taman",,,,,,,,,,"https://www.google.com/maps/search/?api=1&query=Kantor%20Taman%20Nasional%20Menjangan&query_place_id=ChIJFxZbMcpB0S0RuC5EmTwk_ug","Taman"
"The National Park Villa","5","1","Jl. Singaraja-Gilimanuk Gg 15 , Pemuteran, Kec. Gerokgak","Kabupaten Buleleng","Bali","ID",,"+62 813-3917-2186","Vila",,,,,,,,,,"https://www.google.com/maps/search/?api=1&query=The%20National%20Park%20Villa&query_place_id=ChIJ2RhVnkNv0S0R3P9x5ZtDUJ0","Vila"
"Taman Nasional Bali Barat Akses Karangsewu","4.3","9","Arum Timur, Jl. Jalak Putih","Kabupaten Jembrana","Bali","ID","https://btnbalibarat.com/","+62 822-4747-5988","Area Rekreasi Alam",,,,,,,,,,"https://www.google.com/maps/search/?api=1&query=Taman%20Nasional%20Bali%20Barat%20Akses%20Karangsewu&query_place_id=ChIJuUE2GN9D0S0R1CMflBjr8u8","Area Rekreasi Alam"
"pantai asri segera","5","1","VJ8M+PP pantai kelapa satu","Kabupaten Buleleng","Bali","ID",,"","Area Rekreasi Alam",,,,,,,,,,"https://www.google.com/maps/search/?api=1&query=pantai%20asri%20segera&query_place_id=ChIJaUyQj1lv0S0RrPjHLpJgv68","Area Rekreasi Alam"
"Alam Karangsewu","4.6","216","RCHR+3Q7, Jl. Jalak Putih","Kabupaten Jembrana","Bali","ID",,"","Area Rekreasi Alam",,,,,,,,,,"https://www.google.com/maps/search/?api=1&query=Alam%20Karangsewu&query_place_id=ChIJo5Ki_x1D0S0RsBUhQp0s8Ok","Area Rekreasi Alam"
"Pantai Karangsewu, Balai Taman Nasional Bali Barat","4.5","157","RCHV+FPH","Kabupaten Jembrana","Bali","ID",,"","Tujuan Wisata",,,,,,,,,,"https://www.google.com/maps/search/?api=1&query=Pantai%20Karangsewu%2C%20Balai%20Taman%20Nasional%20Bali%20Barat&query_place_id=ChIJSezUZD9D0S0RdZGY7RrQn1I","Tujuan Wisata"
"Museum Manusia Purba Gilimanuk","4.4","139","Jl. Rajawali","Kabupaten Jembrana","Bali","ID",,"","Museum","Tujuan Wisata",,,,,,,,,"https://www.google.com/maps/search/?api=1&query=Museum%20Manusia%20Purba%20Gilimanuk&query_place_id=ChIJVXRZNoVD0S0R0fAMQsTp6Ls","Museum"
"Museum Situs Purbakala","4.3","44","JL. Melaya, Gilimanuk","Kabupaten Jembrana","Bali","ID",,"+62 365 61328","Museum arkeologi","Museum","Tujuan Wisata",,,,,,,,"https://www.google.com/maps/search/?api=1&query=Museum%20Situs%20Purbakala&query_place_id=ChIJc9uwrXpD0S0ROHFHphKPa5U","Museum arkeologi"
"Monumen Lembah Merdeka","4.5","15","MJJX+G3H, Jalan","Kabupaten Jembrana","Bali","ID",,"","Museum",,,,,,,,,,"https://www.google.com/maps/search/?api=1&query=Monumen%20Lembah%20Merdeka&query_place_id=ChIJuX5dvLZj0S0Rvgc-4Z_jQKs","Museum"
"Tinga Tinga","5","6","QRXV+FVF","Kabupaten Buleleng","Bali","ID",,"+62 859-5449-0124","Museum",,,,,,,,,,"https://www.google.com/maps/search/?api=1&query=Tinga%20Tinga&query_place_id=ChIJqWNdePR50S0Rd-rbRr3WMus","Museum"
"Pendopo Agung Gajah Mada","4.3","3","WG4G+VPF, Unnamed Road","Kabupaten Buleleng","Bali","ID",,"","Museum",,,,,,,,,,"https://www.google.com/maps/search/?api=1&query=Pendopo%20Agung%20Gajah%20Mada&query_place_id=ChIJacf3fcRr0S0Rv15ciaerXCo","Museum"
"Jeron Mangku Prajapati Candikusuma","4.8","11","PG7H+CH8, Jl. Pangkung Belatung","Kabupaten Jembrana","Bali","ID",,"+62 877-6273-6350","Museum",,,,,,,,,,"https://www.google.com/maps/search/?api=1&query=Jeron%20Mangku%20Prajapati%20Candikusuma&query_place_id=ChIJ3yiko1Zn0S0RrirSrYwwrI8","Museum"
"Dermaga Nusa Menjangan","4.6","138","WG3G+CPR","Kabupaten Buleleng","Bali","ID",,"","Museum",,,,,,,,,,"https://www.google.com/maps/search/?api=1&query=Dermaga%20Nusa%20Menjangan&query_place_id=ChIJIVBc2RJr0S0RR3UnHCB_Cjw","Museum"
"Tongos Nunas Raos Goris","4.8","20","RHXP+62H, Unnamed Road","Kabupaten Buleleng","Bali","ID",,"","Museum",,,,,,,,,,"https://www.google.com/maps/search/?api=1&query=Tongos%20Nunas%20Raos%20Goris&query_place_id=ChIJW3D5Pk5p0S0RkabSQmu4dxo","Museum"
"Istana jimbarwana_bali","4","6","MMG8+MP7","Kabupaten Jembrana","Bali","ID",,"","Museum",,,,,,,,,,"https://www.google.com/maps/search/?api=1&query=Istana%20jimbarwana_bali&query_place_id=ChIJRVlThPlj0S0RT3hlzAfVMKA","Museum"
"PUNCAK TIRTA Manggis Sari","4.7","37","JVCP+23","Kabupaten Jembrana","Bali","ID",,"+62 812-8141-2784","Area Rekreasi Alam",,,,,,,,,,"https://www.google.com/maps/search/?api=1&query=PUNCAK%20TIRTA%20Manggis%20Sari&query_place_id=ChIJw2EpxVfV0y0RcXCIkLL3ssU","Area Rekreasi Alam"
"Menjangan Tour Activity","5","20","RHVM+4FV","Kabupaten Buleleng","Bali","ID",,"+62 822-2586-9542","Tujuan Wisata",,,,,,,,,,"https://www.google.com/maps/search/?api=1&query=Menjangan%20Tour%20Activity&query_place_id=ChIJ_VAMqfJp0S0RFTrephxuSq4","Tujuan Wisata"
"Family tour","5","2",,"Kabupaten Jembrana","Bali","ID",,"+62 852-3883-0884","Tujuan Wisata",,,,,,,,,,"https://www.google.com/maps/search/?api=1&query=Family%20tour&query_place_id=ChIJuZvuepld0S0RImeHclheI7g","Tujuan Wisata"
"Bunut Bolong","4.5","1122",,"Kabupaten Jembrana","Bali","ID",,"+62 365 41210","Tujuan Wisata",,,,,,,,,,"https://www.google.com/maps/search/?api=1&query=Bunut%20Bolong&query_place_id=ChIJ5QwsEDrV0y0RLIItzr4Vztk","Tujuan Wisata"
"Biorock Pemuteran","4.6","340","VM34+MFC, Sea","Kabupaten Buleleng","Bali","ID","http://www.biorock-indonesia.com/","+62 852-3808-2285","Tujuan Wisata",,,,,,,,,,"https://www.google.com/maps/search/?api=1&query=Biorock%20Pemuteran&query_place_id=ChIJ5VA6rPJu0S0RwahEKsFHIMM","Tujuan Wisata"
"Pantai Candikusuma","4.1","321","MGV9+54Q","Kabupaten Jembrana","Bali","ID",,"","Tujuan Wisata",,,,,,,,,,"https://www.google.com/maps/search/?api=1&query=Pantai%20Candikusuma&query_place_id=ChIJBx2u_xte0S0R-FTCqwXoApo","Tujuan Wisata"
"Taman Pecangakan - Negara","4.5","1381","JJRP+QP3, Jl. Surapati","Kabupaten Jembrana","Bali","ID",,"+62 859-2578-9656","Tujuan Wisata","Taman",,,,,,,,,"https://www.google.com/maps/search/?api=1&query=Taman%20Pecangakan%20-%20Negara&query_place_id=ChIJnbIRfg5i0S0RPWWAoRtSroo","Tujuan Wisata"
"Menjangan Island","4.9","23","WG38+M8F","Kabupaten Buleleng","Bali","ID","http://baliexploring.com/","","Tujuan Wisata",,,,,,,,,,"https://www.google.com/maps/search/?api=1&query=Menjangan%20Island&query_place_id=ChIJ5exiNQAn0i0RX-FYCPmjlSA","Tujuan Wisata"
"Perancak Sunset Point","4.5","274","Unnamed Road","Kabupaten Jembrana","Bali","ID",,"","Tujuan Wisata",,,,,,,,,,"https://www.google.com/maps/search/?api=1&query=Perancak%20Sunset%20Point&query_place_id=ChIJs0kt2yXf0y0RSEmTixb_zwU","Tujuan Wisata"
"agro eco tourism giri amerta",,,"Banjar Yeh Buah","Yehembang Kuah","Bali","ID",,"+62 812-8455-4375","Tujuan Wisata",,,,,,,,,,"https://www.google.com/maps/search/?api=1&query=agro%20eco%20tourism%20giri%20amerta&query_place_id=ChIJW5KcxvN90S0RaqBuZcxcByI","Tujuan Wisata"
"Transportation & Snorkeling Menjangan Island",,,"Jl. Melati","Kabupaten Buleleng","Bali","ID","http://www.menjangantrip.com/","+62 812-4698-2583","Tujuan Wisata","Pusat Informasi Pariwisata",,,,,,,,,"https://www.google.com/maps/search/?api=1&query=Transportation%20%26%20Snorkeling%20Menjangan%20Island&query_place_id=ChIJW-xwDQBp0S0RKsMMz8bpv-I","Tujuan Wisata"
"Medewi Tour and Excursions","5","9","Jalan Desa","Kabupaten Jembrana","Bali","ID","https://www.medewitourexcursions.com/","+62 812-1708-1900","Tujuan Wisata",,,,,,,,,,"https://www.google.com/maps/search/?api=1&query=Medewi%20Tour%20and%20Excursions&query_place_id=ChIJHVwLlWfV0y0Ro4gyCgEp4Wo","Tujuan Wisata"
"The Point Rightender Surfing Pulukan","4.6","30","HRG5+X7R","Kabupaten Jembrana","Bali","ID",,"+62 878-9736-4144","Tujuan Wisata",,,,,,,,,,"https://www.google.com/maps/search/?api=1&query=The%20Point%20Rightender%20Surfing%20Pulukan&query_place_id=ChIJM-w5IcfX0y0RSnN29fv2b0Q","Tujuan Wisata"
"Celukan Bawang Bali Tour","5","25",,"Kabupaten Buleleng","Bali","ID",,"+62 851-7697-3439","Tujuan Wisata","Agen Tur Keliling Kota","Layanan Taksi","Layanan Transportasi","Pusat Informasi Pariwisata","Biro Perjalanan dan Wisata",,,,,"https://www.google.com/maps/search/?api=1&query=Celukan%20Bawang%20Bali%20Tour&query_place_id=ChIJo1uO4xJ30S0RqyXSKBgPYcE","Tujuan Wisata"
"CENTRAMATA | Souvenirs Shop Bali | Worldwide Shipping","4.8","35","Gg. J No.11","Kota Denpasar","Bali","ID","http://www.centramata.com/","+62 851-7164-6165","Toko Suvenir",,,,,,,,,,"https://www.google.com/maps/search/?api=1&query=CENTRAMATA%20%7C%20Souvenirs%20Shop%20Bali%20%7C%20Worldwide%20Shipping&query_place_id=ChIJ4QviPE9B0i0RaEElOMRY8ik","Toko Suvenir"
"Agung Bali Oleh - oleh","4.4","4205","Agung Bali Oleh - Oleh, Jl. Dewi Sri No.18XX","Kabupaten Badung","Bali","ID","https://agungbalioleholeh.com/","+62 361 4753008","Toko Suvenir","Pusat Perbelanjaan","Toko",,,,,,,,"https://www.google.com/maps/search/?api=1&query=Agung%20Bali%20Oleh%20-%20oleh&query_place_id=ChIJPX-NgdpG0i0R1e_3xLEiatE","Toko Suvenir"
"Bali Home Shopping","4.1","12","Ruko Wanasegara, Jl. Wana Segara No.14","Kabupaten Badung","Bali","ID","http://balihomeshopping.com/","+62 877-5476-5737","Produsen suvenir","Pasar pakaian","Toko Suvenir",,,,,,,,"https://www.google.com/maps/search/?api=1&query=Bali%20Home%20Shopping&query_place_id=ChIJVQng559H0i0RznuUogTZMnA","Produsen suvenir"
"Market canggu family","4.1","13","84WH+R35, Jl. Pantai Batu Mejan","Kabupaten Badung","Bali","ID",,"+62 813-3981-4771","Pusat Perbelanjaan",,,,,,,,,,"https://www.google.com/maps/search/?api=1&query=Market%20canggu%20family&query_place_id=ChIJZTh3Y4k50i0Rp1hthnDR3Ws","Pusat Perbelanjaan"
"Pasar Pengosari ᬧᬲᬃ​ᬧᬾᬗᭀᬲᬭᬶ᭟​","4.2","788","Jalan Raya Canggu Kerobokan, Kuta, Jl. Raya Canggu No.7","Kabupaten Badung","Bali","ID",,"+62 831-1992-8200","Pasar tradisional","Pasar",,,,,,,,,"https://www.google.com/maps/search/?api=1&query=Pasar%20Pengosari%20%E1%AC%A7%E1%AC%B2%E1%AC%83%E2%80%8B%E1%AC%A7%E1%AC%BE%E1%AC%97%E1%AD%80%E1%AC%B2%E1%AC%AD%E1%AC%B6%E1%AD%9F%E2%80%8B&query_place_id=ChIJdbXvn6M40i0RvMCIDO3no3A","Pasar tradisional"
"Open Night Market","4.5","425","Jl. Raya Kerobokan No.14","Kabupaten Badung","Bali","ID",,"","Pujasera","Pasar Malam",,,,,,,,,"https://www.google.com/maps/search/?api=1&query=Open%20Night%20Market&query_place_id=ChIJWQfyr2pH0i0RQZQKlod_P58","Pujasera"
"TREASURE MARKET CANGGU","4.1","11","Jl. Pantai Batu Mejan No.33","Kabupaten Badung","Bali","ID",,"+62 813-3948-0087","Pusat Perbelanjaan",,,,,,,,,,"https://www.google.com/maps/search/?api=1&query=TREASURE%20MARKET%20CANGGU&query_place_id=ChIJRWtDSUI50i0RN0qF5xMUKqo","Pusat Perbelanjaan"
"Local Fruit And Vegetable Market","4.5","269","Jl. Raya Taman No.88","Kabupaten Badung","Bali","ID",,"","Pasar",,,,,,,,,,"https://www.google.com/maps/search/?api=1&query=Local%20Fruit%20And%20Vegetable%20Market&query_place_id=ChIJf6z-RT1H0i0RIAh57viAJuw","Pasar"
"Pasar Ikan Kedonganan","4.5","18264","Jl. Pantai Kedonganan","Kabupaten Badung","Bali","ID",,"","Pasar ikan","Restoran ikan","Restoran Seafood",,,,,,,,"https://www.google.com/maps/search/?api=1&query=Pasar%20Ikan%20Kedonganan&query_place_id=ChIJF6WOrmtE0i0RQsu3krntvGo","Pasar ikan"
"Kuta Flea Market","2.9","9","75GC+4C2, Jl. Bakung Sari","Kabupaten Badung","Bali","ID",,"","Pasar",,,,,,,,,,"https://www.google.com/maps/search/?api=1&query=Kuta%20Flea%20Market&query_place_id=ChIJ929oIr9H0i0RkctRRxdoPDM","Pasar"
"Pepito Market Sanur Intaran","4.3","1046","Jl. Cemara No.27","Kota Denpasar","Bali","ID","http://pepitosupermarket.com/","+62 817-4871-291","Toko Swalayan",,,,,,,,,,"https://www.google.com/maps/search/?api=1&query=Pepito%20Market%20Sanur%20Intaran&query_place_id=ChIJaYKZ7b9B0i0R0ryJbJvoMQo","Toko Swalayan"
"MM Market Patih Jelantik","3.7","3","Jl. Patih Jelantik No.6","Kabupaten Badung","Bali","ID",,"","Minimarket",,,,,,,,,,"https://www.google.com/maps/search/?api=1&query=MM%20Market%20Patih%20Jelantik&query_place_id=ChIJbYptkshG0i0Rr3WEtZ56yKE","Minimarket"
"The Market","4","3","Jl. Letda Made Putra No.26","Kota Denpasar","Bali","ID",,"+62 822-6544-9812","Minimarket",,,,,,,,,,"https://www.google.com/maps/search/?api=1&query=The%20Market&query_place_id=ChIJ6QyzY5BA0i0Rii8YFFRjCm4","Minimarket"
"Pepito Market Dalung","4.6","255","Jl. Raya Padang Luwih No.191","Kabupaten Badung","Bali","ID",,"+62 819-0146-6111","Toko Swalayan",,,,,,,,,,"https://www.google.com/maps/search/?api=1&query=Pepito%20Market%20Dalung&query_place_id=ChIJ_a8D5t850i0Rw0WeYIJbmxQ","Toko Swalayan"
"Panjer Traditional Market","4.5","160","Jl. Tukad Pakerisan No.6","Kota Denpasar","Bali","ID",,"","Pasar tradisional",,,,,,,,,,"https://www.google.com/maps/search/?api=1&query=Panjer%20Traditional%20Market&query_place_id=ChIJMdZzc_BA0i0R6SRfAqMVvI8","Pasar tradisional"
"Mini Market Sri Nadi","4.3","51","Jl. Bumbak Dauh","Kabupaten Badung","Bali","ID",,"+62 361 8475533","Toko Swalayan",,,,,,,,,,"https://www.google.com/maps/search/?api=1&query=Mini%20Market%20Sri%20Nadi&query_place_id=ChIJV1jL3XpH0i0RdicTlkZ7m5I","Toko Swalayan"
"DENPASAR MUM FOOD MARKET","4.5","1177","85CQ+4W2, Jl. Mahendradatta","Kota Denpasar","Bali","ID",,"+62 819-3558-4221","Pujasera",,,,,,,,,,"https://www.google.com/maps/search/?api=1&query=DENPASAR%20MUM%20FOOD%20MARKET&query_place_id=ChIJVUaY18xA0i0R8kWCjMpnk6M","Pujasera"
"ᬕ᭄ᬭᭀᬚᭀᬕᬦ᭄᭟ Grojogan waterfall","3.7","32",,"Kabupaten Jembrana","Bali","ID",,"","Tujuan Wisata",,,,,,,,,,"https://www.google.com/maps/search/?api=1&query=%E1%AC%95%E1%AD%84%E1%AC%AD%E1%AD%80%E1%AC%9A%E1%AD%80%E1%AC%95%E1%AC%A6%E1%AD%84%E1%AD%9F%20Grojogan%20waterfall&query_place_id=ChIJCwz_pkRd0S0RVBkZak6GIng","Tujuan Wisata"
"YMC Waterfall","4.2","29","JPXC+473","Kabupaten Jembrana","Bali","ID",,"","Tujuan Wisata",,,,,,,,,,"https://www.google.com/maps/search/?api=1&query=YMC%20Waterfall&query_place_id=ChIJGaWDzaV90S0RZr69qpWpa2g","Tujuan Wisata"
"Waterfall Pengumbahan","4.4","15",,"Kabupaten Buleleng","Bali","ID",,"+62 812-3937-397","Tujuan Wisata",,,,,,,,,,"https://www.google.com/maps/search/?api=1&query=Waterfall%20Pengumbahan&query_place_id=ChIJ_RyVnjNv0S0RKeZTEQ4RPmw","Tujuan Wisata"
"Sidi Tapa Waterfall","4.5","19","JPV4+X45","Kabupaten Jembrana","Bali","ID",,"","Tujuan Wisata",,,,,,,,,,"https://www.google.com/maps/search/?api=1&query=Sidi%20Tapa%20Waterfall&query_place_id=ChIJEYW3EEBj0S0RDSMFKEaVRG0","Tujuan Wisata"
"Air Terjun Sumberkima","4.2","26",,"Kabupaten Buleleng","Bali","ID",,"+62 855-3399-251","Tujuan Wisata",,,,,,,,,,"https://www.google.com/maps/search/?api=1&query=Air%20Terjun%20Sumberkima&query_place_id=ChIJ9-wCfu1j0S0Ro-OJEFDcqfg","Tujuan Wisata"
"Air Terjun Grojogan Yehembang Kauh (entrance)","4.4","32","Jl. Abimanyu","Kabupaten Jembrana","Bali","ID",,"+62 859-3518-8928","Tujuan Wisata",,,,,,,,,,"https://www.google.com/maps/search/?api=1&query=Air%20Terjun%20Grojogan%20Yehembang%20Kauh%20(entrance)&query_place_id=ChIJ6YBMw3J90S0R7gcdJFZOnfs","Tujuan Wisata"
"Obyek Wisata Alam Green Cliff","4.1","176","Unnamed Road","Kabupaten Jembrana","Bali","ID",,"","Tujuan Wisata",,,,,,,,,,"https://www.google.com/maps/search/?api=1&query=Obyek%20Wisata%20Alam%20Green%20Cliff&query_place_id=ChIJmRCiDhDW0y0RU1oXa0WcPPw","Tujuan Wisata"
"Air Terjun Yeh Buah","4.5","28",,"Kabupaten Jembrana","Bali","ID",,"","Tujuan Wisata",,,,,,,,,,"https://www.google.com/maps/search/?api=1&query=Air%20Terjun%20Yeh%20Buah&query_place_id=ChIJhWrsmHJ90S0RpshgZijK_qI","Tujuan Wisata"
"Air Terjun Kayangan Sawe","4.3","12","MJ8Q+VRH, Jl. Sawe Rangsasa","Kabupaten Jembrana","Bali","ID",,"","Tujuan Wisata",,,,,,,,,,"https://www.google.com/maps/search/?api=1&query=Air%20Terjun%20Kayangan%20Sawe&query_place_id=ChIJ3Rc_Ajdi0S0RfKwLa2cND6U","Tujuan Wisata"
"Air Terjun Yeh Mesee","4.5","10","PMHP+VXR","Kabupaten Jembrana","Bali","ID",,"","Tujuan Wisata",,,,,,,,,,"https://www.google.com/maps/search/?api=1&query=Air%20Terjun%20Yeh%20Mesee&query_place_id=ChIJPcEt-aZl0S0RXuKUmniJGnA","Tujuan Wisata"
"Air Terjun Tinga Tinga","5","6","QR6P+XPF","Kabupaten Buleleng","Bali","ID",,"","Cagar Alam",,,,,,,,,,"https://www.google.com/maps/search/?api=1&query=Air%20Terjun%20Tinga%20Tinga&query_place_id=ChIJcaLGMLF50S0REIMOJI5IYZA","Cagar Alam"
"Grokgak Dam","4.4","297",,"Kabupaten Buleleng","Bali","ID",,"","Tujuan Wisata",,,,,,,,,,"https://www.google.com/maps/search/?api=1&query=Grokgak%20Dam&query_place_id=ChIJ33SyQGp60S0RAYwlA0UlFOE","Tujuan Wisata"
"Air Terjun Juwuk Manis","4.5","242",,"Kabupaten Jembrana","Bali","ID",,"","Tujuan Wisata",,,,,,,,,,"https://www.google.com/maps/search/?api=1&query=Air%20Terjun%20Juwuk%20Manis&query_place_id=ChIJG0Emrisr0i0Rg4y7n_yZ1M4","Tujuan Wisata"
"Gallery Art Of Live","4.8","6","R2QH+F5X, Jl. Raya Lovina-Singaraja","Kabupaten Buleleng","Bali","ID",,"+62 813-3845-9153","Museum",,,,,,,,,,"https://www.google.com/maps/search/?api=1&query=Gallery%20Art%20Of%20Live&query_place_id=ChIJZ54zLXub0S0R6Iw2Buh76_0","Museum"
"Griya Gede Dharma Kemenuh","4.2","17","JMJ8+WMG, Jl. Raya Denpasar - Gilimanuk","Kabupaten Jembrana","Bali","ID",,"+62 819-2959-6397","Museum",,,,,,,,,,"https://www.google.com/maps/search/?api=1&query=Griya%20Gede%20Dharma%20Kemenuh&query_place_id=ChIJtaX8D7zZ0y0Rr6Oyg4B-aKk","Museum"
"Air Terjun Bidadari, Jembrana","4.4","30","MJ4V+W75, Jl. Sawe Rangsasa","Kabupaten Jembrana","Bali","ID",,"","Taman Rekreasi Air","Tujuan Wisata",,,,,,,,,"https://www.google.com/maps/search/?api=1&query=Air%20Terjun%20Bidadari%2C%20Jembrana&query_place_id=ChIJq6qqf0Bi0S0R2lumMt7GEd8","Taman Rekreasi Air"
"Taman Beratan Pemuteran","4.4","5","VJ8V+PWG, Jln. Bukir Ser","Kabupaten Buleleng","Bali","ID",,"+62 813-3723-6623","Taman Rekreasi Air",,,,,,,,,,"https://www.google.com/maps/search/?api=1&query=Taman%20Beratan%20Pemuteran&query_place_id=ChIJTV3tDwVv0S0Ri6X2MsdUP-4","Taman Rekreasi Air"
"Tajen Merta Sari","4.3","10","JJGC+P45 Merta sari","Kabupaten Jembrana","Bali","ID",,"","Taman Hiburan",,,,,,,,,,"https://www.google.com/maps/search/?api=1&query=Tajen%20Merta%20Sari&query_place_id=ChIJw5RbA3LZ0y0Rz87VZBu5jGs","Taman Hiburan"
"Taman Prasasti","4.1","165","MJ49+FX3","Kabupaten Jembrana","Bali","ID",,"+62 813-5768-1192","Taman Hiburan","Taman","Taman bermain","Tujuan Wisata",,,,,,,"https://www.google.com/maps/search/?api=1&query=Taman%20Prasasti&query_place_id=ChIJ9adshiBi0S0Rl9QJj7O75TQ","Taman Hiburan"
"Nyiur Melambai Family Park","4.2","139",,"Kabupaten Jembrana","Bali","ID",,"+62 819-0410-4266","Kolam Renang Umum","Taman Rekreasi Air",,,,,,,,,"https://www.google.com/maps/search/?api=1&query=Nyiur%20Melambai%20Family%20Park&query_place_id=ChIJ0T_26dpd0S0R8EpRq11szjA","Kolam Renang Umum"
"Lovina Dolphin Watching","4.7","747","Jl. Seririt- Singaraja","Kabupaten Buleleng","Bali","ID","https://lovinadolphinwatching.com/","+62 877-6271-8933","Tujuan Wisata",,,,,,,,,,"https://www.google.com/maps/search/?api=1&query=Lovina%20Dolphin%20Watching&query_place_id=ChIJH6Vhr8-b0S0RjulWoeAgfx4","Tujuan Wisata"
"Lovina Marine Tourism","4.8","4","R2Q9+G2F","Kabupaten Buleleng","Bali","ID","https://lovinamarinetourism.com/","+62 812-3691-0402","Tujuan Wisata",,,,,,,,,,"https://www.google.com/maps/search/?api=1&query=Lovina%20Marine%20Tourism&query_place_id=ChIJV8-KfAub0S0RaS15kVVZ0mA","Tujuan Wisata"
"Dolphin Sunrise Lovina","4.9","113",,"Kabupaten Buleleng","Bali","ID","https://dolphinsunriselovina.com/","+62 821-4418-8798","Tujuan Wisata","Agen Tur Kapal","Biro Wisata Bawah Laut","Agen Tur Keliling Kota","Penyelenggara Perjalanan","Pusat Informasi Pariwisata","Layanan Transportasi","Biro Perjalanan dan Wisata","Agen Wisata Paus",,"https://www.google.com/maps/search/?api=1&query=Dolphin%20Sunrise%20Lovina&query_place_id=ChIJNz38YzWb0S0RJQr0GOJ0RpY","Tujuan Wisata"
"Belimbing Rice Terraces","4.7","675","Suradadi, Belimbing Village, Tabanan 82361, Jl. Raya Belimbing","Kabupaten Tabanan","Bali","ID",,"+62 813-3868-6995","Tujuan Wisata",,,,,,,,,,"https://www.google.com/maps/search/?api=1&query=Belimbing%20Rice%20Terraces&query_place_id=ChIJyfzdNDMp0i0Rq-IGpWnANhU","Tujuan Wisata"
"wisata lumba lumba lovina_dolphin35","4.9","126","Jln. Seririt Singaraja, Kaliasem, Lovina","Kabupaten Buleleng","Bali","ID","https://instagram.com/lovina_dolphin35?igshid=NjIwNzIyMDk2Mg==","","Tujuan Wisata",,,,,,,,,,"https://www.google.com/maps/search/?api=1&query=wisata%20lumba%20lumba%20lovina_dolphin35&query_place_id=ChIJoU6-4lyb0S0RhO0RFdD4lH8","Tujuan Wisata"
"Dolphin Tour West Bali and Turtle Hatchery Spot","5","1","RV6W+8P6","Kabupaten Buleleng","Bali","ID","http://dolphintourwestbali.com/","+62 817-9709-677","Tujuan Wisata",,,,,,,,,,"https://www.google.com/maps/search/?api=1&query=Dolphin%20Tour%20West%20Bali%20and%20Turtle%20Hatchery%20Spot&query_place_id=ChIJKwolZIl50S0RvXC0XZp5q2A","Tujuan Wisata"
"SEAMIND DOLPHIN SWIM","4.8","229",,"Kabupaten Buleleng","Bali","ID","https://seamindexperience.com/","+34 635 78 22 06","Tujuan Wisata","Agen Tur Kapal","Penyelenggara aktivitas luar ruangan","Biro Wisata Bawah Laut",,,,,,,"https://www.google.com/maps/search/?api=1&query=SEAMIND%20DOLPHIN%20SWIM&query_place_id=ChIJc6z0s42b0S0RinZJQbYdXkI","Tujuan Wisata"
"( Putra Lovina Bali Tourism information )",,,"Permai Scuba Dive, Jl. Mawar Jl. Desa Kalibukbuk-Anturan","Kabupaten Buleleng","Bali","ID",,"+62 821-4572-6682","Tujuan Wisata","Layanan informasi","Agensi wisata olahraga",,,,,,,,"https://www.google.com/maps/search/?api=1&query=(%20Putra%20Lovina%20Bali%20Tourism%20information%20)&query_place_id=ChIJYWRpUAKb0S0Rvdhuf-lzIPM","Tujuan Wisata"
"Aqila Dolphin Tour","5","17",,"Kabupaten Buleleng","Bali","ID","https://aqilalovinadolphintour.com/","+62 813-3823-2893","Tujuan Wisata",,,,,,,,,,"https://www.google.com/maps/search/?api=1&query=Aqila%20Dolphin%20Tour&query_place_id=ChIJd7GxofKb0S0RTGsnaHnjHZk","Tujuan Wisata"
"Baboon Menjangan","5","31","VH6C+MWX","Kabupaten Buleleng","Bali","ID","https://baboonmenjangan.com/","+62 813-3060-0366","Tujuan Wisata","Biro Wisata Bawah Laut","Agensi wisata olahraga","Biro Wisata","Pusat Informasi Pariwisata",,,,,,"https://www.google.com/maps/search/?api=1&query=Baboon%20Menjangan&query_place_id=ChIJeW0GRXRp0S0RDl7uJObdpeE","Tujuan Wisata"
"Air Terjun Sing Sing","3.6","204","R282+38Q","Kabupaten Buleleng","Bali","ID",,"","Tujuan Wisata",,,,,,,,,,"https://www.google.com/maps/search/?api=1&query=Air%20Terjun%20Sing%20Sing&query_place_id=ChIJKefNPKqE0S0R5Szactj6_bo","Tujuan Wisata"
"Wisata Dolphin Tour Lovina North Bali",,,,"Kabupaten Buleleng","Bali","ID",,"+62 877-6286-1888","Tujuan Wisata",,,,,,,,,,"https://www.google.com/maps/search/?api=1&query=Wisata%20Dolphin%20Tour%20Lovina%20North%20Bali&query_place_id=ChIJ5zN1zXab0S0RGYkm9noMU-g","Tujuan Wisata"
"pantai kelapa satu",,,"VJ8M+PP","Kabupaten Buleleng","Bali","ID",,"","Area Rekreasi Alam",,,,,,,,,,"https://www.google.com/maps/search/?api=1&query=pantai%20kelapa%20satu&query_place_id=ChIJeacl5vZv0S0R5fzg7u4jr6g","Area Rekreasi Alam"
"ᬘᬦ᭄ᬤᬶᬕᭂᬮᬸᬂᬓᭀᬭᬶᬕᬶᬮᬶᬫᬦᬸᬓ᭄᭟ Candi Gelung Kori Gilimanuk","4.7","183","RC9Q+Q9Q, Jl. Raya Denpasar - Gilimanuk","Kabupaten Jembrana","Bali","ID",,"","Bangunan Bersejarah",,,,,,,,,,"https://www.google.com/maps/search/?api=1&query=%E1%AC%98%E1%AC%A6%E1%AD%84%E1%AC%A4%E1%AC%B6%E1%AC%95%E1%AD%82%E1%AC%AE%E1%AC%B8%E1%AC%82%E1%AC%93%E1%AD%80%E1%AC%AD%E1%AC%B6%E1%AC%95%E1%AC%B6%E1%AC%AE%E1%AC%B6%E1%AC%AB%E1%AC%A6%E1%AC%B8%E1%AC%93%E1%AD%84%E1%AD%9F%20Candi%20Gelung%20Kori%20Gilimanuk&query_place_id=ChIJkzTMnnlD0S0Rx1iymT_17tY","Bangunan Bersejarah"
"Teluk Gilimanuk","4.6","756","Jl. Curik","Kabupaten Jembrana","Bali","ID",,"","Tujuan Wisata",,,,,,,,,,"https://www.google.com/maps/search/?api=1&query=Teluk%20Gilimanuk&query_place_id=ChIJzcZSpI9D0S0RNP_ehD1NHxw","Tujuan Wisata"
"Jayax Putra Park Generation","4","10","PFRR+V4W, tengah kelod,","Kabupaten Jembrana","Bali","ID",,"+62 857-3746-2785","Taman Nasional",,,,,,,,,,"https://www.google.com/maps/search/?api=1&query=Jayax%20Putra%20Park%20Generation&query_place_id=ChIJI1VUM6Rd0S0R_222gXvImbs","Taman Nasional"
"Goa Raksasa Dusun Kerta","5","2","H26P+P2M","Kabupaten Tabanan","Bali","ID",,"","Area Rekreasi Alam",,,,,,,,,,"https://www.google.com/maps/search/?api=1&query=Goa%20Raksasa%20Dusun%20Kerta&query_place_id=ChIJB_G05sMv0i0RYfuaoMujv5Y","Area Rekreasi Alam"
"Pulau Menjangan","4.7","386",,"Kabupaten Buleleng","Bali","ID",,"","Pulau",,,,,,,,,,"https://www.google.com/maps/search/?api=1&query=Pulau%20Menjangan&query_place_id=ChIJ7V2Gq9FB0S0RyTto_JmLUV4","Pulau"
"Gili Kisik Sumberkima","4.2","6","VJG5+RMW",,,"ID",,"","Area Rekreasi Alam",,,,,,,,,,"https://www.google.com/maps/search/?api=1&query=Gili%20Kisik%20Sumberkima&query_place_id=ChIJMSv0ithr0S0RenN5bMpJgyc","Area Rekreasi Alam"
"POS KEUN","5","1","PFRX+XPC, Jl. Melaya Tengah Kaja","Kabupaten Jembrana","Bali","ID",,"","Hutan Nasional",,,,,,,,,,"https://www.google.com/maps/search/?api=1&query=POS%20KEUN&query_place_id=ChIJwW2FSuld0S0RPUuKiaOQob0","Hutan Nasional"
"West Bali Tracking and Snorkeling","1","1",,"Kabupaten Buleleng","Bali","ID",,"+62 852-5371-5022","Area Rekreasi Alam",,,,,,,,,,"https://www.google.com/maps/search/?api=1&query=West%20Bali%20Tracking%20and%20Snorkeling&query_place_id=ChIJ3Sv-4_Vp0S0R4lSl1QJkE6E","Area Rekreasi Alam"
